generic,mission,sample_type,sample_subtype,original_weight_g,pristinity_pct,station,landmark,generic_description,has_pds_photos,n_pds_photos,n_pds_jpegs,has_compendium,compendium_url,has_thin_section,has_3d_scan,has_display,is_osd476_regolith
10001,Apollo 11,Soil,Unsieved,125.8,88.355,,,"Fines, Unsieved",False,0,0,False,,False,False,False,False
10002,Apollo 11,Soil,Unsieved,5629.0,93.734,,,"Fines, Unsieved",True,37,37,True,https://curator.jsc.nasa.gov/lunar/lsc/10002.pdf,True,False,False,False
10003,Apollo 11,Basalt,Ilmenite,213.0,65.562,,,"low K, medium-grained, ophitic, few vugs, cristobalite",True,70,70,True,https://curator.jsc.nasa.gov/lunar/lsc/10003.pdf,True,False,False,False
10004,Apollo 11,Core,Unsieved,44.8,71.757,LM,,"Core, Unsieved",True,143,143,True,https://curator.jsc.nasa.gov/lunar/lsc/10004.pdf,True,False,False,False
10005,Apollo 11,Core,Unsieved,53.4,40.305,LM,,"Core, Unsieved",True,41,41,True,https://curator.jsc.nasa.gov/lunar/lsc/10005.pdf,True,False,False,False
10006,Apollo 11,Unclassified,,0.0,0.0,,,,False,0,0,False,,False,False,False,False
10007,Apollo 11,Unclassified,,0.0,0.0,,,,False,0,0,False,,False,False,False,False
10008,Apollo 11,Soil,Unsieved,89.0,5.747,,,"Fines, Unsieved",False,0,0,False,,False,False,False,False
10009,Apollo 11,Breccia,Regolith,112.0,97.274,,,"tough, few clasts, hackly surfaces",True,9,9,True,https://curator.jsc.nasa.gov/lunar/lsc/10009.pdf,True,False,False,False
10010,Apollo 11,Soil,Unsieved,491.0,91.03,,,"Fines, Unsieved",True,18,18,True,https://curator.jsc.nasa.gov/lunar/lsc/10010.pdf,True,False,False,False
10011,Apollo 11,Soil,Unsieved,82.6,62.01,,,"Fines, Unsieved",False,0,0,False,,False,False,False,False
10012,Apollo 11,Unclassified,,0.0,0.0,,,,False,0,0,False,,False,False,False,False
10014,Apollo 11,Soil,Unsieved,50.0,0.0,,,"Fines, Unsieved",False,0,0,False,,False,False,False,False
10015,Apollo 11,Soil ,Unsieved,0.395,35.44,,,"Fines, Unsieved",True,12,12,False,,False,False,False,False
10017,Apollo 11,Basalt,Ilmenite,973.0,43.711,,,"high K, fine-grained, olivine, few vesicles and vugs",True,120,120,True,https://curator.jsc.nasa.gov/lunar/lsc/10017.pdf,True,True,True,False
10018,Apollo 11,Breccia,Regolith,213.0,97.714,,,"coherent, few clasts, highly variable",True,68,68,True,https://curator.jsc.nasa.gov/lunar/lsc/10018.pdf,True,False,False,False
10019,Apollo 11,Breccia,Regolith,297.0,81.549,,,"high vesicular, fine-grained, few clasts, variable types",True,98,98,True,https://curator.jsc.nasa.gov/lunar/lsc/10019.pdf,True,False,False,False
10020,Apollo 11,Basalt,Ilmenite,425.0,27.881,,,"low K, fine-grained, subophitic to intergranular, moderate vesicles & vugs, cristobalite, large olivine",True,76,76,True,https://curator.jsc.nasa.gov/lunar/lsc/10020.pdf,True,False,True,False
10021,Apollo 11,Breccia,Regolith,250.0,30.205,,,"glass matrix, friable, few large clasts, glass spheres",True,38,38,True,https://curator.jsc.nasa.gov/lunar/lsc/10021.pdf,True,True,False,False
10022,Apollo 11,Basalt,Ilmenite,95.59,42.19,,,"high K, fine-grained, subophitic, many large vesicles",True,68,68,True,https://curator.jsc.nasa.gov/lunar/lsc/10022.pdf,True,True,False,False
10023,Apollo 11,Breccia,Regolith,66.0,29.153,,,"random fractures, poorly indurated, few clasts",True,38,38,True,https://curator.jsc.nasa.gov/lunar/lsc/10023.pdf,True,False,False,False
10024,Apollo 11,Basalt,Ilmenite,68.12,40.057,,,"high K, medium-grained, intergranular, few vugs",True,37,37,True,https://curator.jsc.nasa.gov/lunar/lsc/10024.pdf,True,False,False,False
10025,Apollo 11,Breccia,Regolith,8.59,0.0,,,"friable, few large clasts some small ones, basalt clasts",True,16,16,True,https://curator.jsc.nasa.gov/lunar/lsc/10025.pdf,True,False,False,False
10026,Apollo 11,Breccia,Regolith,9.247,0.0,,,few small to large clasts,True,17,17,True,https://curator.jsc.nasa.gov/lunar/lsc/10026.pdf,True,False,False,False
10027,Apollo 11,Breccia,Regolith,8.87,0.0,,,few small to large clasts,True,21,21,False,,True,False,False,False
10028,Apollo 11,Breccia,Regolith,3.53,85.89,,,few small to large clasts,True,14,14,False,,True,False,False,False
10029,Apollo 11,Basalt,Ilmenite,5.53,0.0,,,"low K, medium-grained, ophitic, olivine in pyroxene",True,5,5,True,https://curator.jsc.nasa.gov/lunar/lsc/10029.pdf,True,False,False,False
10030,Apollo 11,Breccia,Regolith,1.81,96.69,,,"coherent, few clasts, 1.7 gram rock",True,14,14,False,,False,False,False,False
10031,Apollo 11,Basalt,Ilmenite,2.7,90.741,,,"high K, vitrophyre, fine-grained to glassy groundmass, olivine & armalcolite w/ ilmenite phenocrysts",True,2,2,True,https://curator.jsc.nasa.gov/lunar/lsc/10031.pdf,True,False,False,False
10032,Apollo 11,Basalt,Ilmenite,3.13,0.0,,,"high K, fine-grained, sl vesicles, olivine, pigeonite to augite, anorthositic",True,18,18,True,https://curator.jsc.nasa.gov/lunar/lsc/10032.pdf,True,False,False,False
10033,Apollo 11,Soil,Unsieved,1.12,0.0,,,"Fines, Unsieved",False,0,0,False,,False,False,False,False
10035,Apollo 11,Unclassified,,0.31,100.0,,,,False,0,0,False,,False,False,False,False
10037,Apollo 11,Unclassified,,0.0,0.0,,,,False,0,0,False,,False,False,False,False
10038,Apollo 11,Unclassified,,0.0,0.0,,,,False,0,0,False,,False,False,False,False
10044,Apollo 11,Basalt,Cristobalite,247.5,50.43,,,"low K, medium-grained, ophitic, vugs, cristobalite",True,89,89,True,https://curator.jsc.nasa.gov/lunar/lsc/10044.pdf,True,False,False,False
10045,Apollo 11,Basalt,Olivine,185.0,12.126,,,"low K, fine-grained, ophitic, few vugs, few vesicles, olivine, pyroxene, anorthite, ilmenite",True,67,67,True,https://curator.jsc.nasa.gov/lunar/lsc/10045.pdf,True,False,True,False
10046,Apollo 11,Breccia,Regolith,663.0,65.601,,,"friable, lots of agglutinates",True,94,94,True,https://curator.jsc.nasa.gov/lunar/lsc/10046.pdf,True,False,False,False
10047,Apollo 11,Basalt,Ilmenite,138.0,33.493,,,"low K, medium-grained, ophitic, few vugs, olivine in pyroxene",True,63,63,True,https://curator.jsc.nasa.gov/lunar/lsc/10047.pdf,True,False,True,False
10048,Apollo 11,Breccia,Regolith,579.0,63.969,,,"coherent, vitric, glass matrix",True,86,86,True,https://curator.jsc.nasa.gov/lunar/lsc/10048.pdf,True,False,False,False
10049,Apollo 11,Basalt,Ilmenite,193.0,70.134,,,"high K, very fine-grained, intergranular, vesicular to vuggy, pyroxene, anorthositic, ilmenite",True,77,77,True,https://curator.jsc.nasa.gov/lunar/lsc/10049.pdf,True,False,False,False
10050,Apollo 11,Basalt,Ilmenite,114.5,49.052,,,"low K, medium-grained, subophitic to ophitic, vesicular to vuggy, microgabbro, olivine, pyroxene, anorthositic, ilmenite, cristobalite, xenoliths",True,46,46,True,https://curator.jsc.nasa.gov/lunar/lsc/10050.pdf,True,False,False,False
10054,Apollo 11,Soil,Unsieved,0.0,0.0,,,"Fines, Unsieved",False,0,0,False,,False,False,False,False
10056,Apollo 11,Breccia,Regolith,185.04,95.849,,,"tough, large anorthosite clast",True,69,69,True,https://curator.jsc.nasa.gov/lunar/lsc/10056.pdf,True,False,False,False
10057,Apollo 11,Basalt,Ilmenite,919.0,35.145,,,"high K, subophitic to intergranular, many vesicles, pyroxene, anorthositic, ilmenite, cristobalite",True,84,84,True,https://curator.jsc.nasa.gov/lunar/lsc/10057.pdf,True,False,True,False
10058,Apollo 11,Basalt,Ilmenite,282.0,87.947,,,"low K, medium-grained, ophitic, few vugs, olivine in pyroxene, pyroxene, ilmenite, anorthite, cristobalite",True,60,60,True,https://curator.jsc.nasa.gov/lunar/lsc/10058.pdf,True,False,False,False
10059,Apollo 11,Breccia,Regolith,188.0,36.942,,,"coherent, vitric, glass matrix",True,66,66,True,https://curator.jsc.nasa.gov/lunar/lsc/10059.pdf,True,False,False,False
10060,Apollo 11,Breccia,Regolith,722.0,82.759,,,"friable, many agglutinates",True,81,81,True,https://curator.jsc.nasa.gov/lunar/lsc/10060.pdf,True,False,False,False
10061,Apollo 11,Breccia,Regolith,346.0,68.67,,,"friable, few small clasts",True,57,57,True,https://curator.jsc.nasa.gov/lunar/lsc/10061.pdf,True,False,False,False
10062,Apollo 11,Basalt,Ilmenite,78.5,35.073,,,"low K, medium-grained, ophitic, few vugs, olivine, pyroxene, anorthositic, cristobalite",True,54,54,True,https://curator.jsc.nasa.gov/lunar/lsc/10062.pdf,True,False,False,False
10063,Apollo 11,Breccia,Regolith,148.0,92.596,,,large mare basalts clasts,True,23,23,True,https://curator.jsc.nasa.gov/lunar/lsc/10063.pdf,True,False,False,False
10064,Apollo 11,Breccia,Regolith,65.0,75.602,,,few large clasts,True,16,16,True,https://curator.jsc.nasa.gov/lunar/lsc/10064.pdf,True,False,False,False
10065,Apollo 11,Breccia,Regolith,347.0,66.47,,,"coherent, vitric, glass matrix, few clasts",True,57,57,True,https://curator.jsc.nasa.gov/lunar/lsc/10065.pdf,True,False,False,False
10066,Apollo 11,Breccia,Regolith,40.0,93.05,,,"few clasts, many agglutinates",True,20,20,False,,True,False,False,False
10067,Apollo 11,Breccia,Regolith,69.3,68.918,,,several clasts,True,28,28,True,https://curator.jsc.nasa.gov/lunar/lsc/10067.pdf,True,False,False,False
10068,Apollo 11,Breccia,Regolith,218.0,67.228,,,"few clasts, many agglutinates",True,30,30,True,https://curator.jsc.nasa.gov/lunar/lsc/10068.pdf,True,False,False,False
10069,Apollo 11,Basalt,Ilmenite,119.5,61.09,,,"high K, very fine-grained, intergranular, vesicles, pyroxene, anorthositic, ilmenite",True,42,42,True,https://curator.jsc.nasa.gov/lunar/lsc/10069.pdf,True,False,False,False
10070,Apollo 11,Breccia,Regolith,60.16,112.5,,,"few clasts, many agglutinates",True,21,21,True,https://curator.jsc.nasa.gov/lunar/lsc/10070.pdf,True,False,False,False
10071,Apollo 11,Basalt,Ilmenite,189.5,68.016,,,"high K, fine-grained, intergranular, large vesicles, olivine in pyroxene, pyroxene, anorthositic, armalcolite",True,42,42,True,https://curator.jsc.nasa.gov/lunar/lsc/10071.pdf,True,False,False,False
10072,Apollo 11,Basalt,Ilmenite,447.0,15.215,,,"high K, fine-grained, subophitic, large vesicles, olivine, pyroxene, cristobalite, armalcolite, plagioclase, ilmenite",True,77,77,True,https://curator.jsc.nasa.gov/lunar/lsc/10072.pdf,True,False,True,False
10073,Apollo 11,Breccia,Regolith,124.5,64.251,,,"few clasts, many agglutinates",True,37,37,True,https://curator.jsc.nasa.gov/lunar/lsc/10073.pdf,True,False,False,False
10074,Apollo 11,Breccia,Regolith,55.5,99.117,,,several clasts,True,22,22,True,https://curator.jsc.nasa.gov/lunar/lsc/10074.pdf,True,False,False,False
10075,Apollo 11,Breccia,Regolith,53.0,67.66,,,"few clasts, many agglutinates, few large clasts",True,19,19,True,https://curator.jsc.nasa.gov/lunar/lsc/10075.pdf,True,False,False,False
10077,Apollo 11,Unclassified,,0.0,0.0,,,,False,0,0,False,,False,False,False,False
10079,Apollo 11,Unclassified,,0.0,0.0,,,,False,0,0,False,,False,False,False,False
10082,Apollo 11,Breccia,Regolith,50.5,93.109,,,"few clasts, many agglutinates, few large clasts",True,11,11,True,https://curator.jsc.nasa.gov/lunar/lsc/10082.pdf,True,False,False,False
10084,Apollo 11,Soil,Unsieved,3830.0,60.082,,,"Fines, Unsieved",True,5,5,True,https://curator.jsc.nasa.gov/lunar/lsc/10084.pdf,True,False,False,True
10085,Apollo 11,Soil,Unsieved,569.0,52.973,,,"Fines, Unsieved",True,70,70,True,https://curator.jsc.nasa.gov/lunar/lsc/10085.pdf,True,False,False,False
10086,Apollo 11,Soil,Unsieved,823.0,0.009,,,"Fines, Unsieved",False,0,0,True,https://curator.jsc.nasa.gov/lunar/lsc/10086.pdf,False,False,False,False
10087,Apollo 11,Soil,Unsieved,17.4,4.598,,,"Fines, Unsieved",False,0,0,False,,False,False,False,False
10089,Apollo 11,Soil,Unsieved,50.0,0.0,,,"Fines, Unsieved",False,0,0,False,,False,False,False,False
10090,Apollo 11,Soil,Unsieved,12.0,0.0,,,"Fines, Unsieved",False,0,0,False,,False,False,False,False
10091,Apollo 11,Breccia,Regolith,0.0,0.0,,,"coherent, vitric, glass matrix, few clasts",True,2,2,True,https://curator.jsc.nasa.gov/lunar/lsc/10091.pdf,False,False,False,False
10092,Apollo 11,Basalt,Ilmenite,46.0,83.92,,,"low K, intergranular, large vesicles to vuggy, olivine, pyroxene, anorthite, ilmenite, cristobalite",True,7,7,True,https://curator.jsc.nasa.gov/lunar/lsc/10092.pdf,True,False,False,False
10093,Apollo 11,Breccia,Regolith,25.85,93.114,,,"many agglutinates, few large clasts",True,9,9,True,https://curator.jsc.nasa.gov/lunar/lsc/10093.pdf,True,False,False,False
10094,Apollo 11,Breccia,Regolith,30.25,92.641,,,"few large clasts, many basaltic clasts, agglutinates, mineral clasts",True,8,8,True,https://curator.jsc.nasa.gov/lunar/lsc/10094.pdf,True,False,False,False
10100,Apollo 11,Unclassified,,0.0,0.0,,,,False,0,0,False,,False,False,False,False
10101,Apollo 11,Unclassified,,0.0,0.0,,,,False,0,0,False,,False,False,False,False
10102,Apollo 11,Unclassified,,0.0,0.0,,,,False,0,0,False,,False,False,False,False
10103,Apollo 11,Unclassified,,0.0,0.0,,,,False,0,0,False,,False,False,False,False
10104,Apollo 11,Unclassified,,0.0,0.0,,,,False,0,0,False,,False,False,False,False
12001,Apollo 12,Soil,Unsieved,2216.0,69.443,LM,,"Fines, Unsieved",True,50,50,True,https://curator.jsc.nasa.gov/lunar/lsc/12001.pdf,True,False,False,False
12002,Apollo 12,Basalt,Olivine,1530.0,49.042,,,"C, medium-grained, few vesicles & vugs, ilmenite, chromite, ulvospinel, porphyritic olivine, radiate matrix",True,160,160,True,https://curator.jsc.nasa.gov/lunar/lsc/12002.pdf,True,False,False,False
12003,Apollo 12,Soil,Unsieved,300.0,28.516,,,"Fines, Unsieved",True,28,27,True,https://curator.jsc.nasa.gov/lunar/lsc/12003.pdf,True,False,False,False
12004,Apollo 12,Basalt,Olivine,585.0,85.528,,MIDDLE CRESCENT CRATER,"C, medium-grained, few vesicles & vugs, ilmenite, chromite, ulvospinel, silica, porphyritic olivine, radiate matrix",True,130,130,True,https://curator.jsc.nasa.gov/lunar/lsc/12004.pdf,True,False,False,False
12005,Apollo 12,Basalt,Ilmenite,482.0,88.305,,,"C, medium to coarse-grained, none to very few vesicles & vugs, pyroxene, enclosed embayed olivine, ilmenite, chromite, ulvospinel, variable, highest Mg/Fe",True,14,14,True,https://curator.jsc.nasa.gov/lunar/lsc/12005.pdf,True,False,False,False
12006,Apollo 12,Basalt,Olivine,206.4,0.527,,,"C, medium-grained, few vugs, ilmenite, chromite, ulvospinel, subophitic, radiating feldspar laths",True,102,102,True,https://curator.jsc.nasa.gov/lunar/lsc/12006.pdf,True,False,True,False
12007,Apollo 12,Basalt,Pigeonite,65.2,72.719,,,"C, medium-grained, few vugs, ilmenite, chromite, ulvospinel, silica, porphyritic pigeonite, ophitic to radiate matrix",True,56,56,True,https://curator.jsc.nasa.gov/lunar/lsc/12007.pdf,True,False,False,False
12008,Apollo 12,Basalt,Ilmenite,58.4,57.711,,,"C, fine-grained, no vesicles & vugs, ilmenite, chromite, ulvospinel, silica, olivine porphyritic, very fine-grained to glassy matrix",True,98,98,True,https://curator.jsc.nasa.gov/lunar/lsc/12008.pdf,True,False,False,False
12009,Apollo 12,Basalt,Olivine,468.2,88.431,,,"C, fine-grained, 1 large vesicle, ilmenite, chromite, ulvospinel, vitrophyre, skeleton olivine phenocrysts in spherulite matrix",True,90,90,True,https://curator.jsc.nasa.gov/lunar/lsc/12009.pdf,True,False,False,False
12010,Apollo 12,Breccia,Regolith,360.0,87.529,,,"abundant mare basalt clasts, abundant glass fragments and solivinear wind gases, shocked mineral grains",True,100,100,True,https://curator.jsc.nasa.gov/lunar/lsc/12010.pdf,True,False,False,False
12011,Apollo 12,Basalt,Pigeonite,193.0,93.492,,,"C, medium-grained, rare vugs, ilmenite, chromite, silica, olivine & pigeonite phenocrysts, fine-grained radiate groundmass",True,30,30,True,https://curator.jsc.nasa.gov/lunar/lsc/12011.pdf,True,False,False,False
12012,Apollo 12,Basalt,Olivine,176.2,91.922,,,"C, medium-grained, no vesicles & vugs, ilmenite, chromite, silica, olivine porphyritic, subophitic groundmass",True,38,38,True,https://curator.jsc.nasa.gov/lunar/lsc/12012.pdf,True,False,False,False
12013,Apollo 12,Breccia,Fragmental,82.3,75.618,,MIDDLE CRESCENT CRATER,"unique breccia with granitic component, mixture of 2 polymict breccias, one basaltic and the other silica and K-rich",True,129,129,True,https://curator.jsc.nasa.gov/lunar/lsc/12013.pdf,True,True,False,False
12014,Apollo 12,Basalt,Olivine,159.4,91.176,,,"C, fine-grained, no vesicles & vugs, ilmenite, chromite, silica, olivine porphyritic, subophitic groundmass",True,39,39,True,https://curator.jsc.nasa.gov/lunar/lsc/12014.pdf,True,False,False,False
12015,Apollo 12,Basalt,Olivine,191.2,93.524,,MIDDLE CRESCENT CRATER,"C, fine-grained, 1 large vesicle, ilmenite, chromite, ulvospinel, vitrophyre with olivine phenocrysts",True,31,31,True,https://curator.jsc.nasa.gov/lunar/lsc/12015.pdf,True,False,False,False
12016,Apollo 12,Basalt,Ilmenite,2028.0,100.076,,,"C, medium-grained, few vesicles & vugs, olivine, ulvospinel, ilmenite, Fe metal, intersertal to subophitic, cryptocrystalline matrix",True,23,23,True,https://curator.jsc.nasa.gov/lunar/lsc/12016.pdf,True,False,False,False
12017,Apollo 12,Basalt,Pigeonite,53.0,62.445,,,"C, medium-grained, no vesicles & vugs, ilmenite, chromite, ulvospinel, silica, pigeonite phenocrysts, radiate to subophitic groundmass",False,0,0,True,https://curator.jsc.nasa.gov/lunar/lsc/12017.pdf,True,False,False,False
12018,Apollo 12,Basalt,Olivine,787.0,57.045,,,"C, medium-grained, rare vugs, ilmenite, chromite, ulvospinel, silica, large olivine and pyroxene in radiate matrix",True,94,94,True,https://curator.jsc.nasa.gov/lunar/lsc/12018.pdf,True,False,True,False
12019,Apollo 12,Basalt,Pigeonite,462.4,97.139,,,"C, medium-grained, few vesicles, skeleton olivine, ilmenite, Cr-spinel, ulvospinel, Fe metal, abundant small pigeonite phenocrysts, radiate to subophitic groundmass",True,97,93,True,https://curator.jsc.nasa.gov/lunar/lsc/12019.pdf,True,True,False,False
12020,Apollo 12,Basalt,Olivine,312.0,76.654,,,"C, medium-grained, few vugs, ilmenite, Cr-spinel, ulvospinel, silica, rounded olivine, elongated pyroxenite, radiate groundmass",False,0,0,True,https://curator.jsc.nasa.gov/lunar/lsc/12020.pdf,True,False,False,False
12021,Apollo 12,Basalt,Pigeonite,1877.0,85.775,,,"C, few vugs, radiate groundmass, plagioclase, ilmenite, ilmenite, olivine, silica, elongated pigeonite phenocrysts",True,186,186,True,https://curator.jsc.nasa.gov/lunar/lsc/12021.pdf,True,False,False,False
12022,Apollo 12,Basalt,Ilmenite,1864.0,79.757,,,"C, medium-grained, few vugs, ilmenite, silica, porphyritic, olivine and pyroxene phenocrysts, radiate groundmass",True,120,120,True,https://curator.jsc.nasa.gov/lunar/lsc/12022.pdf,True,False,True,False
12023,Apollo 12,Special,,407.9,66.891,,SHARP CRATER,LESC,False,0,0,True,https://curator.jsc.nasa.gov/lunar/lsc/12023.pdf,True,False,False,False
12024,Apollo 12,Soil,Unsieved,56.5,65.873,,SHARP CRATER,GASC,True,17,17,False,,True,False,False,False
12025,Apollo 12,Core,Unsieved,56.1,163.405,LM,HALO CRATER,Core 2010 (second EVA — top of double tube),True,43,43,False,,True,False,False,False
12026,Apollo 12,Core,Unsieved,101.4,53.278,LM,,Core 2013 (first EVA),True,41,41,True,https://curator.jsc.nasa.gov/lunar/lsc/12026.pdf,False,False,False,False
12027,Apollo 12,Core,Unsieved,80.0,48.498,LM,SHARP CRATER,Core 2011 (second EVA),True,67,67,False,,True,False,False,False
12028,Apollo 12,Core,Unsieved,189.6,27.559,LM,HALO CRATER,Core 2012 (second EVA —bottom of double tube),True,50,50,True,https://curator.jsc.nasa.gov/lunar/lsc/12028.pdf,True,False,False,False
12029,Apollo 12,Soil,Unsieved,6.5,0.0,,SURVEYOR CRATER,"Fines, Unsieved",True,4,4,True,https://curator.jsc.nasa.gov/lunar/lsc/12029.pdf,False,False,True,False
12030,Apollo 12,Soil,Unsieved,75.0,68.661,,HEAD CRATER,"Fines, Unsieved",True,53,53,True,https://curator.jsc.nasa.gov/lunar/lsc/12030.pdf,True,False,False,False
12031,Apollo 12,Basalt,Pigeonite,185.0,97.177,,HEAD CRATER,"C, medium-grained, few vugs, ilmenite, tridymite, pyroxferroite, pyroxene-feldspar intergrowths, dendritic ilmenite",True,84,84,True,https://curator.jsc.nasa.gov/lunar/lsc/12031.pdf,True,False,False,False
12032,Apollo 12,Soil,Unsieved,310.5,69.515,,BENCH CRATER,"Fines, Unsieved",True,53,53,True,https://curator.jsc.nasa.gov/lunar/lsc/12032.pdf,True,False,False,False
12033,Apollo 12,Soil,Unsieved,450.0,68.265,,HEAD CRATER,"Fines, Unsieved",True,49,49,True,https://curator.jsc.nasa.gov/lunar/lsc/12033.pdf,True,False,False,False
12034,Apollo 12,Breccia,Regolith,155.0,90.615,,HEAD CRATER,"fragmental, abundant glass, mineral fragments, KREEP glass and lithic fragments, from distant source",True,155,155,True,https://curator.jsc.nasa.gov/lunar/lsc/12034.pdf,True,False,False,False
12035,Apollo 12,Basalt,Olivine,71.0,48.544,,BENCH CRATER,"C, medium to coarse-grained, many vugs, Cr-spinel, ilmenite, large olivine and pyroxene with poikilitic  plagioclase",True,54,54,True,https://curator.jsc.nasa.gov/lunar/lsc/12035.pdf,True,False,False,False
12036,Apollo 12,Basalt,Olivine,75.0,73.007,,BENCH CRATER,"C, medium to coarse-grained, many vugs, high K, glass intersitital, K-spar, large olivine and pyroxene with poikilitic  plagioclase, very much like 12035",True,71,71,True,https://curator.jsc.nasa.gov/lunar/lsc/12036.pdf,True,False,False,False
12037,Apollo 12,Soil,Unsieved,145.0,74.746,,BENCH CRATER,"Fines, Unsieved",True,42,42,True,https://curator.jsc.nasa.gov/lunar/lsc/12037.pdf,True,False,False,False
12038,Apollo 12,Basalt,Feldspathic,746.0,80.5,,BENCH CRATER,"C, medium-grained, many vugs, ilmenite, sris, chromite, Fe metal, fayalite, K-feldspar, intersertal to subophitic",True,129,129,True,https://curator.jsc.nasa.gov/lunar/lsc/12038.pdf,True,True,False,False
12039,Apollo 12,Basalt,Pigeonite,255.0,90.374,,BENCH CRATER,"C, medium-grained, few vugs, ilmenite, tridymite, cristobalite, Fe metal, pyroxene phenocrysts, subophitic matrix",True,69,60,True,https://curator.jsc.nasa.gov/lunar/lsc/12039.pdf,True,False,False,False
12040,Apollo 12,Basalt,Olivine,319.0,71.111,,BENCH CRATER,"C, medium-grained, few large vugs, ilmenite, chromite, ulvospinel, silica, small olivine, larger augite-pigeonite, elongated plagioclase",True,109,109,True,https://curator.jsc.nasa.gov/lunar/lsc/12040.pdf,True,False,False,False
12041,Apollo 12,Soil,Unsieved,19.3,41.399,,BENCH CRATER,"Fines, Unsieved",True,30,30,True,https://curator.jsc.nasa.gov/lunar/lsc/12041.pdf,True,False,False,False
12042,Apollo 12,Soil,Unsieved,255.0,61.641,,SURVEYOR CRATER,"Fines, Unsieved",True,31,31,True,https://curator.jsc.nasa.gov/lunar/lsc/12042.pdf,True,False,False,False
12043,Apollo 12,Basalt,Pigeonite,60.0,94.825,,SURVEYOR CRATER,"C, medium-grained, few vesicles, ilmenite, chromite, ulvospinel, silica, pigeonite phenocrysts, subophitic to radiate groundmass",True,38,38,True,https://curator.jsc.nasa.gov/lunar/lsc/12043.pdf,True,False,False,False
12044,Apollo 12,Soil,Unsieved,92.0,99.17,,SURVEYOR CRATER,"Fines, Unsieved",True,89,89,True,https://curator.jsc.nasa.gov/lunar/lsc/12044.pdf,True,False,False,False
12045,Apollo 12,Basalt,Ilmenite,63.0,83.91,,BLOCK CRATER,"C, fine-grained, vesicles & vugs, ilmenite, silica, troilite, Fe metal, olivine phenocrysts, radiate matrix",True,43,43,True,https://curator.jsc.nasa.gov/lunar/lsc/12045.pdf,True,False,False,False
12046,Apollo 12,Basalt,Ilmenite,166.0,96.586,,BLOCK CRATER,"C, medium-grained, few vesicles, olivine, chromite, ulvospinel, ilmenite, silica, ophitic to subophitic",True,89,89,True,https://curator.jsc.nasa.gov/lunar/lsc/12046.pdf,True,False,False,False
12047,Apollo 12,Basalt,Ilmenite,193.0,33.699,,BLOCK CRATER,"C, medium-grained, few vesicles, ilmenite, silica, chromite, ulvospinel, subophitic, ilmenite and  feldspar laths",True,112,102,True,https://curator.jsc.nasa.gov/lunar/lsc/12047.pdf,True,False,True,False
12048,Apollo 12,Soil,Unsieved,136.0,1.01,,,"Fines, Unsieved",True,40,40,False,,True,False,False,False
12050,Apollo 12,Breccia,Unclassified,1.0,0.0,,,Chip for organic analysis,False,0,0,False,,False,False,False,False
12051,Apollo 12,Basalt,Ilmenite,1660.0,87.534,,SURVEYOR CRATER,"C, medium-grained, few vesicles & vugs, ilmenite, silica, chromite, ulvospinel, pyroxene phenocrysts, intersertal to subophitic matrix",True,160,160,True,https://curator.jsc.nasa.gov/lunar/lsc/12051.pdf,True,False,False,False
12052,Apollo 12,Basalt,Pigeonite,1866.0,86.928,,HEAD CRATER,"C, medium-grained, many vugs, ilmenite, chromite, ulvospinel, pyroxene  & olivine (few) phenocrysts, radiate groundmass",True,262,262,True,https://curator.jsc.nasa.gov/lunar/lsc/12052.pdf,True,False,False,False
12053,Apollo 12,Basalt,Pigeonite,879.0,46.433,,BENCH CRATER,"C, medium-grained, few vesicles, ilmenite, chromite, ulvospinel, rare silica, pyroxene & olivine phenocrysts, radiate groundmass",False,0,0,True,https://curator.jsc.nasa.gov/lunar/lsc/12053.pdf,True,False,True,False
12054,Apollo 12,Basalt,Ilmenite,687.0,90.978,,SURVEYOR CRATER,"C, medium-grained, few vugs, maskelynite, ilmenite, chromite, ulvospinel, subophitic, equigranular, large glass splash coating",True,131,131,True,https://curator.jsc.nasa.gov/lunar/lsc/12054.pdf,True,False,False,False
12055,Apollo 12,Basalt,Pigeonite,912.0,26.002,,HEAD CRATER,"C, medium-grained, rare vesicles, ilmenite, chromite, ulvospinel, rare olivine and silica, porphyritic, pyroxene phenocrysts, radiate to subophitic groundmass",True,67,67,True,https://curator.jsc.nasa.gov/lunar/lsc/12055.pdf,True,False,True,False
12056,Apollo 12,Basalt,Ilmenite,121.0,92.464,,SURVEYOR CRATER,"C, medium-grained, few vesicles, olivine, chromite, ulvospinel, ilmenite, silica, subophitic, equigranular, symplectite",True,52,52,True,https://curator.jsc.nasa.gov/lunar/lsc/12056.pdf,True,False,False,False
12057,Apollo 12,Soil,Unsieved,650.0,58.046,,,"Fines, Unsieved",True,126,125,True,https://curator.jsc.nasa.gov/lunar/lsc/12057.pdf,True,False,False,False
12059,Apollo 12,Unclassified,,0.0,0.0,,,,False,0,0,False,,False,False,False,False
12060,Apollo 12,Soil,Unsieved,20.7,107.111,,SURVEYOR CRATER,"Fines, Unsieved",True,15,15,True,https://curator.jsc.nasa.gov/lunar/lsc/12060.pdf,True,False,False,False
12061,Apollo 12,Basalt,Ilmenite,9.5,78.232,,,"C, medium-grained, few vesicles, olivine, chromite, ulvospinel, ilmenite, silica, ophitic to subophitic, olivine cores in pyroxene",True,1,1,True,https://curator.jsc.nasa.gov/lunar/lsc/12061.pdf,True,False,False,False
12062,Apollo 12,Basalt,Ilmenite,738.7,97.521,,SURVEYOR CRATER,"C, medium-grained, few vesicles, ilmenite, chromite, ulvospinel, rare silica, subophitic to ophitic",True,71,71,True,https://curator.jsc.nasa.gov/lunar/lsc/12062.pdf,True,False,False,False
12063,Apollo 12,Basalt,Ilmenite,2426.0,86.379,,BENCH CRATER,"C, medium-grained, rare vesicles, ilmenite, chromite, ulvospinel, rare silica, porphyritic olivine and pyroxene, symplectite",True,333,333,True,https://curator.jsc.nasa.gov/lunar/lsc/12063.pdf,True,False,False,False
12064,Apollo 12,Basalt,Ilmenite,1214.0,91.704,,SURVEYOR CRATER,"C, medium-grained, few vugs, ilmenite, chromite, ulvospinel, silica, subophitic to ophitic, intergrown pyroxene and plagioclase",True,92,92,True,https://curator.jsc.nasa.gov/lunar/lsc/12064.pdf,True,False,False,False
12065,Apollo 12,Basalt,Pigeonite,2109.0,64.836,,SURVEYOR CRATER,"C, fine to medium-grained, rare vugs, ilmenite, chromite, ulvospinel, silica, olivine and pyroxene phenocrysts, radiate matrix",True,209,209,True,https://curator.jsc.nasa.gov/lunar/lsc/12065.pdf,True,False,True,False
12070,Apollo 12,Soil,Unsieved,1102.0,80.235,,SURVEYOR CRATER,"Fines, Unsieved",True,44,44,True,https://curator.jsc.nasa.gov/lunar/lsc/12070.pdf,True,False,False,True
12071,Apollo 12,Unclassified,Rock chips,9.16,60.808,,,,True,5,5,False,,True,False,False,False
12072,Apollo 12,Basalt,Olivine,103.6,92.138,,,"C, medium-grained, large vesicles & vugs, ilmenite, chromite, ulvospinel, silica, olivine and pyroxene phenocrysts, radiate matrix",True,32,32,True,https://curator.jsc.nasa.gov/lunar/lsc/12072.pdf,True,False,False,False
12073,Apollo 12,Breccia,Regolith,407.7,83.981,,,"seriate fragmental, porous, abundant glass fragments and solivinear wind gases",True,116,116,True,https://curator.jsc.nasa.gov/lunar/lsc/12073.pdf,True,False,False,False
12075,Apollo 12,Basalt,Olivine,232.5,79.983,,,"C, medium-grained, many vugs, ilmenite, chromite, ulvospinel, silica, olivine and pyroxene phenocrysts, radiate to intersertal matrix",True,125,125,True,https://curator.jsc.nasa.gov/lunar/lsc/12075.pdf,True,False,False,False
12076,Apollo 12,Basalt,Olivine,54.55,82.788,,,"C, medium-grained, many vugs, ilmenite, chromite, ulvospinel, silica, olivine and pyroxene phenocrysts, radiate matrix",True,65,65,True,https://curator.jsc.nasa.gov/lunar/lsc/12076.pdf,True,False,False,False
12077,Apollo 12,Basalt,Olivine,22.63,87.936,,,"C, fine-grained, few vugs, ilmenite, chromite, ulvospinel, porphyritic olivine in matrix of radiate plagioclase and ilmenite, friable",True,24,24,True,https://curator.jsc.nasa.gov/lunar/lsc/12077.pdf,True,False,False,False
12078,Apollo 12,Unclassified,,0.0,0.0,,,,False,0,0,False,,False,False,False,False
12079,Apollo 12,Unclassified,,0.0,0.0,,,,False,0,0,False,,False,False,False,False
12095,Apollo 12,Unclassified,,0.0,0.0,,,,False,0,0,False,,False,False,False,False
12096,Apollo 12,Unclassified,,0.0,0.0,,,,False,0,0,False,,False,False,False,False
12097,Apollo 12,Unclassified,,0.0,0.0,,,,False,0,0,False,,False,False,False,False
12098,Apollo 12,Unclassified,,0.0,0.0,,,,False,0,0,False,,False,False,False,False
12099,Apollo 12,Unclassified,,0.0,0.0,,,,False,0,0,False,,False,False,False,False
14001,Apollo 14,Soil,2-4 mm,31.8,49.192,LM,,"Fines, 2-4mm. Part of contingency sample.",False,0,0,False,,True,False,False,False
14002,Apollo 14,Soil,1-2 mm,42.1,92.542,LM,,"Fines, 1-2mm. Part of contingency sample.",False,0,0,False,,True,False,False,False
14003,Apollo 14,Soil,<1 mm,947.9,63.027,LM,,"Fines, < 1mm. Part of contingency sample.",True,1,1,True,https://curator.jsc.nasa.gov/lunar/lsc/14003.pdf,True,False,False,False
14004,Apollo 14,Soil,4-10 mm,33.0,75.633,LM,,"Fines, 4-10mm. Part of contingency sample.",True,22,22,False,,True,False,False,False
14006,Apollo 14,Soil,>10 mm,12.13,61.286,LM,,Crystalline Matrix Breccia. Part of contingency sample.,True,12,12,True,https://curator.jsc.nasa.gov/lunar/lsc/14006.pdf,True,False,False,False
14007,Apollo 14,Breccia,Fragmental,3.67,100.0,LM,,"Chips, Unsorted. Part of contingency sample.",True,4,4,False,,False,False,False,False
14008,Apollo 14,Breccia,Regolith,4.35,100.0,LM,,"Chips, Unsorted. Part of contingency sample.",True,4,4,False,,False,False,False,False
14009,Apollo 14,Breccia,Regolith,1.09,100.0,LM,,"Chips, Unsorted. Part of contingency sample.",True,4,4,False,,False,False,False,False
14010,Apollo 14,Breccia,Regolith,1.0,73.2,LM,,"Chips, Unsorted. Part of contingency sample.",True,6,6,False,,True,False,False,False
14011,Apollo 14,Breccia,Regolith,0.68,100.0,LM,,"Chips, Unsorted. Part of contingency sample.",True,4,4,False,,False,False,False,False
14012,Apollo 14,Residue,,0.103,100.0,LM,,Residue. Part of contingency sample.,False,0,0,False,,False,False,False,False
14041,Apollo 14,Breccia,Regolith,166.3,97.462,A,,Vitric Matrix Breccia,True,44,44,False,,True,False,False,False
14042,Apollo 14,Breccia,Regolith,103.2,92.549,A,,Vitric Matrix Breccia,True,51,51,True,https://curator.jsc.nasa.gov/lunar/lsc/14042.pdf,True,False,False,False
14043,Apollo 14,Breccia,Unclassified,5.94,0.0,A,,,False,0,0,False,,False,False,False,False
14044,Apollo 14,Residue,,4.68,0.0,A,,,False,0,0,False,,False,False,False,False
14045,Apollo 14,Breccia,Regolith,65.24,95.815,A,,Vitric Matrix Breccia,True,44,44,False,,True,False,False,False
14046,Apollo 14,Residue,,1.21,0.0,A,,,False,0,0,False,,False,False,False,False
14047,Apollo 14,Breccia,Regolith,242.0,65.251,B,WEIRD CRATER,Vitric Matrix Breccia,True,39,39,True,https://curator.jsc.nasa.gov/lunar/lsc/14047.pdf,True,False,False,False
14048,Apollo 14,Residue,,10.17,0.0,B,WEIRD CRATER,,False,0,0,False,,False,False,False,False
14049,Apollo 14,Breccia,Regolith,200.1,78.229,Bg,,Vitric Matrix Breccia,True,67,67,True,https://curator.jsc.nasa.gov/lunar/lsc/14049.pdf,True,False,False,False
14050,Apollo 14,Residue,,6.91,0.0,Bg,,,False,0,0,False,,False,False,False,False
14051,Apollo 14,Breccia,Impact Melt,191.3,97.485,C,CONE CRATER,Crystalline Matrix Breccia,True,41,41,True,https://curator.jsc.nasa.gov/lunar/lsc/14051.pdf,True,False,False,False
14052,Apollo 14,Residue,,2.89,30.173,C,CONE CRATER,,False,0,0,False,,False,False,False,False
14053,Apollo 14,Basalt,Feldspathic,251.3,59.181,C2,CONE CRATER,,True,130,130,True,https://curator.jsc.nasa.gov/lunar/lsc/14053.pdf,True,False,False,False
14054,Apollo 14,Residue,,0.52,15.385,C2,CONE CRATER,,False,0,0,False,,False,False,False,False
14055,Apollo 14,Breccia,Regolith,111.0,88.762,E,,Vitric Matrix Breccia,True,24,24,True,https://curator.jsc.nasa.gov/lunar/lsc/14055.pdf,True,False,False,False
14056,Apollo 14,Breccia,Regolith,6.38,100.0,E,,Soil Clod,True,4,4,True,https://curator.jsc.nasa.gov/lunar/lsc/14056.pdf,False,False,False,False
14057,Apollo 14,Breccia,Regolith,5.51,100.0,E,,Soil Clod,True,4,4,False,,False,False,False,False
14058,Apollo 14,Breccia,Regolith,4.53,100.0,E,,Soil Clod,True,4,4,False,,False,False,False,False
14059,Apollo 14,Breccia,Regolith,8.68,49.19,E,,Soil Clod,True,4,4,False,,False,False,False,False
14060,Apollo 14,Breccia,Unclassified,2.5,100.0,E,,,True,6,6,False,,False,False,False,False
14061,Apollo 14,Breccia,Regolith,3.11,100.0,E,,,True,4,4,False,,False,False,False,False
14062,Apollo 14,Residue,,27.5,60.473,E,,,False,0,0,False,,False,False,False,False
14063,Apollo 14,Breccia,Fragmental,135.5,61.742,C1,WHITE ROCKS AREA,Light Matrix Breccia,True,94,94,True,https://curator.jsc.nasa.gov/lunar/lsc/14063.pdf,True,False,False,False
14064,Apollo 14,Breccia,Fragmental,107.5,92.447,C1,WHITE ROCKS AREA,Light Matrix Breccia,True,52,52,False,,True,False,False,False
14065,Apollo 14,Residue,,7.72,0.0,C1,WHITE ROCKS AREA,,False,0,0,False,,True,False,False,False
14066,Apollo 14,Breccia,Fragmental,509.8,78.437,F,WEIRD CRATER,Crystalline Matrix Breccia,True,93,93,True,https://curator.jsc.nasa.gov/lunar/lsc/14066.pdf,True,False,False,False
14067,Apollo 14,Residue,,7.66,21.057,F,WEIRD CRATER,,False,0,0,False,,False,False,False,False
14068,Apollo 14,Breccia,Impact Melt,35.47,77.967,C,CONE CRATER,Melt Rock,True,23,23,True,https://curator.jsc.nasa.gov/lunar/lsc/14068.pdf,True,False,False,False
14069,Apollo 14,Breccia,Fragmental,24.87,97.008,C,CONE CRATER,Crystalline Matrix Breccia,True,14,14,False,,True,False,False,False
14070,Apollo 14,Breccia,Fragmental,36.56,83.121,C,CONE CRATER,Crystalline Matrix Breccia,True,42,42,True,https://curator.jsc.nasa.gov/lunar/lsc/14070.pdf,True,False,False,False
14071,Apollo 14,Basalt,Unclassified,2.16,79.167,C,CONE CRATER,Crystalline,True,5,5,True,https://curator.jsc.nasa.gov/lunar/lsc/14071.pdf,True,False,False,False
14072,Apollo 14,Basalt,Olivine,45.06,55.368,C,CONE CRATER,,True,71,71,True,https://curator.jsc.nasa.gov/lunar/lsc/14072.pdf,True,False,False,False
14073,Apollo 14,Basalt,KREEP,10.35,33.623,G,NORTH TRIPLET RIM,Melt Rock. Collected from bottom of trench.,True,15,15,True,https://curator.jsc.nasa.gov/lunar/lsc/14073.pdf,True,False,False,False
14074,Apollo 14,Basalt,Feldspathic,5.16,87.539,G,NORTH TRIPLET RIM,Melt Rock. Collected from bottom of trench.,True,8,8,False,,True,False,False,False
14075,Apollo 14,Breccia,Feldspathic,4.66,77.58,G,NORTH TRIPLET RIM,Collected from bottom of trench.,True,4,4,False,,True,False,False,False
14076,Apollo 14,Breccia,Fragmental,2.0,70.3,G,NORTH TRIPLET RIM,Collected from bottom of trench.,True,12,12,True,https://curator.jsc.nasa.gov/lunar/lsc/14076.pdf,True,False,False,False
14077,Apollo 14,Basalt,Feldspathic,2.77,82.85,G,NORTH TRIPLET RIM,Crystalline. Collected from bottom of trench.,True,4,4,False,,True,False,False,False
14078,Apollo 14,Basalt,Feldspathic,8.3,86.12,G,NORTH TRIPLET RIM,Melt Rock. Collected from bottom of trench.,True,8,8,True,https://curator.jsc.nasa.gov/lunar/lsc/14078.pdf,True,False,False,False
14079,Apollo 14,Basalt,Feldspathic,3.17,92.713,G,NORTH TRIPLET RIM,Melt Rock. Collected from bottom of trench.,True,5,5,False,,True,False,False,False
14080,Apollo 14,Breccia,Fragmental,1.94,100.0,G,NORTH TRIPLET RIM,Collected from middle of trench.,True,4,4,False,,False,False,False,False
14081,Apollo 14,Breccia,Fragmental,0.84,100.0,G,NORTH TRIPLET RIM,Collected from middle of trench.,True,4,4,False,,False,False,False,False
14082,Apollo 14,Breccia,Fragmental,62.63,84.634,C1,,Light Matrix Breccia,True,62,62,True,https://curator.jsc.nasa.gov/lunar/lsc/14082.pdf,True,False,False,False
14083,Apollo 14,Breccia,Fragmental,13.37,19.933,C1,,Light Matrix Breccia,True,12,12,False,,True,False,False,False
14084,Apollo 14,Residue,,0.83,100.0,C1,,,False,0,0,False,,False,False,False,False
14140,Apollo 14,Soil,4-10 mm,7.43,91.359,C',CONE CRATER,"Fines, 4-10mm",True,7,7,False,,True,False,False,False
14141,Apollo 14,Soil,<1 mm,28.5,46.937,C',CONE CRATER,"Fines, < 1mm",True,30,30,True,https://curator.jsc.nasa.gov/lunar/lsc/14141.pdf,True,False,False,False
14142,Apollo 14,Soil,1-2 mm,5.35,62.243,C',CONE CRATER,"Fines, 1-2mm",False,0,0,False,,True,False,False,False
14143,Apollo 14,Soil,2-4 mm,6.73,51.04,C',CONE CRATER,"Fines, 2-4mm",False,0,0,False,,True,False,False,False
14144,Apollo 14,Soil,Unsieved,4.77,11.3,C',CONE CRATER,"Fines, Unsieved",False,0,0,False,,False,False,False,False
14145,Apollo 14,Soil,4-10 mm,0.92,80.435,G,NORTH TRIPLET RIM,"Fines, 4-10mm. Collected from surface of trench.",False,0,0,False,,False,False,False,False
14146,Apollo 14,Soil,1-2 mm,2.82,75.177,G,NORTH TRIPLET RIM,"Fines, 1-2mm. Collected from surface of trench.",False,0,0,False,,True,False,False,False
14147,Apollo 14,Soil,2-4 mm,1.67,79.042,G,NORTH TRIPLET RIM,"Fines, 2-4mm. Collected from surface of trench.",False,0,0,False,,False,False,False,False
14148,Apollo 14,Soil,<1 mm,71.65,70.56,G,NORTH TRIPLET RIM,"Fines, < 1mm. Collected from surface of trench.",True,1,1,False,,True,False,False,False
14149,Apollo 14,Soil,<1 mm,88.15,79.572,G,NORTH TRIPLET RIM,"Fines, < 1mm. Collected from bottom of trench.",True,14,14,True,https://curator.jsc.nasa.gov/lunar/lsc/14149.pdf,True,False,False,False
14150,Apollo 14,Soil,4-10 mm,11.08,85.334,G,NORTH TRIPLET RIM,"Fines, 4-10mm. Collected from bottom of trench.",False,0,0,False,,True,False,False,False
14151,Apollo 14,Soil,1-2 mm,11.7,58.282,G,NORTH TRIPLET RIM,"Fines, 1-2mm. Collected from bottom of trench.",True,35,35,False,,True,False,False,False
14152,Apollo 14,Soil,2-4 mm,11.39,49.684,G,NORTH TRIPLET RIM,"Fines, 2-4mm. Collected from bottom of trench.",False,0,0,False,,True,False,False,False
14153,Apollo 14,Soil,2-4 mm,3.91,77.852,G,NORTH TRIPLET RIM,"Fines, 2-4mm. Collected from middle of trench.",False,0,0,False,,False,False,False,False
14154,Apollo 14,Soil,1-2 mm,5.49,83.916,G,NORTH TRIPLET RIM,"Fines, 1-2mm. Collected from middle of trench.",False,0,0,False,,True,False,False,False
14155,Apollo 14,Soil,4-10 mm,3.69,90.163,G,NORTH TRIPLET RIM,"Fines, 4-10mm. Collected from middle of trench.",False,0,0,False,,True,False,False,False
14156,Apollo 14,Soil,<1 mm,138.0,84.69,G,NORTH TRIPLET RIM,"Fines, < 1mm. Collected from middle of trench.",True,1,1,False,,True,False,False,False
14160,Apollo 14,Soil,4-10 mm,196.5,91.893,LM,,"Fines, 4-10mm. Part of bulk sample.",False,0,0,False,,True,False,False,False
14161,Apollo 14,Soil,2-4 mm,197.1,67.572,LM,,"Fines, 2-4mm. Part of bulk sample.",False,0,0,False,,True,False,False,False
14162,Apollo 14,Soil,1-2 mm,288.7,81.129,LM,,"Fines, 1-2mm. Part of bulk sample.",False,0,0,False,,True,False,False,False
14163,Apollo 14,Soil,<1 mm,4444.0,94.513,LM,,"Fines, < 1mm. Part of bulk sample.",True,16,16,True,https://curator.jsc.nasa.gov/lunar/lsc/14163.pdf,True,False,False,False
14165,Apollo 14,Soil,<1 mm,109.1,97.624,ALSEP,,"Fines, < 1mm",False,0,0,False,,True,False,False,False
14166,Apollo 14,Soil,1-2 mm,20.5,66.683,ALSEP,,"Fines, 1-2mm",False,0,0,False,,True,False,False,False
14167,Apollo 14,Soil,2-4 mm,26.5,55.064,ALSEP,,"Fines, 2-4mm",False,0,0,False,,True,False,False,False
14168,Apollo 14,Soil,4-10 mm,43.9,75.697,ALSEP,,"Fines, 4-10mm",False,0,0,True,https://curator.jsc.nasa.gov/lunar/lsc/14168.pdf,True,False,False,False
14169,Apollo 14,Breccia,Fragmental,78.66,96.898,ALSEP,,Crystalline Matrix Breccia. Part of comprehensive sample.,True,47,47,True,https://curator.jsc.nasa.gov/lunar/lsc/14169.pdf,True,False,False,False
14170,Apollo 14,Breccia,Fragmental,26.34,94.837,ALSEP,,Part of comprehensive sample.,True,6,6,False,,True,False,False,False
14171,Apollo 14,Breccia,Fragmental,37.79,72.69,ALSEP,,Crystalline Matrix Breccia. Part of comprehensive sample.,True,53,53,False,,True,False,False,False
14172,Apollo 14,Breccia,Fragmental,32.1,94.237,ALSEP,,Crystalline Matrix Breccia. Part of comprehensive sample.,True,5,5,False,,True,False,False,False
14173,Apollo 14,Breccia,Fragmental,19.59,99.29,ALSEP,,Part of comprehensive sample.,True,4,4,False,,True,False,False,False
14174,Apollo 14,Breccia,Fragmental,11.62,93.98,ALSEP,,Crystalline Matrix Breccia. Part of comprehensive sample.,True,4,4,False,,True,False,False,False
14175,Apollo 14,Breccia,Fragmental,7.48,92.91,ALSEP,,Crystalline Matrix Breccia. Part of comprehensive sample.,True,4,4,False,,True,False,False,False
14176,Apollo 14,Breccia,Fragmental,4.12,98.3,ALSEP,,Part of comprehensive sample.,True,4,4,False,,False,False,False,False
14177,Apollo 14,Breccia,Fragmental,2.32,99.14,ALSEP,,Part of comprehensive sample.,True,3,3,False,,False,False,False,False
14178,Apollo 14,Breccia,Fragmental,2.88,90.28,ALSEP,,Part of comprehensive sample.,True,4,4,False,,False,False,False,False
14179,Apollo 14,Breccia,Fragmental,3.03,86.766,ALSEP,,Cumulate. Part of comprehensive sample.,True,6,6,True,https://curator.jsc.nasa.gov/lunar/lsc/14179.pdf,True,False,False,False
14180,Apollo 14,Breccia,Fragmental,4.75,96.84,ALSEP,,Breccia?  Part of comprehensive sample.,True,5,5,False,,True,False,False,False
14181,Apollo 14,Breccia,Fragmental,2.48,88.185,ALSEP,,Troctolitic. Part of comprehensive sample.,True,5,5,True,https://curator.jsc.nasa.gov/lunar/lsc/14181.pdf,True,False,False,False
14182,Apollo 14,Breccia,Fragmental,2.29,96.94,ALSEP,,Part of comprehensive sample.,True,5,5,False,,False,False,False,False
14183,Apollo 14,Breccia,Fragmental,1.4,99.29,ALSEP,,Part of comprehensive sample.,True,4,4,False,,False,False,False,False
14184,Apollo 14,Breccia,Fragmental,1.48,98.65,ALSEP,,Part of comprehensive sample.,True,4,4,False,,False,False,False,False
14185,Apollo 14,Breccia,Fragmental,1.52,94.74,ALSEP,,Part of comprehensive sample.,True,4,4,False,,False,False,False,False
14186,Apollo 14,Breccia,Fragmental,1.26,99.21,ALSEP,,Part of comprehensive sample.,True,4,4,False,,False,False,False,False
14187,Apollo 14,Breccia,Fragmental,1.09,99.08,ALSEP,,Crystalline Matrix Breccia. Part of comprehensive sample.,True,5,5,False,,True,False,False,False
14188,Apollo 14,Breccia,Fragmental,1.6,98.75,ALSEP,,Part of comprehensive sample.,True,4,4,False,,False,False,False,False
14189,Apollo 14,Residue,,0.36,100.0,ALSEP,,,False,0,0,False,,False,False,False,False
14190,Apollo 14,Soil,<1 mm,34.85,95.151,,,"Fines, < 1mm",False,0,0,False,,False,False,False,False
14191,Apollo 14,Soil,1-2 mm,5.92,79.054,,,"Fines, 1-2mm",False,0,0,False,,False,False,False,False
14192,Apollo 14,Soil,2-4 mm,8.06,88.337,,,"Fines, 2-4mm",False,0,0,False,,True,False,False,False
14193,Apollo 14,Soil,4-10 mm,11.15,81.525,Dg,,"Fines, 4-10mm",False,0,0,False,,False,False,False,False
14194,Apollo 14,Breccia,Fragmental,4.28,89.673,"Dg, G",,,True,4,4,False,,True,False,False,False
14195,Apollo 14,Breccia,Fragmental,2.77,94.58,"Dg, G",,,True,4,4,False,,True,False,False,False
14196,Apollo 14,Breccia,Fragmental,3.93,100.0,"Dg, G",,,True,4,4,False,,False,False,False,False
14197,Apollo 14,Breccia,Impact Melt,1.63,90.8,"Dg, G",,,True,4,4,False,,True,False,False,False
14198,Apollo 14,Breccia,Impact Melt,1.63,86.2,"Dg, G",,Melt Rock,True,8,8,False,,True,False,False,False
14199,Apollo 14,Breccia,Fragmental,1.88,62.98,"Dg, G",,,True,4,4,False,,True,False,False,False
14200,Apollo 14,Basalt,Feldspathic,1.24,77.82,"Dg, G",,,True,4,4,False,,True,False,False,False
14201,Apollo 14,Breccia,Fragmental,1.56,100.0,"Dg, G",,,True,4,4,False,,False,False,False,False
14202,Apollo 14,Residue,,0.05,100.0,"Dg, G",,,False,0,0,False,,False,False,False,False
14204,Apollo 14,Residue,,21.6,100.0,"Dg, G",,,False,0,0,False,,False,False,False,False
14210,Apollo 14,Core,Unsieved,169.7,71.595,A,WEIRD CRATER,Bottom of double core tube.,True,113,113,True,https://curator.jsc.nasa.gov/lunar/lsc/14210.pdf,True,False,False,False
14211,Apollo 14,Core,Unsieved,39.5,77.747,A,WEIRD CRATER,Top of double core tube.,True,31,31,True,https://curator.jsc.nasa.gov/lunar/lsc/14211.pdf,True,False,False,False
14220,Apollo 14,Core,Unsieved,80.7,62.8,G,NORTH TRIPLET RIM,First single core tube.,True,4,4,True,https://curator.jsc.nasa.gov/lunar/lsc/14220.pdf,True,False,False,False
14230,Apollo 14,Core,Unsieved,76.7,40.202,G,NORTH TRIPLET RIM,Second single core tube.,True,13,13,True,https://curator.jsc.nasa.gov/lunar/lsc/14230.pdf,True,False,False,False
14240,Apollo 14,Soil,Unsieved,168.0,53.667,G,NORTH TRIPLET RIM,,False,0,0,True,https://curator.jsc.nasa.gov/lunar/lsc/14240.pdf,True,False,False,False
14250,Apollo 14,Breccia,Regolith,4.06,87.167,ALSEP,,Vitric Matrix Breccia,True,5,5,False,,True,False,False,False
14251,Apollo 14,Breccia,Regolith,1.51,73.58,ALSEP,,,True,6,6,False,,True,False,False,False
14252,Apollo 14,Breccia,Regolith,0.86,59.535,ALSEP,,,True,6,6,False,,True,False,False,False
14253,Apollo 14,Breccia,Fragmental,1.23,96.585,ALSEP,,Crystalline Matrix Breccia,True,5,5,False,,True,False,False,False
14254,Apollo 14,Breccia,Regolith,1.01,93.07,ALSEP,,,True,6,6,False,,False,False,False,False
14255,Apollo 14,Breccia,Regolith,22.15,80.876,ALSEP,,Vitric Matrix Breccia,True,7,7,True,https://curator.jsc.nasa.gov/lunar/lsc/14255.pdf,True,False,False,False
14256,Apollo 14,Soil,4-10 mm,13.71,75.091,ALSEP,,"Fines, 4-10mm",False,0,0,False,,True,False,False,False
14257,Apollo 14,Soil,2-4 mm,30.48,63.274,ALSEP,,"Fines, 2-4mm",False,0,0,False,,True,False,False,False
14258,Apollo 14,Soil,1-2 mm,64.33,83.631,ALSEP,,"Fines, 1-2mm",True,37,37,False,,True,False,False,False
14259,Apollo 14,Soil,<1 mm,2352.1,78.587,ALSEP,,"Fines, < 1mm",False,0,0,True,https://curator.jsc.nasa.gov/lunar/lsc/14259.pdf,True,False,False,False
14260,Apollo 14,Soil,<1 mm,282.5,97.045,ALSEP,,"Fines, < 1mm",False,0,0,True,https://curator.jsc.nasa.gov/lunar/lsc/14260.pdf,True,False,False,False
14261,Apollo 14,Soil,2-4 mm,8.2,0.244,ALSEP,,"Fines, 2-4mm",False,0,0,False,,True,False,False,False
14262,Apollo 14,Soil,1-2 mm,9.1,77.088,ALSEP,,"Fines, 1-2mm",False,0,0,False,,True,False,False,False
14263,Apollo 14,Soil,4-10 mm,16.2,87.679,ALSEP,,"Fines, 4-10mm",False,0,0,False,,True,False,False,False
14264,Apollo 14,Breccia,Regolith,117.9,98.214,ALSEP,,Vitric Matrix Breccia,True,13,13,True,https://curator.jsc.nasa.gov/lunar/lsc/14264.pdf,True,False,False,False
14265,Apollo 14,Breccia,Fragmental,65.79,97.223,ALSEP,,Vitric Matrix Breccia,True,45,45,True,https://curator.jsc.nasa.gov/lunar/lsc/14265.pdf,True,False,False,False
14266,Apollo 14,Breccia,Impact Melt,6.95,98.144,ALSEP,,Crystalline Matrix Breccia,True,5,5,False,,True,False,False,False
14267,Apollo 14,Breccia,Impact Melt,54.77,15.748,ALSEP,,,True,48,48,True,https://curator.jsc.nasa.gov/lunar/lsc/14267.pdf,True,False,False,False
14268,Apollo 14,Breccia,Impact Melt,23.12,96.799,ALSEP,,Vitric Matrix Breccia,True,13,13,False,,True,False,False,False
14269,Apollo 14,Breccia,Impact Melt,17.19,96.277,ALSEP,,Vitric Matrix Breccia,True,5,5,False,,True,False,False,False
14270,Apollo 14,Breccia,Impact Melt,25.59,64.596,ALSEP,,Crystalline Matrix Breccia,True,17,17,True,https://curator.jsc.nasa.gov/lunar/lsc/14270.pdf,True,False,False,False
14271,Apollo 14,Breccia,Impact Melt,97.41,97.881,ALSEP,,Vitric Matrix Breccia,True,20,20,True,https://curator.jsc.nasa.gov/lunar/lsc/14271.pdf,True,False,False,False
14272,Apollo 14,Breccia,Impact Melt,46.63,98.78,ALSEP,,Vitric Matrix Breccia,True,38,38,False,,True,False,False,False
14273,Apollo 14,Breccia,Impact Melt,22.4,97.81,ALSEP,,Vitric Matrix Breccia,True,6,6,False,,True,False,False,False
14274,Apollo 14,Breccia,Impact Melt,15.18,95.982,ALSEP,,Crystalline Matrix Breccia,True,5,5,True,https://curator.jsc.nasa.gov/lunar/lsc/14274.pdf,True,False,False,False
14275,Apollo 14,Breccia,Fragmental,12.46,95.987,ALSEP,,Vitric Matrix Breccia,True,5,5,False,,True,False,False,False
14276,Apollo 14,Breccia,Impact Melt,12.75,23.286,ALSEP,,Basalt?,True,17,17,True,https://curator.jsc.nasa.gov/lunar/lsc/14276.pdf,True,False,False,False
14277,Apollo 14,Breccia,Impact Melt,7.59,96.84,ALSEP,,Vitric Matrix Breccia,True,4,4,False,,True,False,False,False
14278,Apollo 14,Breccia,Impact Melt,7.6,94.947,ALSEP,,Breccia?,True,5,5,False,,True,False,False,False
14279,Apollo 14,Breccia,Fragmental,5.67,97.407,ALSEP,,Crystalline Matrix Breccia,True,5,5,False,,True,False,False,False
14280,Apollo 14,Breccia,Impact Melt,6.2,97.58,ALSEP,,Vitric Matrix Breccia,True,4,4,False,,True,False,False,False
14281,Apollo 14,Breccia,Impact Melt,12.03,89.352,ALSEP,,Vitric Matrix Breccia,True,5,5,False,,True,False,False,False
14282,Apollo 14,Breccia,Fragmental,1.89,79.42,ALSEP,,Crystalline Matrix Breccia,True,4,4,False,,True,False,False,False
14283,Apollo 14,Breccia,Impact Melt,1.25,94.8,ALSEP,,Vitric Matrix Breccia,True,5,5,False,,True,False,False,False
14284,Apollo 14,Breccia,Impact Melt,1.47,97.96,ALSEP,,,True,4,4,False,,False,False,False,False
14285,Apollo 14,Breccia,Fragmental,2.23,99.55,ALSEP,,,True,4,4,False,,False,False,False,False
14286,Apollo 14,Breccia,Fragmental,4.42,39.593,ALSEP,,,True,17,17,False,,True,False,False,False
14287,Apollo 14,Breccia,Fragmental,1.07,100.0,ALSEP,,,True,4,4,False,,False,False,False,False
14288,Apollo 14,Breccia,Impact Melt,3.44,100.58,ALSEP,,,True,4,4,False,,False,False,False,False
14289,Apollo 14,Residue,,0.2,100.0,ALSEP,,,False,0,0,False,,False,False,False,False
14290,Apollo 14,Soil,<1 mm,23.63,92.653,H,,"Fines, < 1mm",False,0,0,False,,False,False,False,False
14291,Apollo 14,Soil,1-2 mm,2.12,100.0,H,,"Fines, 1-2mm",False,0,0,False,,False,False,False,False
14292,Apollo 14,Soil,2-4 mm,3.53,100.0,H,,"Fines, 2-4mm",False,0,0,False,,False,False,False,False
14293,Apollo 14,Soil,4-10 mm,5.2,89.231,H,,"Fines, 4-10mm",False,0,0,False,,True,False,False,False
14294,Apollo 14,Breccia,Fragmental,3.43,100.0,H,,,True,4,4,False,,False,False,False,False
14295,Apollo 14,Breccia,Fragmental,1.24,100.0,H,,,True,4,4,False,,False,False,False,False
14296,Apollo 14,Breccia,Fragmental,2.26,100.0,H,,,True,4,4,False,,False,False,False,False
14297,Apollo 14,Breccia,Fragmental,1.73,74.57,H,,,True,6,6,False,,True,False,False,False
14298,Apollo 14,Soil,<1 mm,116.7,54.147,,,"Fines, < 1mm",False,0,0,False,,False,False,False,False
14299,Apollo 14,Soil,<1 mm,225.2,99.73,,,"Fines, < 1mm",False,0,0,False,,False,False,False,False
14300,Apollo 14,Unclassified,,4.06,0.0,ALSEP,,,False,0,0,False,,False,False,False,False
14301,Apollo 14,Breccia,Regolith,1361.0,76.538,G1,NORTH TRIPLET CRATER,Vitric Matrix Breccia,True,126,126,True,https://curator.jsc.nasa.gov/lunar/lsc/14301.pdf,True,False,False,False
14302,Apollo 14,Unclassified,,0.0,0.0,ALSEP,,,False,0,0,False,,False,False,False,False
14303,Apollo 14,Breccia,Fragmental,898.4,76.231,ALSEP,,Crystalline Matrix Breccia,True,105,105,True,https://curator.jsc.nasa.gov/lunar/lsc/14303.pdf,True,False,False,False
14304,Apollo 14,Breccia,Impact Melt,2499.0,97.118,ALSEP,,Crystalline Matrix Breccia,True,75,75,True,https://curator.jsc.nasa.gov/lunar/lsc/14304.pdf,True,False,False,False
14305,Apollo 14,Breccia,Fragmental,2498.0,76.672,ALSEP,,Crystalline Matrix Breccia,True,259,259,True,https://curator.jsc.nasa.gov/lunar/lsc/14305.pdf,True,True,True,False
14306,Apollo 14,Breccia,Fragmental,584.5,129.135,G,NORTH TRIPLET RIM,Crystalline Matrix Breccia,True,123,123,True,https://curator.jsc.nasa.gov/lunar/lsc/14306.pdf,True,False,False,False
14307,Apollo 14,Breccia,Regolith,155.0,58.845,G,NORTH TRIPLET RIM,Vitric Matrix Breccia,True,139,139,True,https://curator.jsc.nasa.gov/lunar/lsc/14307.pdf,True,False,False,False
14308,Apollo 14,Unclassified,,0.0,0.0,Dg,,Vitric Matrix Breccia,False,0,0,False,,False,False,False,False
14309,Apollo 14,Breccia,Regolith,42.4,95.717,Dg,,Breccia?,True,44,44,True,https://curator.jsc.nasa.gov/lunar/lsc/14309.pdf,True,False,False,False
14310,Apollo 14,Breccia,Impact Melt,3439.0,68.465,G,NORTH TRIPLET RIM,Melt Rock,True,288,288,True,https://curator.jsc.nasa.gov/lunar/lsc/14310.pdf,True,False,True,False
14311,Apollo 14,Breccia,Impact Melt,3204.0,89.273,Dg,,Crystalline Matrix Breccia,True,271,271,True,https://curator.jsc.nasa.gov/lunar/lsc/14311.pdf,True,False,True,False
14312,Apollo 14,Breccia,Fragmental,299.0,89.42,H,TURTLE ROCK,Crystalline Matrix Breccia,True,82,82,True,https://curator.jsc.nasa.gov/lunar/lsc/14312.pdf,True,False,False,False
14313,Apollo 14,Breccia,Regolith,144.0,72.343,G1,NORTH TRIPLET CRATER,Vitric Matrix Breccia,True,116,116,True,https://curator.jsc.nasa.gov/lunar/lsc/14313.pdf,True,False,False,False
14314,Apollo 14,Breccia,Fragmental,115.7,93.536,H,TURTLE ROCK,Crystalline Matrix Breccia,True,57,57,True,https://curator.jsc.nasa.gov/lunar/lsc/14314.pdf,True,False,False,False
14315,Apollo 14,Breccia,Regolith,115.0,84.433,H,NORTH BOULDER FIELD,Vitric Matrix Breccia,True,26,26,True,https://curator.jsc.nasa.gov/lunar/lsc/14315.pdf,True,False,False,False
14316,Apollo 14,Breccia,Regolith,38.2,96.872,H,,Vitric Matrix Breccia,True,47,47,True,https://curator.jsc.nasa.gov/lunar/lsc/14316.pdf,True,True,False,False
14317,Apollo 14,Breccia,Regolith,16.1,95.59,H,,Vitric Matrix Breccia,True,48,48,True,https://curator.jsc.nasa.gov/lunar/lsc/14317.pdf,True,False,False,False
14318,Apollo 14,Breccia,Regolith,600.2,72.742,H,NORTH BOULDER FIELD,Vitric Matrix Breccia,True,56,56,True,https://curator.jsc.nasa.gov/lunar/lsc/14318.pdf,True,False,False,False
14319,Apollo 14,Breccia,Fragmental,211.6,75.212,H,TURTLE ROCK,Crystalline Matrix Breccia,True,71,71,True,https://curator.jsc.nasa.gov/lunar/lsc/14319.pdf,True,False,False,False
14320,Apollo 14,Breccia,Fragmental,64.9,92.327,H,NORTH BOULDER FIELD,Crystalline Matrix Breccia,True,56,56,True,https://curator.jsc.nasa.gov/lunar/lsc/14320.pdf,True,False,False,False
14321,Apollo 14,Breccia,Fragmental,8998.0,72.737,C1,BIG BERTHA,Crystalline Matrix Breccia,True,456,456,True,https://curator.jsc.nasa.gov/lunar/lsc/14321.pdf,True,True,True,False
14399,Apollo 14,Unclassified,,0.0,0.0,,,,False,0,0,False,,False,False,False,False
14402,Apollo 14,Residue,,0.2,100.0,,,,False,0,0,False,,False,False,False,False
14408,Apollo 14,Unclassified,,72.0,0.0,,,,False,0,0,False,,False,False,False,False
14409,Apollo 14,Unclassified,,0.5,0.0,,,,False,0,0,False,,False,False,False,False
14411,Apollo 14,Core,Unsieved,5.53,1.808,A,,Core bit double core.,False,0,0,False,,False,False,False,False
14412,Apollo 14,Unclassified,,0.377,0.0,,,,True,3,3,False,,True,False,False,False
14414,Apollo 14,Core,Unsieved,5.46,1.832,G,NORTH TRIPLET RIM,Core bit first single core.,False,0,0,False,,False,False,False,False
14421,Apollo 14,Soil,Unsieved,260.9,59.524,,,"Fines, Unsieved. Reserved from unsieved comprehensive sample.",False,0,0,False,,False,False,False,False
14422,Apollo 14,Soil,<1 mm,2400.0,97.241,,,"Fines, < 1mm. Reserve from 14163.",False,0,0,False,,False,False,False,False
14423,Apollo 14,Unclassified,,285.6,0.0,,,,False,0,0,False,,False,False,False,False
14425,Apollo 14,Breccia,Glass,0.79,0.0,LM,,8mm Spherule. Part of bulk fines sample.,True,9,9,True,https://curator.jsc.nasa.gov/lunar/lsc/14425.pdf,True,False,False,False
14426,Apollo 14,Breccia,Fragmental,1.59,100.0,LM,,Part of bulk fines sample.,True,4,4,False,,False,False,False,False
14427,Apollo 14,Breccia,Fragmental,4.47,100.0,LM,,Part of bulk fines sample.,True,6,6,False,,False,False,False,False
14428,Apollo 14,Breccia,Impact Melt,1.47,95.92,LM,,Crystalline Matrix Breccia. Part of bulk fines sample.,True,6,6,False,,True,False,False,False
14429,Apollo 14,Breccia,Impact Melt,3.03,97.03,LM,,Crystalline Matrix Breccia. Part of bulk fines sample.,True,4,4,False,,True,False,False,False
14430,Apollo 14,Breccia,Fragmental,4.81,90.48,LM,,Part of bulk fines sample.,True,4,4,False,,True,False,False,False
14431,Apollo 14,Breccia,Impact Melt,1.7,50.647,LM,,Melt Rock. Part of bulk fines sample.,True,6,6,False,,True,False,False,False
14432,Apollo 14,Breccia,Unclassified,1.81,69.61,,,,False,0,0,False,,False,False,False,False
14433,Apollo 14,Breccia,Fragmental,1.23,60.16,LM,,Basalt?. Part of bulk fines sample.,True,2,2,False,,False,False,False,False
14434,Apollo 14,Breccia,Fragmental,1.68,67.798,LM,,Crystalline Matrix Breccia. Part of bulk fines sample.,True,6,6,False,,True,False,False,False
14435,Apollo 14,Breccia,Fragmental,0.92,96.74,LM,,Crystalline Matrix Breccia. Part of bulk fines sample.,True,6,6,False,,True,False,False,False
14436,Apollo 14,Breccia,Impact Melt,3.76,92.55,LM,,Basalt?. Part of bulk fines sample.,True,7,7,False,,True,False,False,False
14437,Apollo 14,Breccia,Unclassified,2.65,100.0,LM,,Part of bulk fines sample.,True,1,1,False,,False,False,False,False
14438,Apollo 14,Breccia,Unclassified,3.35,100.0,LM,,Part of bulk fines sample.,True,6,6,False,,False,False,False,False
14439,Apollo 14,Breccia,Regolith,1.0,100.0,LM,,Part of bulk fines sample.,True,1,1,False,,False,False,False,False
14440,Apollo 14,Breccia,Impact Melt,1.5,81.87,LM,,Part of bulk fines sample.,True,4,4,False,,True,False,False,False
14441,Apollo 14,Breccia,Fragmental,0.23,100.0,LM,,Part of bulk fines sample.,True,6,6,False,,False,False,False,False
14442,Apollo 14,Breccia,Unclassified,3.52,100.0,LM,,Part of bulk fines sample.,True,6,6,False,,False,False,False,False
14443,Apollo 14,Breccia,Impact Melt,2.54,80.79,LM,,Part of bulk fines sample.,True,4,4,False,,True,False,False,False
14444,Apollo 14,Breccia,Impact Melt,1.56,92.31,LM,,Part of bulk fines sample.,True,4,4,False,,True,False,False,False
14445,Apollo 14,Breccia,Fragmental,9.22,95.44,LM,,Part of bulk fines sample.,True,4,4,False,,True,False,False,False
14446,Apollo 14,Breccia,Fragmental,0.82,61.59,LM,,Part of bulk fines sample.,True,4,4,False,,True,False,False,False
14447,Apollo 14,Breccia,Fragmental,0.91,100.0,LM,,Part of bulk fines sample.,True,4,4,False,,False,False,False,False
14448,Apollo 14,Breccia,Agglomerate,1.06,100.0,LM,,Part of bulk fines sample.,True,4,4,False,,False,False,False,False
14449,Apollo 14,Breccia,Fragmental,1.7,100.0,LM,,Part of bulk fines sample.,True,6,6,False,,False,False,False,False
14450,Apollo 14,Breccia,Fragmental,1.27,100.0,LM,,Part of bulk fines sample.,True,6,6,False,,False,False,False,False
14451,Apollo 14,Breccia,Fragmental,2.1,91.9,LM,,Part of bulk fines sample.,True,6,6,False,,True,False,False,False
14452,Apollo 14,Breccia,Fragmental,1.77,100.0,LM,,Part of bulk fines sample.,True,6,6,False,,False,False,False,False
14453,Apollo 14,Breccia,Fragmental,6.03,86.22,LM,,Part of bulk fines sample.,True,6,6,False,,True,False,False,False
14454,Apollo 14,Unclassified,,0.0,0.0,,,,False,0,0,False,,False,False,False,False
14455,Apollo 14,Unclassified,,0.0,0.0,,,,False,0,0,False,,False,False,False,False
14500,Apollo 14,Unclassified,,0.0,0.0,,,,False,0,0,False,,False,False,False,False
15001,Apollo 15,Core,Unsieved,232.8,54.578,8,ALSEP,,True,103,103,False,,True,False,False,False
15002,Apollo 15,Core,Unsieved,210.1,64.125,8,ALSEP,,True,48,48,False,,True,False,False,False
15003,Apollo 15,Core,Unsieved,223.0,68.377,8,ALSEP,,True,138,137,False,,True,False,False,False
15004,Apollo 15,Core,Unsieved,227.9,62.846,8,ALSEP,,True,45,45,False,,True,False,False,False
15005,Apollo 15,Core,Unsieved,239.1,60.919,8,ALSEP,,True,29,29,False,,False,False,False,False
15006,Apollo 15,Core,Unsieved,210.6,67.042,8,ALSEP,,True,29,29,False,,True,False,False,False
15007,Apollo 15,Core,Unsieved,768.2,76.878,2,ST. GEORGE CRATER,,True,260,260,True,https://curator.jsc.nasa.gov/lunar/lsc/15007.pdf,True,False,False,False
15008,Apollo 15,Core,Unsieved,510.2,76.632,2,ST. GEORGE CRATER,,True,158,158,False,,True,False,False,False
15009,Apollo 15,Core,Unsieved,622.0,75.779,6,APPENINE FRONT,,True,189,188,True,https://curator.jsc.nasa.gov/lunar/lsc/15009.pdf,True,False,False,False
15010,Apollo 15,Core,Unsieved,740.4,78.932,9A,HADLEY RILLE,,True,591,591,True,https://curator.jsc.nasa.gov/lunar/lsc/15010.pdf,True,False,False,False
15011,Apollo 15,Core,Unsieved,660.7,77.303,9A,HADLEY RILLE,,True,218,218,False,,True,False,False,False
15012,Apollo 15,Soil,Unsieved,312.2,5.766,6,APPENINE FRONT,,True,2,2,True,https://curator.jsc.nasa.gov/lunar/lsc/15012.pdf,True,False,False,False
15013,Apollo 15,Soil,Unsieved,296.2,8.799,LM,,,False,0,0,True,https://curator.jsc.nasa.gov/lunar/lsc/15013.pdf,True,False,False,False
15014,Apollo 15,Special,,333.2,100.0,8,ALSEP,,False,0,0,True,https://curator.jsc.nasa.gov/lunar/lsc/15014.pdf,False,False,False,False
15015,Apollo 15,Breccia,Regolith,4770.0,82.688,LM,,,True,118,118,True,https://curator.jsc.nasa.gov/lunar/lsc/15015.pdf,True,False,True,False
15016,Apollo 15,Basalt,Olivine,923.7,75.489,3,RHYSLING,"M.G. ol-norm.ol & px phenos, highly vesicular",True,77,77,False,,True,True,True,False
15017,Apollo 15,Breccia,Glass,9.8,69.02,LM,,Glass shell,True,23,23,True,https://curator.jsc.nasa.gov/lunar/lsc/15017.pdf,True,False,False,False
15018,Apollo 15,Breccia,Unclassified,5.7,100.0,8,,Vesicular glass,False,0,0,False,,False,False,False,False
15019,Apollo 15,Breccia,Agglomerate,1.2,55.833,8,,Agglutinitic breccia,True,4,4,False,,True,False,False,False
15020,Apollo 15,Soil,Unsieved,88.7,98.869,LM,,"Fines, Unsieved",False,0,0,False,,False,False,False,False
15021,Apollo 15,Soil,<1 mm,503.0,78.662,LM,,,True,10,10,True,https://curator.jsc.nasa.gov/lunar/lsc/15021.pdf,True,False,False,False
15022,Apollo 15,Soil,1-2 mm,10.0,75.3,LM,,"Fines, 1-2mm",False,0,0,False,,True,False,False,False
15023,Apollo 15,Soil,2-4 mm,5.0,78.0,LM,,"Fines, 2-4mm",False,0,0,False,,True,False,False,False
15024,Apollo 15,Soil,4-10 mm,3.6,106.111,LM,,,True,9,9,False,,False,False,False,False
15025,Apollo 15,Breccia,Regolith,77.3,91.226,LM,,,True,52,52,True,https://curator.jsc.nasa.gov/lunar/lsc/15025.pdf,True,False,False,False
15026,Apollo 15,Breccia,Regolith,1.1,81.364,LM,,Glass-coated,True,4,4,False,,True,False,False,False
15027,Apollo 15,Breccia,Regolith,51.0,97.294,LM,,Vesicular glass,True,51,51,False,,True,False,False,False
15028,Apollo 15,Breccia,Regolith,59.4,95.286,LM,,Vesicular glass,True,70,70,True,https://curator.jsc.nasa.gov/lunar/lsc/15028.pdf,True,False,False,False
15030,Apollo 15,Soil,Unsieved,75.3,99.865,8,ALSEP,"Fines, Unsieved",False,0,0,True,https://curator.jsc.nasa.gov/lunar/lsc/15030.pdf,False,False,False,False
15031,Apollo 15,Soil,<1 mm,207.8,73.947,8,ALSEP,,True,9,9,False,,True,False,False,False
15032,Apollo 15,Soil,1-2 mm,7.0,81.614,8,ALSEP,"Fines, 1-2mm",False,0,0,False,,True,False,False,False
15033,Apollo 15,Soil,2-4 mm,6.6,100.0,8,ALSEP,"Fines, 2-4mm",False,0,0,False,,False,False,False,False
15034,Apollo 15,Soil,4-10 mm,7.0,96.0,8,ALSEP,,True,8,8,False,,False,False,False,False
15040,Apollo 15,Soil,Unsieved,113.4,99.843,8,ALSEP,"Fines, Unsieved",False,0,0,False,,False,False,False,False
15041,Apollo 15,Soil,<1 mm,269.6,78.155,8,ALSEP,,True,8,8,False,,True,False,False,False
15042,Apollo 15,Soil,1-2 mm,5.1,84.51,8,ALSEP,"Fines, 1-2mm",False,0,0,False,,True,False,False,False
15043,Apollo 15,Soil,2-4 mm,2.8,96.393,8,ALSEP,"Fines, 2-4mm",False,0,0,False,,True,False,False,False
15044,Apollo 15,Soil,4-10 mm,1.5,90.0,8,ALSEP,,True,5,5,False,,False,False,False,False
15058,Apollo 15,Basalt,Pigeonite,2672.0,65.729,8,ALSEP,"Porphyritic  pigeonite, subophitic, QNB, radiate plag",True,100,100,False,,True,False,True,False
15059,Apollo 15,Breccia,Regolith,1149.0,82.921,LM,,Vesicular glass,True,88,88,True,https://curator.jsc.nasa.gov/lunar/lsc/15059.pdf,True,False,False,False
15065,Apollo 15,Basalt,Pigeonite,1475.0,88.679,1,ELBOW CRATER,"Porphyritic pigeonite, subophitic QNB",True,102,102,False,,True,False,False,False
15070,Apollo 15,Soil,Unsieved,51.3,99.71,1,ELBOW CRATER,"Fines, Unsieved",False,0,0,False,,False,False,False,False
15071,Apollo 15,Soil,<1 mm,100.7,48.018,1,ELBOW CRATER,,True,1,1,True,https://curator.jsc.nasa.gov/lunar/lsc/15071.pdf,True,False,False,False
15072,Apollo 15,Soil,1-2 mm,3.0,51.667,1,ELBOW CRATER,"Fines, 1-2mm",False,0,0,False,,True,False,False,False
15073,Apollo 15,Soil,2-4 mm,1.4,100.0,1,ELBOW CRATER,"Fines, 2-4mm",False,0,0,False,,False,False,False,False
15074,Apollo 15,Soil,4-10 mm,1.3,85.615,1,ELBOW CRATER,,True,5,5,False,,False,False,False,False
15075,Apollo 15,Basalt,Pigeonite,809.3,55.95,1,ELBOW CRATER,Porphyritic pigeonite QNB,True,67,67,False,,True,False,True,False
15076,Apollo 15,Basalt,Pigeonite,400.5,85.6,1,ELBOW CRATER,Porphyritic pigeonite QNB,True,108,108,False,,True,False,False,False
15080,Apollo 15,Soil,Unsieved,73.5,85.469,1,ELBOW CRATER,"Fines, Unsieved",False,0,0,False,,False,False,False,False
15081,Apollo 15,Soil,<1 mm,106.9,77.934,1,ELBOW CRATER,,True,2,2,False,,True,False,False,False
15082,Apollo 15,Soil,1-2 mm,2.0,66.0,1,ELBOW CRATER,"Fines, 1-2mm",False,0,0,False,,True,False,False,False
15083,Apollo 15,Soil,2-4 mm,1.8,63.889,1,ELBOW CRATER,"Fines, 2-4mm",False,0,0,False,,False,False,False,False
15084,Apollo 15,Soil,4-10 mm,1.1,57.27,1,ELBOW CRATER,,True,3,2,False,,False,False,False,False
15085,Apollo 15,Basalt,Pigeonite,471.3,85.182,1,ELBOW CRATER,Porphyritic pigeonite QNB,True,105,105,False,,True,False,False,False
15086,Apollo 15,Breccia,Regolith,216.5,51.055,1,ELBOW CRATER,,True,75,75,True,https://curator.jsc.nasa.gov/lunar/lsc/15086.pdf,True,False,False,False
15087,Apollo 15,Basalt,Pigeonite,5.7,100.0,1,ELBOW CRATER,Porphyritic pigeonite QNB,True,6,6,False,,False,False,False,False
15088,Apollo 15,Breccia,Regolith,1.8,100.0,1,ELBOW CRATER,,True,6,6,False,,False,False,False,False
15090,Apollo 15,Soil,Unsieved,39.3,99.41,2,ST. GEORGE CRATER,"Fines, Unsieved",False,0,0,False,,False,False,False,False
15091,Apollo 15,Soil,<1 mm,162.9,88.06,2,ST. GEORGE CRATER,,True,3,3,True,https://curator.jsc.nasa.gov/lunar/lsc/15091.pdf,True,False,False,False
15092,Apollo 15,Soil,1-2 mm,2.7,90.741,2,ST. GEORGE CRATER,"Fines, 1-2mm",False,0,0,False,,False,False,False,False
15093,Apollo 15,Soil,2-4 mm,0.6,100.0,2,ST. GEORGE CRATER,"Fines, 2-4mm",False,0,0,False,,False,False,False,False
15095,Apollo 15,Breccia,Unstudied,25.5,93.37,2,ST. GEORGE CRATER,"Polymict, glass-coated",True,12,12,True,https://curator.jsc.nasa.gov/lunar/lsc/15095.pdf,True,False,False,False
15100,Apollo 15,Soil,Unsieved,281.0,90.488,2,ST. GEORGE CRATER,"Fines, Unsieved",False,0,0,True,https://curator.jsc.nasa.gov/lunar/lsc/15100.pdf,False,False,False,False
15101,Apollo 15,Soil,<1 mm,637.6,88.32,2,ST. GEORGE CRATER,,True,6,6,False,,True,False,False,False
15102,Apollo 15,Soil,1-2 mm,12.2,76.525,2,ST. GEORGE CRATER,"Fines, 1-2mm",False,0,0,False,,True,False,False,False
15103,Apollo 15,Soil,2-4 mm,4.1,62.927,2,ST. GEORGE CRATER,"Fines, 2-4mm",False,0,0,False,,True,False,False,False
15104,Apollo 15,Soil,4-10 mm,1.5,86.2,2,ST. GEORGE CRATER,,True,3,3,False,,True,False,False,False
15105,Apollo 15,Basalt,Olivine,5.6,86.07,2,ST. GEORGE CRATER,F.G. ol-norm,True,10,10,False,,True,False,False,False
15115,Apollo 15,Basalt,Pigeonite,4.0,85.5,2,ST. GEORGE CRATER,Porphyritic pigeonite QNB,True,8,8,True,https://curator.jsc.nasa.gov/lunar/lsc/15115.pdf,True,False,False,False
15116,Apollo 15,Basalt,Pigeonite,7.2,89.653,2,ST. GEORGE CRATER,Porphyritic pigeonite QNB,True,8,8,False,,True,False,False,False
15117,Apollo 15,Basalt,Pigeonite,23.3,78.67,2,ST. GEORGE CRATER,Porphyritic pigeonite QNB,True,12,12,False,,True,False,False,False
15118,Apollo 15,Basalt,Pigeonite,27.6,91.402,2,ST. GEORGE CRATER,Porphyritic pigeonite QNB,True,13,13,False,,True,False,False,False
15119,Apollo 15,Basalt,Olivine,14.1,74.071,2,ST. GEORGE CRATER,F.G. ol-norm mare basalt and regolith breccia,True,12,12,False,,True,False,False,False
15125,Apollo 15,Basalt,Pigeonite,6.5,86.123,2,ST. GEORGE CRATER,"Porphyritic pigeonite QNB, vitrophyre",True,12,12,False,,True,False,False,False
15135,Apollo 15,Breccia,Regolith,1.6,0.0,2,ST. GEORGE CRATER,Agglutinate,True,10,10,False,,True,False,False,False
15145,Apollo 15,Breccia,Regolith,15.1,87.748,2,ST. GEORGE CRATER,Monomict ol-norm (?) mare basalt breccia,True,10,10,False,,True,False,False,False
15146,Apollo 15,Breccia,Regolith,1.0,80.0,2,ST. GEORGE CRATER,Mare basalt (monomict?) breccia,True,3,3,False,,True,False,False,False
15147,Apollo 15,Breccia,Regolith,3.7,100.0,2,ST. GEORGE CRATER,,True,4,4,False,,False,False,False,False
15148,Apollo 15,Breccia,Regolith,3.0,100.0,2,ST. GEORGE CRATER,,True,3,3,False,,False,False,False,False
15200,Apollo 15,Soil,Unsieved,7.7,100.0,2,ST. GEORGE CRATER,"Fines, Unsieved",False,0,0,False,,False,False,False,False
15201,Apollo 15,Soil,<1 mm,18.3,88.765,2,ST. GEORGE CRATER,"Fines, < 1mm",False,0,0,False,,False,False,False,False
15202,Apollo 15,Soil,1-2 mm,0.4,75.0,2,ST. GEORGE CRATER,"Fines, 1-2mm",False,0,0,False,,False,False,False,False
15203,Apollo 15,Soil,2-4 mm,0.2,180.0,2,ST. GEORGE CRATER,"Fines, 2-4mm",False,0,0,False,,False,False,False,False
15204,Apollo 15,Soil,4-10 mm,0.1,80.0,2,ST. GEORGE CRATER,,True,1,1,False,,False,False,False,False
15205,Apollo 15,Breccia,Regolith,337.3,24.697,2,ST. GEORGE CRATER,Glass-coated,True,109,109,True,https://curator.jsc.nasa.gov/lunar/lsc/15205.pdf,True,False,False,False
15206,Apollo 15,Breccia,Impact Melt,92.0,62.239,2,ST. GEORGE CRATER,Melted regolith breccia,True,72,72,True,https://curator.jsc.nasa.gov/lunar/lsc/15206.pdf,True,False,False,False
15210,Apollo 15,Soil,Unsieved,221.2,94.53,2,ST. GEORGE CRATER,"Fines, Unsieved",False,0,0,False,,False,False,False,False
15211,Apollo 15,Soil,<1 mm,163.5,88.278,2,ST. GEORGE CRATER,,True,1,1,True,https://curator.jsc.nasa.gov/lunar/lsc/15211.pdf,True,False,False,False
15212,Apollo 15,Soil,1-2 mm,3.6,88.611,2,ST. GEORGE CRATER,"Fines, 1-2mm",False,0,0,False,,False,False,False,False
15213,Apollo 15,Soil,2-4 mm,2.4,100.0,2,ST. GEORGE CRATER,,True,1,1,False,,False,False,False,False
15214,Apollo 15,Soil,4-10 mm,0.2,70.0,2,ST. GEORGE CRATER,,True,1,1,False,,False,False,False,False
15220,Apollo 15,Soil,Unsieved,160.5,100.0,2,ST. GEORGE CRATER,"Fines, Unsieved",False,0,0,False,,False,False,False,False
15221,Apollo 15,Soil,<1 mm,290.0,87.993,2,ST. GEORGE CRATER,,True,7,7,True,https://curator.jsc.nasa.gov/lunar/lsc/15221.pdf,True,False,False,False
15222,Apollo 15,Soil,1-2 mm,2.4,65.417,2,ST. GEORGE CRATER,"Fines, 1-2mm",False,0,0,False,,True,False,False,False
15223,Apollo 15,Soil,2-4 mm,5.8,64.862,2,ST. GEORGE CRATER,"Fines, 2-4mm",False,0,0,False,,True,False,False,False
15224,Apollo 15,Soil,4-10 mm,7.0,68.971,2,ST. GEORGE CRATER,,True,9,9,False,,True,False,False,False
15230,Apollo 15,Soil,Unsieved,99.1,100.24,2,ST. GEORGE CRATER,"Fines, Unsieved",False,0,0,False,,False,False,False,False
15231,Apollo 15,Soil,<1 mm,233.9,88.503,2,ST. GEORGE CRATER,,True,6,6,True,https://curator.jsc.nasa.gov/lunar/lsc/15231.pdf,True,False,False,False
15232,Apollo 15,Soil,1-2 mm,5.2,69.173,2,ST. GEORGE CRATER,"Fines, 1-2mm",False,0,0,False,,False,False,False,False
15233,Apollo 15,Soil,2-4 mm,3.8,88.95,2,ST. GEORGE CRATER,"Fines, 2-4mm",False,0,0,False,,False,False,False,False
15234,Apollo 15,Soil,4-10 mm,1.8,88.39,2,ST. GEORGE CRATER,,True,3,3,False,,True,False,False,False
15240,Apollo 15,Soil,Unsieved,67.1,92.516,6,APPENINE FRONT,"Fines, Unsieved",False,0,0,False,,False,False,False,False
15241,Apollo 15,Soil,<1 mm,197.4,97.067,6,APENNINE FRONT,,True,8,8,True,https://curator.jsc.nasa.gov/lunar/lsc/15241.pdf,True,False,False,False
15242,Apollo 15,Soil,1-2 mm,18.9,100.0,6,APENNINE FRONT,"Fines, 1-2mm",False,0,0,False,,False,False,False,False
15243,Apollo 15,Soil,2-4 mm,31.8,51.025,6,APENNINE FRONT,"Fines, 2-4mm",False,0,0,False,,True,False,False,False
15244,Apollo 15,Soil,4-10 mm,32.6,94.33,6,APENNINE FRONT,,True,7,7,False,,False,False,False,False
15245,Apollo 15,Breccia,Regolith,115.5,91.755,6,APENNINE FRONT,Fragments of regolith breccia & glass,True,58,58,True,https://curator.jsc.nasa.gov/lunar/lsc/15245.pdf,True,False,False,False
15250,Apollo 15,Soil,Unsieved,207.0,98.957,6,APENNINE FRONT,"Fines, Unsieved",False,0,0,False,,False,False,False,False
15251,Apollo 15,Soil,<1 mm,380.9,96.11,6,APENNINE FRONT,,True,11,11,False,,True,False,False,False
15252,Apollo 15,Soil,1-2 mm,8.3,80.723,6,APENNINE FRONT,"Fines, 1-2mm",False,0,0,False,,True,False,False,False
15253,Apollo 15,Soil,2-4 mm,4.0,100.0,6,APENNINE FRONT,"Fines, 2-4mm",False,0,0,False,,False,False,False,False
15254,Apollo 15,Soil,4-10 mm,1.2,100.0,6,APENNINE FRONT,,True,4,3,False,,False,False,False,False
15255,Apollo 15,Breccia,Regolith,240.4,88.378,6,APENNINE FRONT,Glass-coated,True,67,67,True,https://curator.jsc.nasa.gov/lunar/lsc/15255.pdf,True,False,False,False
15256,Apollo 15,Basalt,Olivine,201.0,85.931,6,APENNINE FRONT,"Shock-melted ol-norm mare basalt (breccia?), one of a kind",True,80,80,False,,True,False,False,False
15257,Apollo 15,Breccia,Regolith,22.5,97.796,6,APENNINE FRONT,Glass-coated,True,12,12,False,,True,False,False,False
15259,Apollo 15,Breccia,Regolith,0.7,100.0,6,APENNINE FRONT,,True,4,4,False,,False,False,False,False
15260,Apollo 15,Soil,Unsieved,172.2,96.426,6,APPENINE FRONT,"Fines, Unsieved",False,0,0,False,,False,False,False,False
15261,Apollo 15,Soil,<1 mm,416.6,89.671,6,APENNINE FRONT,,True,8,8,True,https://curator.jsc.nasa.gov/lunar/lsc/15261.pdf,True,False,False,False
15262,Apollo 15,Soil,1-2 mm,9.0,87.667,6,APENNINE FRONT,"Fines, 1-2mm",False,0,0,False,,True,False,False,False
15263,Apollo 15,Soil,2-4 mm,6.7,70.746,6,APENNINE FRONT,"Fines, 2-4mm",False,0,0,False,,True,False,False,False
15264,Apollo 15,Soil,4-10 mm,4.5,87.489,6,APENNINE FRONT,,True,11,11,False,,False,False,False,False
15265,Apollo 15,Breccia,Regolith,314.1,79.579,6,APPENINE FRONT,,True,81,81,True,https://curator.jsc.nasa.gov/lunar/lsc/15265.pdf,True,False,False,False
15266,Apollo 15,Breccia,Regolith,271.4,93.905,6,APPENINE FRONT,,True,70,70,False,,True,False,False,False
15267,Apollo 15,Breccia,Regolith,1.8,106.5,6,APPENINE FRONT,,True,4,4,False,,False,False,False,False
15268,Apollo 15,Breccia,Regolith,11.0,81.255,6,APPENINE FRONT,,True,12,12,False,,True,False,False,False
15269,Apollo 15,Breccia,Regolith,6.0,0.0,6,APPENINE FRONT,Glass-coated,True,9,9,False,,True,False,False,False
15270,Apollo 15,Soil,Unsieved,319.0,95.053,6,APPENINE FRONT,"Fines, Unsieved",False,0,0,False,,False,False,False,False
15271,Apollo 15,Soil,<1 mm,798.3,81.26,6,APENNINE FRONT,,True,11,11,True,https://curator.jsc.nasa.gov/lunar/lsc/15271.pdf,True,False,False,False
15272,Apollo 15,Soil,1-2 mm,20.7,67.865,6,APENNINE FRONT,"Fines, 1-2mm",False,0,0,False,,True,False,False,False
15273,Apollo 15,Soil,2-4 mm,13.7,12.409,6,APENNINE FRONT,"Fines, 2-4mm",False,0,0,False,,True,False,False,False
15274,Apollo 15,Soil,4-10 mm,4.4,87.955,6,APENNINE FRONT,,True,10,9,False,,True,False,False,False
15281,Apollo 15,Residue,,107.0,100.0,6,APENNINE FRONT,,False,0,0,False,,False,False,False,False
15282,Apollo 15,Residue,,9.7,100.0,6,APENNINE FRONT,,False,0,0,False,,False,False,False,False
15283,Apollo 15,Residue,,13.3,100.0,6,APENNINE FRONT,,False,0,0,False,,False,False,False,False
15284,Apollo 15,Residue,,38.2,99.69,6,APENNINE FRONT,,False,0,0,False,,False,False,False,False
15285,Apollo 15,Breccia,Regolith,264.2,90.866,6,APPENINE FRONT,Glass-coated,True,75,75,True,https://curator.jsc.nasa.gov/lunar/lsc/15285.pdf,True,False,False,False
15286,Apollo 15,Breccia,Agglomerate,34.6,89.873,6,APPENINE FRONT,Glass and breccia fragments,True,19,19,True,https://curator.jsc.nasa.gov/lunar/lsc/15286.pdf,True,False,False,False
15287,Apollo 15,Breccia,Regolith,44.9,84.773,6,APPENINE FRONT,,True,14,14,True,https://curator.jsc.nasa.gov/lunar/lsc/15287.pdf,True,False,False,False
15288,Apollo 15,Breccia,Regolith,70.5,93.163,6,APPENINE FRONT,Glass-coated,True,58,58,True,https://curator.jsc.nasa.gov/lunar/lsc/15288.pdf,True,False,False,False
15289,Apollo 15,Breccia,Regolith,24.1,87.63,6,APPENINE FRONT,,True,16,16,False,,True,False,False,False
15290,Apollo 15,Soil,Unsieved,55.0,90.909,6,APPENINE FRONT,"Fines, Unsieved",False,0,0,False,,False,False,False,False
15291,Apollo 15,Soil,<1 mm,169.0,94.022,6,APENNINE FRONT,,True,10,10,True,https://curator.jsc.nasa.gov/lunar/lsc/15291.pdf,True,False,False,False
15292,Apollo 15,Soil,1-2 mm,5.4,79.852,6,APENNINE FRONT,"Fines, 1-2mm",False,0,0,False,,False,False,False,False
15293,Apollo 15,Soil,2-4 mm,6.7,100.0,6,APENNINE FRONT,"Fines, 2-4mm",False,0,0,False,,False,False,False,False
15294,Apollo 15,Soil,4-10 mm,10.2,99.902,6,APENNINE FRONT,,True,8,8,False,,True,False,False,False
15295,Apollo 15,Breccia,Regolith,947.3,96.755,6,APENNINE FRONT,,True,172,172,True,https://curator.jsc.nasa.gov/lunar/lsc/15295.pdf,True,False,False,False
15297,Apollo 15,Breccia,Regolith,34.9,90.69,6,APENNINE FRONT,,True,17,17,True,https://curator.jsc.nasa.gov/lunar/lsc/15297.pdf,False,False,False,False
15298,Apollo 15,Breccia,Regolith,1731.0,97.766,6,APENNINE FRONT,Glass-coated,True,127,127,True,https://curator.jsc.nasa.gov/lunar/lsc/15298.pdf,True,False,False,False
15299,Apollo 15,Breccia,Regolith,1692.0,94.794,6,APENNINE FRONT,,True,95,95,True,https://curator.jsc.nasa.gov/lunar/lsc/15299.pdf,True,False,False,False
15300,Apollo 15,Soil,Unsieved,390.7,98.198,7,SPUR CRATER,"Fines, Unsieved",False,0,0,False,,False,False,False,False
15301,Apollo 15,Soil,<1 mm,810.2,75.925,7,SPUR CRATER,,True,12,12,True,https://curator.jsc.nasa.gov/lunar/lsc/15301.pdf,True,False,False,False
15302,Apollo 15,Soil,1-2 mm,23.2,72.78,7,SPUR CRATER,"Fines, 1-2mm",False,0,0,False,,True,False,False,False
15303,Apollo 15,Soil,2-4 mm,12.7,74.85,7,SPUR CRATER,,True,1,1,False,,True,False,False,False
15304,Apollo 15,Soil,4-10 mm,7.3,28.671,7,SPUR CRATER,,True,16,16,False,,True,False,False,False
15305,Apollo 15,Soil,Unsieved,0.0,100.0,7,SPUR CRATER,,True,3,3,False,,False,False,False,False
15306,Apollo 15,Breccia,Regolith,134.2,91.918,7,SPUR CRATER,,True,49,49,True,https://curator.jsc.nasa.gov/lunar/lsc/15306.pdf,True,False,False,False
15307,Apollo 15,Breccia,Glass,1.3,100.0,7,SPUR CRATER,Hollow glass sphere,True,4,4,True,https://curator.jsc.nasa.gov/lunar/lsc/15307.pdf,False,False,False,False
15308,Apollo 15,Breccia,Impact Melt,1.7,70.235,7,SPUR CRATER,Glassy impact melt (?),True,8,8,True,https://curator.jsc.nasa.gov/lunar/lsc/15308.pdf,True,False,False,False
15310,Apollo 15,Soil,Unsieved,140.6,100.0,7,SPUR CRATER,"Fines, Unsieved",False,0,0,False,,False,False,False,False
15311,Apollo 15,Soil,<1 mm,295.0,95.203,7,SPUR CRATER,,True,5,5,True,https://curator.jsc.nasa.gov/lunar/lsc/15311.pdf,True,False,False,False
15312,Apollo 15,Soil,1-2 mm,10.1,100.0,7,SPUR CRATER,"Fines, 1-2mm",False,0,0,False,,False,False,False,False
15313,Apollo 15,Soil,2-4 mm,9.8,0.0,7,SPUR CRATER,"Fines, 2-4mm",False,0,0,False,,True,False,False,False
15314,Apollo 15,Soil,4-10 mm,8.4,46.429,7,SPUR CRATER,,True,34,33,False,,True,False,False,False
15315,Apollo 15,Breccia,Regolith,35.6,96.944,7,SPUR CRATER,,True,14,14,False,,True,False,False,False
15316,Apollo 15,Breccia,Regolith,6.1,91.148,7,SPUR CRATER,,True,10,10,False,,True,False,False,False
15317,Apollo 15,Breccia,Regolith,0.6,100.0,7,SPUR CRATER,,True,4,4,False,,False,False,False,False
15318,Apollo 15,Breccia,Regolith,5.4,81.481,7,SPUR CRATER,,True,8,8,False,,True,False,False,False
15319,Apollo 15,Breccia,Regolith,8.0,86.6,7,SPUR CRATER,,True,8,8,False,,False,False,False,False
15320,Apollo 15,Breccia,Regolith,4.7,100.0,7,SPUR CRATER,,True,4,4,False,,False,False,False,False
15321,Apollo 15,Breccia,Regolith,0.3,100.0,7,SPUR CRATER,,True,5,5,False,,False,False,False,False
15322,Apollo 15,Breccia,Regolith,8.4,87.024,7,SPUR CRATER,,True,3,3,False,,True,False,False,False
15323,Apollo 15,Breccia,Regolith,4.4,84.32,7,SPUR CRATER,,True,15,15,False,,True,False,False,False
15324,Apollo 15,Breccia,Regolith,32.3,87.368,7,SPUR CRATER,,True,7,6,False,,True,False,False,False
15325,Apollo 15,Breccia,Regolith,57.8,96.886,7,SPUR CRATER,Glass-coated,True,6,6,False,,True,False,False,False
15326,Apollo 15,Breccia,Regolith,2.5,66.0,7,SPUR CRATER,,True,7,7,False,,True,False,False,False
15327,Apollo 15,Breccia,Impact Melt,12.4,88.95,7,SPUR CRATER,Clast-rich glassy melt breccia,True,16,16,False,,True,False,False,False
15328,Apollo 15,Breccia,Regolith,0.3,100.0,7,SPUR CRATER,,True,4,4,False,,False,False,False,False
15329,Apollo 15,Breccia,Regolith,2.2,65.45,7,SPUR CRATER,Glass-coated,True,13,13,False,,True,False,False,False
15330,Apollo 15,Breccia,Regolith,57.8,97.509,7,SPUR CRATER,,True,12,12,False,,True,False,False,False
15331,Apollo 15,Breccia,Regolith,2.6,80.769,7,SPUR CRATER,,True,9,9,False,,True,False,False,False
15332,Apollo 15,Breccia,Agglomerate,2.3,79.13,7,SPUR CRATER,Agglutinate,True,8,8,False,,True,False,False,False
15333,Apollo 15,Breccia,Regolith,0.3,100.0,7,SPUR CRATER,,False,0,0,False,,False,False,False,False
15334,Apollo 15,Breccia,Regolith,7.5,87.467,7,SPUR CRATER,,True,9,9,False,,False,False,False,False
15335,Apollo 15,Breccia,Regolith,6.0,94.333,7,SPUR CRATER,,True,9,9,False,,True,False,False,False
15336,Apollo 15,Breccia,Regolith,0.2,100.0,7,SPUR CRATER,Glass-coated,False,0,0,False,,False,False,False,False
15337,Apollo 15,Breccia,Regolith,4.3,88.14,7,SPUR CRATER,,True,8,8,False,,True,False,False,False
15338,Apollo 15,Breccia,Regolith,11.1,100.0,7,SPUR CRATER,,True,4,4,False,,False,False,False,False
15339,Apollo 15,Breccia,Regolith,0.4,100.0,7,SPUR CRATER,,True,4,4,False,,False,False,False,False
15340,Apollo 15,Breccia,Agglomerate,0.9,100.0,7,SPUR CRATER,Glass,True,4,4,False,,False,False,False,False
15341,Apollo 15,Breccia,Regolith,1.6,81.25,7,SPUR CRATER,,True,3,3,False,,True,False,False,False
15342,Apollo 15,Breccia,Regolith,7.5,90.267,7,SPUR CRATER,,True,12,12,False,,True,False,False,False
15343,Apollo 15,Breccia,Regolith,6.9,89.565,7,SPUR CRATER,,True,9,9,False,,True,False,False,False
15344,Apollo 15,Breccia,Regolith,7.9,91.266,7,SPUR CRATER,Glass-coated,True,8,8,False,,True,False,False,False
15345,Apollo 15,Breccia,Agglomerate,12.3,88.618,7,SPUR CRATER,Vesicular glass/breccia clast,True,8,8,False,,True,False,False,False
15346,Apollo 15,Breccia,Regolith,3.1,73.548,7,SPUR CRATER,,True,9,9,False,,True,False,False,False
15347,Apollo 15,Breccia,Regolith,3.2,77.813,7,SPUR CRATER,,True,6,6,False,,True,False,False,False
15348,Apollo 15,Breccia,Regolith,0.3,100.0,7,SPUR CRATER,,True,4,4,False,,False,False,False,False
15349,Apollo 15,Breccia,Regolith,2.3,71.304,7,SPUR CRATER,,True,4,4,False,,True,False,False,False
15350,Apollo 15,Breccia,Regolith,2.9,77.931,7,SPUR CRATER,,True,4,4,False,,True,False,False,False
15351,Apollo 15,Breccia,Regolith,4.2,87.381,7,SPUR CRATER,,True,5,5,False,,True,False,False,False
15352,Apollo 15,Breccia,Regolith,2.9,77.586,7,SPUR CRATER,Glass-coated,True,8,8,False,,True,False,False,False
15353,Apollo 15,Breccia,Regolith,10.6,94.434,7,SPUR CRATER,,True,8,8,False,,True,False,False,False
15354,Apollo 15,Breccia,Regolith,0.3,0.0,7,SPUR CRATER,,True,4,4,False,,False,False,False,False
15355,Apollo 15,Breccia,Regolith,5.2,84.808,7,SPUR CRATER,,True,14,14,False,,True,False,False,False
15356,Apollo 15,Breccia,Impact Melt,2.0,61.3,7,SPUR CRATER,F.G. impact melt,True,7,7,True,https://curator.jsc.nasa.gov/lunar/lsc/15356.pdf,True,False,False,False
15357,Apollo 15,Breccia,Impact Melt,11.8,82.424,7,SPUR CRATER,F.G. impact melt,True,10,10,True,https://curator.jsc.nasa.gov/lunar/lsc/15357.pdf,True,False,False,False
15358,Apollo 15,Breccia,Impact Melt,14.6,86.938,7,SPUR CRATER,Glassy breccia with KREEP basalt clasts,True,13,13,True,https://curator.jsc.nasa.gov/lunar/lsc/15358.pdf,True,False,False,False
15359,Apollo 15,Breccia,Impact Melt,4.2,82.5,7,SPUR CRATER,F.G. impact melt,True,11,11,True,https://curator.jsc.nasa.gov/lunar/lsc/15359.pdf,True,False,False,False
15360,Apollo 15,Breccia,Regolith,9.3,91.72,7,SPUR CRATER,,True,9,9,False,,True,False,False,False
15361,Apollo 15,Crustal,Cataclastic,0.9,66.556,7,SPUR CRATER,Anorthosite,True,4,4,False,,True,False,False,False
15362,Apollo 15,Crustal,Cataclastic,4.2,56.881,7,SPUR CRATER,Cataclastic ferroan anorthosite,True,5,5,True,https://curator.jsc.nasa.gov/lunar/lsc/15362.pdf,True,False,False,False
15363,Apollo 15,Crustal,Cataclastic,0.5,71.0,7,SPUR CRATER,Anorthosite,True,4,4,False,,True,False,False,False
15364,Apollo 15,Breccia,Fragmental,1.5,67.533,7,SPUR CRATER,Anorthositic (monomict?),True,5,5,False,,True,False,False,False
15365,Apollo 15,Breccia,Clod,2.9,77.586,7,SPUR CRATER,Indurated green glass clod,True,5,5,False,,True,False,False,False
15366,Apollo 15,Breccia,Clod,3.3,61.818,7,SPUR CRATER,Green glass clod,True,4,4,False,,True,False,False,False
15367,Apollo 15,Breccia,Clod,1.1,0.0,7,SPUR CRATER,Green glass clod,True,3,3,False,,False,False,False,False
15368,Apollo 15,Breccia,Clod,0.4,0.0,7,SPUR CRATER,Green glass clod,True,4,4,False,,False,False,False,False
15369,Apollo 15,Breccia,Clod,2.5,66.0,7,SPUR CRATER,Green glass clod,True,6,6,False,,True,False,False,False
15370,Apollo 15,Breccia,Clod,2.9,73.172,7,SPUR CRATER,Green glass clod,True,4,4,False,,True,False,False,False
15371,Apollo 15,Breccia,Clod,0.5,0.0,7,SPUR CRATER,Green glass clod,True,7,7,False,,True,False,False,False
15372,Apollo 15,Breccia,Clod,0.8,0.0,7,SPUR CRATER,Green glass clod,True,3,3,False,,False,False,False,False
15373,Apollo 15,Breccia,Clod,0.6,0.0,7,SPUR CRATER,Green glass clod,True,4,4,False,,False,False,False,False
15374,Apollo 15,Breccia,Clod,1.0,0.0,7,SPUR CRATER,Green glass clod,True,4,4,False,,False,False,False,False
15375,Apollo 15,Breccia,Clod,0.4,0.0,7,SPUR CRATER,Green glass clod,True,4,4,False,,False,False,False,False
15376,Apollo 15,Breccia,Clod,1.0,39.0,7,SPUR CRATER,Green glass clod,True,5,5,False,,True,False,False,False
15377,Apollo 15,Breccia,Clod,0.5,0.0,7,SPUR CRATER,Green glass clod,True,4,4,False,,False,False,False,False
15378,Apollo 15,Breccia,Regolith,3.3,80.788,7,SPUR CRATER,Regolith breccia,True,4,4,False,,True,False,False,False
15379,Apollo 15,Basalt,Olivine,64.3,83.064,7,SPUR CRATER,F.G. ol-norm,True,13,13,False,,True,False,False,False
15380,Apollo 15,Basalt,Olivine,5.2,83.212,7,SPUR CRATER,F.G. ol-norm,True,8,8,False,,True,False,False,False
15381,Apollo 15,Basalt,Olivine,0.3,100.0,7,SPUR CRATER,F.G. ol-norm,True,4,4,False,,False,False,False,False
15382,Apollo 15,Basalt,KREEP,3.2,52.063,7,SPUR CRATER,KREEP basalt,True,16,16,True,https://curator.jsc.nasa.gov/lunar/lsc/15382.pdf,True,False,False,False
15383,Apollo 15,Breccia,Agglomerate,1.4,82.857,7,SPUR CRATER,Glass with monomict (basalt) clast assemblage,True,13,13,False,,True,False,False,False
15384,Apollo 15,Basalt,Olivine,1.4,13.571,7,SPUR CRATER,M.G. ol-norm,True,13,13,False,,True,False,False,False
15385,Apollo 15,Basalt,Olivine,8.7,56.368,7,SPUR CRATER,Feldspathic peridotite,True,9,9,True,https://curator.jsc.nasa.gov/lunar/lsc/15385.pdf,True,False,False,False
15386,Apollo 15,Basalt,KREEP,7.5,38.987,7,SPUR CRATER,KREEP basalt,True,10,10,True,https://curator.jsc.nasa.gov/lunar/lsc/15386.pdf,True,False,False,False
15387,Apollo 15,Basalt,Olivine,2.0,75.8,7,SPUR CRATER,Feldspathic peridotite,True,7,7,False,,True,False,False,False
15388,Apollo 15,Basalt,Pigeonite,9.0,22.6,7,SPUR CRATER,Feldspathic microgabbro,True,11,11,True,https://curator.jsc.nasa.gov/lunar/lsc/15388.pdf,True,False,False,False
15389,Apollo 15,Breccia,Agglomerate,2.8,73.571,7,SPUR CRATER,Agglutinate,True,7,7,False,,True,False,False,False
15390,Apollo 15,Breccia,Agglomerate,3.5,98.0,7,SPUR CRATER,Vesicular glass and breccia,True,8,8,False,,False,False,False,False
15391,Apollo 15,Breccia,Agglomerate,0.3,0.0,7,SPUR CRATER,Glass (with breccia clasts?),True,4,4,False,,False,False,False,False
15392,Apollo 15,Breccia,Glass,0.4,100.0,7,SPUR CRATER,Glass,True,4,4,False,,False,False,False,False
15400,Apollo 15,Soil,Unsieved,47.5,99.24,6A,,"Fines, Unsieved",False,0,0,False,,False,False,False,False
15401,Apollo 15,Soil,<1 mm,86.4,76.813,6A,,,True,2,2,True,https://curator.jsc.nasa.gov/lunar/lsc/15401.pdf,True,False,False,False
15402,Apollo 15,Soil,1-2 mm,4.8,88.542,6A,,"Fines, 1-2mm",False,0,0,False,,True,False,False,False
15403,Apollo 15,Soil,2-4 mm,6.1,0.0,6A,,"Fines, 2-4mm",False,0,0,False,,True,False,False,False
15404,Apollo 15,Soil,4-10 mm,7.9,77.633,6A,,,True,15,14,False,,True,False,False,False
15405,Apollo 15,Breccia,Impact Melt,513.1,35.907,6A,,F.G. impact melt (KREEP),True,66,66,True,https://curator.jsc.nasa.gov/lunar/lsc/15405.pdf,True,False,False,False
15410,Apollo 15,Soil,Unsieved,56.2,100.0,7,SPUR CRATER,"Fines, Unsieved",False,0,0,True,https://curator.jsc.nasa.gov/lunar/lsc/15410.pdf,False,False,False,False
15411,Apollo 15,Soil,<1 mm,103.3,89.807,7,SPUR CRATER,,True,4,4,False,,True,False,False,False
15412,Apollo 15,Soil,1-2 mm,7.1,84.507,7,SPUR CRATER,"Fines, 1-2mm",False,0,0,False,,True,False,False,False
15413,Apollo 15,Soil,2-4 mm,6.7,91.79,7,SPUR CRATER,"Fines, 2-4mm",False,0,0,False,,False,False,False,False
15414,Apollo 15,Soil,4-10 mm,4.0,3.125,7,SPUR CRATER,,True,11,11,False,,True,False,False,False
15415,Apollo 15,Crustal,Anorthosite,269.4,67.071,7,SPUR CRATER,Ferroan anorthosite,True,95,95,True,https://curator.jsc.nasa.gov/lunar/lsc/15415.pdf,True,False,False,False
15417,Apollo 15,Breccia,Regolith,1.3,73.08,7,SPUR CRATER,,True,11,11,False,,True,False,False,False
15418,Apollo 15,Breccia,Impact Melt,1141.0,78.19,7,SPUR CRATER,"Shocked/melted breccia (""anorthositic gabbro"")",True,79,79,True,https://curator.jsc.nasa.gov/lunar/lsc/15418.pdf,True,False,False,False
15419,Apollo 15,Breccia,Regolith,17.7,100.0,7,SPUR CRATER,Glass-coated,True,6,6,False,,False,False,False,False
15421,Apollo 15,Soil,<1 mm,254.7,82.479,7,SPUR CRATER,,True,2,2,False,,False,False,False,False
15422,Apollo 15,Soil,1-2 mm,15.9,97.48,7,SPUR CRATER,"Fines, 1-2mm",False,0,0,False,,False,False,False,False
15423,Apollo 15,Soil,2-4 mm,18.3,99.333,7,SPUR CRATER,"Fines, 2-4mm",False,0,0,False,,False,False,False,False
15424,Apollo 15,Soil,4-10 mm,19.5,50.71,7,SPUR CRATER,"Fines, 4-10mm",False,0,0,False,,False,False,False,False
15425,Apollo 15,Breccia,Clod,136.3,84.654,7,SPUR CRATER,Green glass clods,True,25,25,True,https://curator.jsc.nasa.gov/lunar/lsc/15425.pdf,True,False,False,False
15426,Apollo 15,Breccia,Clod,223.6,67.309,7,SPUR CRATER,Green glass clods,True,47,47,False,,True,False,False,False
15427,Apollo 15,Breccia,Clod,115.9,84.579,7,SPUR CRATER,Green glass clods,True,30,30,False,,True,False,False,False
15431,Apollo 15,Soil,<1 mm,475.7,97.064,7,SPUR CRATER,"Fines, < 1mm",False,0,0,True,https://curator.jsc.nasa.gov/lunar/lsc/15431.pdf,True,False,False,False
15432,Apollo 15,Soil,1-2 mm,39.7,100.0,7,SPUR CRATER,"Fines, 1-2mm",False,0,0,False,,False,False,False,False
15433,Apollo 15,Soil,2-4 mm,31.2,78.526,7,SPUR CRATER,"Fines, 2-4mm",False,0,0,False,,True,False,False,False
15434,Apollo 15,Soil,4-10 mm,51.6,9.888,7,SPUR CRATER,,True,86,86,False,,True,False,False,False
15435,Apollo 15,Breccia,Regolith,206.8,97.165,7,SPUR CRATER,Regolith clod,True,23,23,True,https://curator.jsc.nasa.gov/lunar/lsc/15435.pdf,True,False,False,False
15436,Apollo 15,Breccia,Impact Melt,3.5,90.229,7,SPUR CRATER,F.G. impact melt,True,3,3,True,https://curator.jsc.nasa.gov/lunar/lsc/15436.pdf,True,False,False,False
15437,Apollo 15,Crustal,Anorthosite,1.0,80.0,7,SPUR CRATER,Ferroan anorthosite,True,8,8,False,,True,False,False,False
15445,Apollo 15,Breccia,Impact Melt,287.2,84.05,7,SPUR CRATER,F.G. impact melt with pristine clasts,True,131,131,True,https://curator.jsc.nasa.gov/lunar/lsc/15445.pdf,True,False,False,False
15455,Apollo 15,Breccia,Impact Melt,937.2,83.966,7,SPUR CRATER,F.G. impact melt with pristine clasts,True,165,165,True,https://curator.jsc.nasa.gov/lunar/lsc/15455.pdf,True,False,False,False
15459,Apollo 15,Breccia,Regolith,5854.0,89.122,7,SPUR CRATER,Regolith breccia,True,197,197,True,https://curator.jsc.nasa.gov/lunar/lsc/15459.pdf,True,False,True,False
15465,Apollo 15,Breccia,Regolith,376.0,85.743,7,SPUR CRATER,Glass with regolith breccia clasts,True,84,84,True,https://curator.jsc.nasa.gov/lunar/lsc/15465.pdf,True,False,False,False
15466,Apollo 15,Breccia,Regolith,119.2,93.347,7,SPUR CRATER,Glass with regolith breccia clasts,True,54,54,False,,True,False,False,False
15467,Apollo 15,Breccia,Regolith,1.1,82.455,7,SPUR CRATER,Regolith breccia/glass,True,10,10,False,,True,False,False,False
15468,Apollo 15,Breccia,Regolith,1.3,67.692,7,SPUR CRATER,Glassy breccia,True,10,10,False,,True,False,False,False
15469,Apollo 15,Unclassified,,0.0,0.0,,,,False,0,0,False,,False,False,False,False
15470,Apollo 15,Soil,Unsieved,82.2,97.819,4,DUNE CRATER,"Fines, Unsieved",False,0,0,False,,False,False,False,False
15471,Apollo 15,Soil,<1 mm,153.0,68.839,4,DUNE CRATER,"Fines, < 1mm",False,0,0,True,https://curator.jsc.nasa.gov/lunar/lsc/15471.pdf,True,False,False,False
15472,Apollo 15,Soil,1-2 mm,6.1,72.82,4,DUNE CRATER,"Fines, 1-2mm",False,0,0,False,,True,False,False,False
15473,Apollo 15,Soil,2-4 mm,4.5,70.0,4,DUNE CRATER,"Fines, 2-4mm",False,0,0,False,,True,False,False,False
15474,Apollo 15,Soil,4-10 mm,4.7,88.809,4,DUNE CRATER,,True,15,15,False,,True,False,False,False
15475,Apollo 15,Basalt,Pigeonite,406.8,49.6,4,DUNE CRATER,Porphyritic pigeonite QNB,True,162,162,True,https://curator.jsc.nasa.gov/lunar/lsc/15475.pdf,True,False,True,False
15476,Apollo 15,Basalt,Pigeonite,266.3,82.686,4,DUNE CRATER,Porphyritic pigeonite QNB,True,73,73,True,https://curator.jsc.nasa.gov/lunar/lsc/15476.pdf,True,False,False,False
15477,Apollo 15,Unclassified,,0.0,0.0,,,,True,2,2,False,,False,False,False,False
15478,Apollo 15,Unclassified,,0.0,0.0,,,,False,0,0,False,,False,False,False,False
15485,Apollo 15,Basalt,Pigeonite,104.9,88.88,4,DUNE CRATER,Vitrophyric qz-norm,True,64,64,False,,True,False,False,False
15486,Apollo 15,Basalt,Pigeonite,46.8,73.566,4,DUNE CRATER,Vitrophyric qz-norm,True,36,36,True,https://curator.jsc.nasa.gov/lunar/lsc/15486.pdf,True,False,False,False
15495,Apollo 15,Basalt,Pigeonite,908.9,75.169,4,DUNE CRATER,Porphyritic pigeonite QNB,True,118,118,True,https://curator.jsc.nasa.gov/lunar/lsc/15495.pdf,True,False,False,False
15498,Apollo 15,Breccia,Regolith,2340.0,34.11,4,DUNE CRATER,Glass-coated,True,62,62,True,https://curator.jsc.nasa.gov/lunar/lsc/15498.pdf,True,False,False,False
15499,Apollo 15,Basalt,Pigeonite,2024.0,73.144,4,DUNE CRATER,Vitrophyric qz-norm,True,102,102,True,https://curator.jsc.nasa.gov/lunar/lsc/15499.pdf,True,False,True,False
15500,Apollo 15,Soil,Unsieved,24.8,100.0,9,SCARP CRATER,"Fines, Unsieved",False,0,0,False,,False,False,False,False
15501,Apollo 15,Soil,<1 mm,103.0,74.019,9,SCARP CRATER,"Fines, < 1mm",False,0,0,True,https://curator.jsc.nasa.gov/lunar/lsc/15501.pdf,True,False,False,False
15502,Apollo 15,Soil,1-2 mm,4.4,62.5,9,SCARP CRATER,"Fines, 1-2mm",False,0,0,False,,True,False,False,False
15503,Apollo 15,Soil,2-4 mm,3.8,100.0,9,SCARP CRATER,"Fines, 2-4mm",False,0,0,False,,False,False,False,False
15504,Apollo 15,Soil,4-10 mm,4.1,100.73,9,SCARP CRATER,,True,2,2,False,,False,False,False,False
15505,Apollo 15,Breccia,Regolith,1147.0,88.718,9,SCARP CRATER,Glass-coated,True,74,74,True,https://curator.jsc.nasa.gov/lunar/lsc/15505.pdf,True,False,False,False
15506,Apollo 15,Breccia,Regolith,22.9,100.0,9,SCARP CRATER,Glass-coated,True,6,6,True,https://curator.jsc.nasa.gov/lunar/lsc/15506.pdf,False,False,False,False
15507,Apollo 15,Breccia,Glass,3.9,100.0,9,SCARP CRATER,"Glass, vesicular ellipsoid",True,4,4,True,https://curator.jsc.nasa.gov/lunar/lsc/15507.pdf,False,False,False,False
15508,Apollo 15,Breccia,Regolith,1.4,100.0,9,SCARP CRATER,Glass-coated,True,5,5,False,,False,False,False,False
15510,Apollo 15,Soil,Unsieved,72.3,100.0,9,SCARP CRATER,"Fines, Unsieved",False,0,0,False,,False,False,False,False
15511,Apollo 15,Soil,<1 mm,193.1,96.7,9,SCARP CRATER,"Fines, < 1mm",False,0,0,False,,False,False,False,False
15512,Apollo 15,Soil,1-2 mm,4.9,100.0,9,SCARP CRATER,"Fines, 1-2mm",False,0,0,False,,False,False,False,False
15513,Apollo 15,Soil,2-4 mm,4.4,100.0,9,SCARP CRATER,"Fines, 2-4mm",False,0,0,False,,False,False,False,False
15514,Apollo 15,Soil,4-10 mm,1.1,79.909,9,SCARP CRATER,,True,12,12,False,,False,False,False,False
15515,Apollo 15,Breccia,Clod,144.7,79.737,9,SCARP CRATER,Regolith clods,True,15,15,True,https://curator.jsc.nasa.gov/lunar/lsc/15515.pdf,True,False,False,False
15528,Apollo 15,Breccia,Regolith,4.7,89.128,9A,HADLEY RILLE,,True,13,13,False,,True,False,False,False
15529,Apollo 15,Basalt,Olivine,1531.0,98.371,9A,HADLEY RILLE,M.G. ol-norm,True,44,44,True,https://curator.jsc.nasa.gov/lunar/lsc/15529.pdf,True,False,False,False
15530,Apollo 15,Soil,Unsieved,138.0,100.0,9A,HADLEY RILLE,"Fines, Unsieved",False,0,0,False,,False,False,False,False
15531,Apollo 15,Soil,<1 mm,136.0,83.754,9A,HADLEY RILLE,,True,6,6,False,,True,False,False,False
15532,Apollo 15,Soil,1-2 mm,6.3,80.206,9A,HADLEY RILLE,"Fines, 1-2mm",False,0,0,False,,True,False,False,False
15533,Apollo 15,Soil,2-4 mm,5.4,90.926,9A,HADLEY RILLE,"Fines, 2-4mm",False,0,0,False,,False,False,False,False
15534,Apollo 15,Soil,4-10 mm,6.0,91.217,9A,HADLEY RILLE,,True,12,12,False,,False,False,False,False
15535,Apollo 15,Basalt,Olivine,404.4,82.618,9A,HADLEY RILLE,F.G. ol-norm,True,74,74,True,https://curator.jsc.nasa.gov/lunar/lsc/15535.pdf,True,False,False,False
15536,Apollo 15,Basalt,Olivine,317.2,93.971,9A,HADLEY RILLE,M.G. ol-norm,True,51,51,False,,True,False,False,False
15537,Apollo 15,Basalt,Olivine,1.9,65.316,9A,HADLEY RILLE,M.G. ol-norm,True,10,10,False,,True,False,False,False
15538,Apollo 15,Basalt,Olivine,2.6,78.346,9A,HADLEY RILLE,M.G. ol-norm,True,11,11,False,,True,False,False,False
15545,Apollo 15,Basalt,Olivine,746.6,72.842,9A,HADLEY RILLE,F.G. ol-norm,True,93,93,True,https://curator.jsc.nasa.gov/lunar/lsc/15545.pdf,True,False,True,False
15546,Apollo 15,Basalt,Olivine,27.8,69.698,9A,HADLEY RILLE,C.G. ol-norm,True,16,16,False,,True,False,False,False
15547,Apollo 15,Basalt,Olivine,20.1,70.294,9A,HADLEY RILLE,C.G. ol-norm,True,21,21,False,,True,False,False,False
15548,Apollo 15,Basalt,Olivine,3.3,76.879,9A,HADLEY RILLE,F.G. ol-norm,True,10,10,False,,True,False,False,False
15555,Apollo 15,Basalt,Olivine,9614.0,46.605,9A,HADLEY RILLE,M.G. ol-norm,True,143,143,False,,True,False,True,False
15556,Apollo 15,Basalt,Olivine,1542.0,85.14,9A,HADLEY RILLE,F.G. ol-norm,True,91,91,False,,True,True,False,False
15557,Apollo 15,Basalt,Olivine,2518.0,94.807,9A,HADLEY RILLE,F.G. ol-norm,True,95,95,True,https://curator.jsc.nasa.gov/lunar/lsc/15557.pdf,True,False,False,False
15558,Apollo 15,Breccia,Regolith,1333.0,97.606,9,HADLEY RILLE,Glass-coated,True,64,64,True,https://curator.jsc.nasa.gov/lunar/lsc/15558.pdf,True,False,False,False
15561,Apollo 15,Residue,,112.5,100.0,9A,HADLEY RILLE,,False,0,0,False,,False,False,False,False
15562,Apollo 15,Residue,,20.6,100.0,9A,HADLEY RILLE,,False,0,0,False,,False,False,False,False
15563,Apollo 15,Residue,,30.4,100.0,9A,HADLEY RILLE,,False,0,0,False,,False,False,False,False
15564,Apollo 15,Residue,,50.0,109.032,9A,HADLEY RILLE,,False,0,0,False,,False,False,False,False
15565,Apollo 15,Breccia,Regolith,822.6,75.167,9A,HADLEY RILLE,Fragments,True,159,159,True,https://curator.jsc.nasa.gov/lunar/lsc/15565.pdf,True,False,False,False
15566,Apollo 15,Unclassified,,0.0,0.0,,,,False,0,0,False,,False,False,False,False
15567,Apollo 15,Unclassified,,0.0,0.0,,,,False,0,0,False,,False,False,False,False
15587,Apollo 15,Unclassified,,0.0,0.0,,,,False,0,0,False,,False,False,False,False
15595,Apollo 15,Basalt,Pigeonite,237.6,86.856,9A,HADLEY RILLE,"Porphyritic pigeonite QNB, spherulitic qz-norm",True,65,65,True,https://curator.jsc.nasa.gov/lunar/lsc/15595.pdf,True,False,False,False
15596,Apollo 15,Basalt,Pigeonite,224.8,89.246,9A,HADLEY RILLE,"Porphyritic pigeonite QNB, spherulitic qz-norm",True,54,54,False,,True,False,False,False
15597,Apollo 15,Basalt,Pigeonite,145.7,77.642,9A,HADLEY RILLE,Vitrophyric qz-norm,True,86,86,True,https://curator.jsc.nasa.gov/lunar/lsc/15597.pdf,True,False,False,False
15598,Apollo 15,Basalt,Olivine,135.7,90.01,9A,HADLEY RILLE,F.G. ol-norm,True,48,48,True,https://curator.jsc.nasa.gov/lunar/lsc/15598.pdf,True,False,False,False
15600,Apollo 15,Soil,Unsieved,417.5,92.259,9A,HADLEY RILLE,,False,0,0,False,,False,False,False,False
15601,Apollo 15,Soil,<1 mm,802.0,82.063,9A,HADLEY RILLE,,True,5,5,True,https://curator.jsc.nasa.gov/lunar/lsc/15601.pdf,True,False,False,False
15602,Apollo 15,Soil,1-2 mm,32.9,84.726,9A,HADLEY RILLE,"Fines, 1-2mm",False,0,0,False,,True,False,False,False
15603,Apollo 15,Soil,2-4 mm,25.5,95.682,9A,HADLEY RILLE,"Fines, 2-4mm",False,0,0,False,,True,False,False,False
15604,Apollo 15,Soil,4-10 mm,21.5,90.074,9A,HADLEY RILLE,,True,16,16,False,,False,False,False,False
15605,Apollo 15,Basalt,Olivine,6.1,73.164,9A,HADLEY RILLE,C.G. ol-norm,True,9,9,True,https://curator.jsc.nasa.gov/lunar/lsc/15605.pdf,True,False,False,False
15606,Apollo 15,Basalt,Olivine,10.1,87.03,9A,HADLEY RILLE,M.G. ol-norm,True,6,6,False,,True,False,False,False
15607,Apollo 15,Basalt,Olivine,14.8,49.669,9A,HADLEY RILLE,F.G. ol-norm,True,11,11,False,,True,False,False,False
15608,Apollo 15,Basalt,Pigeonite,1.2,30.83,9A,HADLEY RILLE,"Porphyritic pigeonite QNB, spherulitic qz-norm",True,9,9,True,https://curator.jsc.nasa.gov/lunar/lsc/15608.pdf,True,False,False,False
15609,Apollo 15,Basalt,Olivine,1.1,69.09,9A,HADLEY RILLE,F.G. ol-norm,True,7,7,False,,True,False,False,False
15610,Apollo 15,Basalt,Olivine,1.5,82.0,9A,HADLEY RILLE,C.G. ol-norm,True,8,8,False,,True,False,False,False
15612,Apollo 15,Basalt,Olivine,5.9,82.373,9A,HADLEY RILLE,M.G. ol-norm,True,9,9,False,,True,False,False,False
15613,Apollo 15,Basalt,Olivine,1.0,80.0,9A,HADLEY RILLE,M.G. ol-norm,True,7,7,False,,True,False,False,False
15614,Apollo 15,Basalt,Olivine,9.7,92.784,9A,HADLEY RILLE,C.G. ol-norm,True,8,8,True,https://curator.jsc.nasa.gov/lunar/lsc/15614.pdf,True,False,False,False
15615,Apollo 15,Basalt,Olivine,1.7,88.235,9A,HADLEY RILLE,M.G. ol-norm,True,7,7,False,,True,False,False,False
15616,Apollo 15,Basalt,Olivine,8.0,88.875,9A,HADLEY RILLE,M.G. ol-norm,True,8,8,False,,True,False,False,False
15617,Apollo 15,Basalt,Olivine,3.1,73.548,9A,HADLEY RILLE,M.G. ol-norm,True,8,8,False,,True,False,False,False
15618,Apollo 15,Basalt,Olivine,0.8,100.0,9A,HADLEY RILLE,M.G. ol-norm,True,4,4,False,,False,False,False,False
15619,Apollo 15,Basalt,Olivine,0.6,100.0,9A,HADLEY RILLE,M.G. ol-norm,True,4,4,False,,False,False,False,False
15620,Apollo 15,Basalt,Olivine,6.6,9.545,9A,HADLEY RILLE,M.G. ol-norm,True,9,9,False,,True,False,False,False
15621,Apollo 15,Basalt,Olivine,1.6,81.25,9A,HADLEY RILLE,M.G. ol-norm,True,7,7,False,,True,False,False,False
15622,Apollo 15,Basalt,Olivine,29.5,73.129,9A,HADLEY RILLE,M.G. ol-norm,True,16,16,False,,True,False,False,False
15623,Apollo 15,Basalt,Olivine,3.0,68.333,9A,HADLEY RILLE,M.G. ol-norm,True,9,9,False,,True,False,False,False
15624,Apollo 15,Basalt,Olivine,0.2,0.0,9A,HADLEY RILLE,M.G. ol-norm,True,4,4,False,,True,False,False,False
15625,Apollo 15,Basalt,Olivine,0.5,100.0,9A,HADLEY RILLE,M.G. ol-norm,True,4,4,False,,False,False,False,False
15626,Apollo 15,Basalt,Olivine,0.6,100.0,9A,HADLEY RILLE,M.G. ol-norm,True,4,4,False,,False,False,False,False
15627,Apollo 15,Basalt,Olivine,0.4,100.0,9A,HADLEY RILLE,M.G. ol-norm,True,4,4,False,,False,False,False,False
15628,Apollo 15,Basalt,Olivine,0.4,100.0,9A,HADLEY RILLE,M.G. ol-norm,True,4,4,False,,False,False,False,False
15629,Apollo 15,Basalt,Olivine,0.4,100.0,9A,HADLEY RILLE,M.G. ol-norm,True,4,4,False,,False,False,False,False
15630,Apollo 15,Basalt,Olivine,23.2,74.94,9A,HADLEY RILLE,M.G. ol-norm,True,6,6,False,,True,False,False,False
15632,Apollo 15,Basalt,Olivine,2.3,89.13,9A,HADLEY RILLE,M.G. ol-norm,True,7,7,False,,True,False,False,False
15633,Apollo 15,Basalt,Olivine,7.4,74.757,9A,HADLEY RILLE,C.G. ol-norm,True,14,14,True,https://curator.jsc.nasa.gov/lunar/lsc/15633.pdf,True,False,False,False
15634,Apollo 15,Basalt,Olivine,5.2,89.423,9A,HADLEY RILLE,C.G. ol-norm,True,4,4,True,https://curator.jsc.nasa.gov/lunar/lsc/15634.pdf,True,False,False,False
15635,Apollo 15,Basalt,Olivine,0.5,100.0,9A,HADLEY RILLE,M.G. ol-norm,True,4,4,False,,False,False,False,False
15636,Apollo 15,Basalt,Olivine,336.7,95.494,9A,HADLEY RILLE,C.G. ol-norm,True,53,53,True,https://curator.jsc.nasa.gov/lunar/lsc/15636.pdf,True,False,False,False
15637,Apollo 15,Basalt,Olivine,0.9,100.0,9A,HADLEY RILLE,M.G. ol-norm,True,4,4,False,,False,False,False,False
15638,Apollo 15,Basalt,Olivine,3.6,1.667,9A,HADLEY RILLE,M.G. ol-norm,True,11,11,False,,True,False,False,False
15639,Apollo 15,Basalt,Olivine,7.0,93.714,9A,HADLEY RILLE,C.G. ol-norm,True,4,4,True,https://curator.jsc.nasa.gov/lunar/lsc/15639.pdf,True,False,False,False
15640,Apollo 15,Basalt,Olivine,0.5,0.0,9A,HADLEY RILLE,M.G. ol-norm,True,4,4,False,,False,False,False,False
15641,Apollo 15,Basalt,Olivine,6.9,17.391,9A,HADLEY RILLE,M.G. ol-norm,True,9,9,False,,True,False,False,False
15642,Apollo 15,Basalt,Olivine,1.9,84.211,9A,HADLEY RILLE,M.G. ol-norm,True,7,7,False,,True,False,False,False
15643,Apollo 15,Basalt,Olivine,17.9,90.704,9A,HADLEY RILLE,M.G. ol-norm,True,19,19,False,,True,False,False,False
15644,Apollo 15,Basalt,Olivine,0.4,100.0,9A,HADLEY RILLE,M.G. ol-norm,True,4,4,False,,False,False,False,False
15645,Apollo 15,Basalt,Olivine,0.5,100.0,9A,HADLEY RILLE,M.G. ol-norm,True,4,4,False,,False,False,False,False
15647,Apollo 15,Basalt,Olivine,58.2,84.555,9A,HADLEY RILLE,M.G. ol-norm,True,15,15,False,,True,False,False,False
15648,Apollo 15,Basalt,Olivine,9.1,94.615,9A,HADLEY RILLE,Brecciated/melted M.G. ol-norm,True,4,4,True,https://curator.jsc.nasa.gov/lunar/lsc/15648.pdf,True,False,False,False
15649,Apollo 15,Basalt,Olivine,6.2,83.387,9A,HADLEY RILLE,F.G. ol-norm,True,9,9,False,,True,False,False,False
15650,Apollo 15,Basalt,Olivine,3.4,84.118,9A,HADLEY RILLE,F.G. ol-norm,True,9,9,False,,False,False,False,False
15651,Apollo 15,Basalt,Olivine,1.6,71.688,9A,HADLEY RILLE,F.G. ol-norm,True,6,6,True,https://curator.jsc.nasa.gov/lunar/lsc/15651.pdf,True,False,False,False
15652,Apollo 15,Basalt,Olivine,0.7,100.0,9A,HADLEY RILLE,F.G. ol-norm,True,4,4,False,,False,False,False,False
15653,Apollo 15,Basalt,Olivine,0.4,100.0,9A,HADLEY RILLE,F.G. ol-norm,True,4,4,False,,False,False,False,False
15654,Apollo 15,Basalt,Olivine,0.2,100.0,9A,HADLEY RILLE,F.G. ol-norm,True,4,4,False,,False,False,False,False
15655,Apollo 15,Basalt,Olivine,0.4,100.0,9A,HADLEY RILLE,F.G. ol-norm,True,6,6,False,,False,False,False,False
15656,Apollo 15,Basalt,Olivine,0.2,100.0,9A,HADLEY RILLE,F.G. ol-norm,True,4,4,False,,False,False,False,False
15658,Apollo 15,Basalt,Olivine,11.6,90.414,9A,HADLEY RILLE,M.G. ol-norm,True,10,10,True,https://curator.jsc.nasa.gov/lunar/lsc/15658.pdf,True,False,False,False
15659,Apollo 15,Basalt,Olivine,12.6,86.825,9A,HADLEY RILLE,M.G. ol-norm,True,9,9,True,https://curator.jsc.nasa.gov/lunar/lsc/15659.pdf,True,False,False,False
15660,Apollo 15,Basalt,Olivine,8.9,100.0,9A,HADLEY RILLE,M.G. ol-norm,True,4,4,False,,False,False,False,False
15661,Apollo 15,Basalt,Olivine,5.9,66.949,9A,HADLEY RILLE,F.G. ol-norm,True,14,14,True,https://curator.jsc.nasa.gov/lunar/lsc/15661.pdf,True,False,False,False
15662,Apollo 15,Basalt,Olivine,4.9,76.531,9A,HADLEY RILLE,M.G. ol-norm,True,9,9,True,https://curator.jsc.nasa.gov/lunar/lsc/15662.pdf,True,False,False,False
15663,Apollo 15,Basalt,Olivine,10.3,84.845,9A,HADLEY RILLE,M.G. ol-norm,True,18,18,False,,True,False,False,False
15664,Apollo 15,Basalt,Olivine,7.4,80.676,9A,HADLEY RILLE,M.G. ol-norm,True,9,9,False,,True,False,False,False
15665,Apollo 15,Basalt,Olivine,10.2,94.118,9A,HADLEY RILLE,F.G. ol-norm,True,11,11,True,https://curator.jsc.nasa.gov/lunar/lsc/15665.pdf,True,False,False,False
15666,Apollo 15,Basalt,Pigeonite,3.9,77.769,9A,HADLEY RILLE,"Porphyritic pigeonite QNB, spherulitic sph matrix",True,10,10,True,https://curator.jsc.nasa.gov/lunar/lsc/15666.pdf,True,False,False,False
15667,Apollo 15,Basalt,Pigeonite,1.1,84.545,9A,HADLEY RILLE,"Porphyritic pigeonite QNB, spherulitic sph matrix",True,6,6,False,,True,False,False,False
15668,Apollo 15,Basalt,Olivine,15.1,71.073,9A,HADLEY RILLE,F.G. ol-norm,True,16,16,False,,True,False,False,False
15669,Apollo 15,Basalt,Olivine,4.4,85.0,9A,HADLEY RILLE,F.G. ol-norm,True,10,10,False,,True,False,False,False
15670,Apollo 15,Basalt,Olivine,2.0,71.0,9A,HADLEY RILLE,M.G. ol-norm,True,9,9,False,,True,False,False,False
15671,Apollo 15,Basalt,Olivine,6.1,85.082,9A,HADLEY RILLE,M.G. ol-norm,True,9,9,False,,True,False,False,False
15672,Apollo 15,Basalt,Olivine,21.4,64.565,9A,HADLEY RILLE,M.G. ol-norm,True,15,15,False,,True,False,False,False
15673,Apollo 15,Basalt,Olivine,5.9,83.051,9A,HADLEY RILLE,M.G. ol-norm,True,9,9,False,,True,False,False,False
15674,Apollo 15,Basalt,Olivine,35.7,71.765,9A,HADLEY RILLE,F.G. ol-norm,True,17,17,True,https://curator.jsc.nasa.gov/lunar/lsc/15674.pdf,True,False,False,False
15675,Apollo 15,Basalt,Olivine,34.5,83.212,9A,HADLEY RILLE,F.G. ol-norm,True,10,10,False,,True,False,False,False
15676,Apollo 15,Basalt,Olivine,25.3,70.557,9A,HADLEY RILLE,V.F.G matrix with few 1 mm ol phenocyrsts. ol-norm,True,13,13,False,,True,False,False,False
15677,Apollo 15,Basalt,Olivine,6.4,80.469,9A,HADLEY RILLE,F.G. ol-norm,True,14,14,False,,True,False,False,False
15678,Apollo 15,Basalt,Olivine,7.5,90.4,9A,HADLEY RILLE,F.G. ol-norm,True,13,13,False,,True,False,False,False
15679,Apollo 15,Basalt,Olivine,0.7,100.0,9A,HADLEY RILLE,F.G. ol-norm,True,4,4,False,,False,False,False,False
15680,Apollo 15,Basalt,Olivine,0.3,100.0,9A,HADLEY RILLE,F.G. ol-norm,True,4,4,False,,False,False,False,False
15681,Apollo 15,Basalt,Olivine,0.3,100.0,9A,HADLEY RILLE,F.G. ol-norm,True,4,4,False,,False,False,False,False
15682,Apollo 15,Basalt,Pigeonite,50.6,90.01,9A,HADLEY RILLE,"Porphyritic pigeonite QNB, spherulitic qz-norm",True,54,54,True,https://curator.jsc.nasa.gov/lunar/lsc/15682.pdf,True,False,False,False
15683,Apollo 15,Basalt,Olivine,22.0,72.168,9A,HADLEY RILLE,F.G. ol-norm,True,16,16,False,,True,False,False,False
15684,Apollo 15,Breccia,Agglomerate,1.4,74.0,9A,HADLEY RILLE,"Monomict, mare basalt clasts",True,7,7,False,,True,False,False,False
15685,Apollo 15,Breccia,Regolith,0.8,116.25,9A,HADLEY RILLE,Glass,True,4,4,False,,False,False,False,False
15686,Apollo 15,Breccia,Regolith,0.9,117.22,9A,HADLEY RILLE,Glass,True,4,4,False,,False,False,False,False
15687,Apollo 15,Breccia,Agglomerate,1.4,100.43,9A,HADLEY RILLE,"Monomict, mare basalt clasts",True,21,21,False,,True,False,False,False
15688,Apollo 15,Breccia,Agglomerate,5.3,89.566,9A,HADLEY RILLE,"Monomict, mare basalt clasts",True,9,9,False,,True,False,False,False
15689,Apollo 15,Breccia,Regolith,2.8,73.107,9A,HADLEY RILLE,Regolith breccia,True,6,6,False,,True,False,False,False
15695,Apollo 15,Basalt,Olivine,10.7,100.0,9A,HADLEY RILLE,M.G. ol-norm,True,2,2,True,https://curator.jsc.nasa.gov/lunar/lsc/15695.pdf,False,False,False,False
15696,Apollo 15,Basalt,Olivine,12.8,100.0,9A,HADLEY RILLE,M.G. ol-norm,True,2,2,False,,False,False,False,False
15697,Apollo 15,Basalt,Olivine,4.1,100.0,9A,HADLEY RILLE,F.G. ol-norm,True,2,2,False,,False,False,False,False
15698,Apollo 15,Breccia,Glass,3.9,100.0,9A,HADLEY RILLE,Glass bomb,True,2,2,True,https://curator.jsc.nasa.gov/lunar/lsc/15698.pdf,False,False,False,False
15901,Apollo 15,Residue,,13.6,100.0,1,ELBOW CRATER,,False,0,0,False,,False,False,False,False
15902,Apollo 15,Residue,,4.5,98.38,1,ELBOW CRATER,,False,0,0,False,,False,False,False,False
15903,Apollo 15,Residue,,2.7,100.0,1,ELBOW CRATER,,False,0,0,False,,False,False,False,False
15904,Apollo 15,Residue,,1.2,100.0,2,ST. GEORGE CRATER,,False,0,0,False,,False,False,False,False
15906,Apollo 15,Residue,,2.8,100.0,2,ST. GEORGE CRATER,,False,0,0,False,,False,False,False,False
15907,Apollo 15,Residue,,5.3,100.0,2,ST. GEORGE CRATER,,False,0,0,False,,False,False,False,False
15908,Apollo 15,Residue,,1.2,100.0,2,ST. GEORGE CRATER,,False,0,0,False,,False,False,False,False
15909,Apollo 15,Residue,,1.7,100.0,2,ST. GEORGE CRATER,,False,0,0,False,,False,False,False,False
15910,Apollo 15,Residue,,4.9,100.0,2,ST. GEORGE CRATER,,False,0,0,False,,False,False,False,False
15911,Apollo 15,Residue,,4.8,100.0,2,ST. GEORGE CRATER,,False,0,0,False,,False,False,False,False
15912,Apollo 15,Residue,,8.1,100.0,LM,,,False,0,0,False,,False,False,False,False
15916,Apollo 15,Residue,,3.2,100.0,6,APENNINE FRONT,,False,0,0,False,,False,False,False,False
15917,Apollo 15,Residue,,26.6,100.0,6,APENNINE FRONT,,False,0,0,False,,False,False,False,False
15918,Apollo 15,Residue,,14.5,100.0,6,APENNINE FRONT,,False,0,0,False,,False,False,False,False
15923,Apollo 15,Unclassified,,0.0,0.0,,,,False,0,0,False,,False,False,False,False
15924,Apollo 15,Residue,,2.7,96.48,7,SPUR CRATER,,False,0,0,False,,False,False,False,False
15925,Apollo 15,Residue,,0.8,100.0,7,SPUR CRATER,,False,0,0,False,,False,False,False,False
15926,Apollo 15,Residue,,12.4,100.0,7,SPUR CRATER,,False,0,0,False,,False,False,False,False
15927,Apollo 15,Residue,,20.1,84.662,7,SPUR CRATER,,False,0,0,False,,False,False,False,False
15931,Apollo 15,Residue,,1.7,100.0,4,DUNE CRATER,,False,0,0,False,,False,False,False,False
15932,Apollo 15,Residue,,20.5,100.0,4,DUNE CRATER,,False,0,0,False,,False,False,False,False
15933,Apollo 15,Residue,,15.9,67.654,4,DUNE CRATER,,False,0,0,False,,True,False,False,False
15936,Apollo 15,Residue,,6.7,100.0,9,SCARP CRATER,,False,0,0,False,,False,False,False,False
15937,Apollo 15,Residue,,1.7,100.0,9,SCARP CRATER,,False,0,0,False,,False,False,False,False
15938,Apollo 15,Residue,,16.6,98.77,9A,HADLEY RILLE,,False,0,0,False,,False,False,False,False
15939,Apollo 15,Residue,,4.2,100.0,9A,HADLEY RILLE,,False,0,0,False,,False,False,False,False
15940,Apollo 15,Residue,,3.5,100.0,9A,HADLEY RILLE,,False,0,0,False,,False,False,False,False
15941,Apollo 15,Residue,,10.0,100.0,9A,HADLEY RILLE,,False,0,0,False,,False,False,False,False
15942,Apollo 15,Residue,,58.8,100.0,9A,HADLEY RILLE,,False,0,0,False,,False,False,False,False
15943,Apollo 15,Residue,,1.7,100.0,9A,HADLEY RILLE,,False,0,0,False,,False,False,False,False
15951,Apollo 15,Residue,,30.0,97.7,,EVA 1,,False,0,0,False,,False,False,False,False
15954,Apollo 15,Residue,,89.3,100.0,,EVA 1,,False,0,0,False,,False,False,False,False
15955,Apollo 15,Residue,,8.6,96.58,,EVA 2,,False,0,0,False,,False,False,False,False
15956,Apollo 15,Residue,,98.5,100.0,,EVA 2,,False,0,0,False,,False,False,False,False
15957,Apollo 15,Residue,,75.5,99.23,,EVA 3,,False,0,0,False,,False,False,False,False
15959,Apollo 15,Unclassified,,5.8,102.14,,,,False,0,0,False,,False,False,False,False
15973,Apollo 15,Unclassified,,0.0,0.0,,,,False,0,0,False,,False,False,False,False
15980,Apollo 15,Unclassified,,0.0,0.0,,,,False,0,0,False,,False,False,False,False
15981,Apollo 15,Unclassified,,0.0,0.0,,,,False,0,0,False,,False,False,False,False
15982,Apollo 15,Unclassified,,0.0,0.0,,,,False,0,0,False,,False,False,False,False
15983,Apollo 15,Unclassified,,0.0,0.0,,,,False,0,0,False,,False,False,False,False
15984,Apollo 15,Unclassified,,0.0,0.0,,,,False,0,0,False,,False,False,False,False
15985,Apollo 15,Unclassified,,0.0,0.0,,,,False,0,0,False,,False,False,False,False
15990,Apollo 15,Unclassified,,0.0,0.0,,,,False,0,0,False,,False,False,False,False
15991,Apollo 15,Unclassified,,0.0,0.0,,,,False,0,0,False,,False,False,False,False
15992,Apollo 15,Unclassified,,0.0,0.0,,,,False,0,0,False,,False,False,False,False
15993,Apollo 15,Unclassified,,0.0,0.0,,,,False,0,0,False,,False,False,False,False
15994,Apollo 15,Unclassified,,0.0,0.0,,,,False,0,0,False,,False,False,False,False
15995,Apollo 15,Unclassified,,0.0,0.0,,,,False,0,0,False,,False,False,False,False
15996,Apollo 15,Unclassified,,0.0,0.0,,,,False,0,0,False,,False,False,False,False
15997,Apollo 15,Unclassified,,0.0,0.0,,,,False,0,0,False,,False,False,False,False
15998,Apollo 15,Unclassified,,0.0,0.0,,,,False,0,0,False,,False,False,False,False
21000,Luna 16,Unclassified,,0.593,0.0,,,,False,0,0,False,,True,False,False,False
21001,Luna 16,Unclassified,,0.623,41.573,,,,False,0,0,False,,False,False,False,False
21002,Luna 16,Unclassified,,0.283,74.912,,,,False,0,0,False,,True,False,False,False
21003,Luna 16,Unclassified,,0.051,3.922,,,,False,0,0,False,,True,False,False,False
21004,Luna 16,Unclassified,,0.0,0.0,,,,False,0,0,False,,False,False,False,False
21005,Luna 16,Unclassified,,0.07,0.0,,,,False,0,0,False,,False,False,False,False
21010,Luna 16,Unclassified,,0.55,87.636,,,,False,0,0,False,,False,False,False,False
21011,Luna 16,Unclassified,,0.671,54.098,,,,False,0,0,False,,False,False,False,False
21012,Luna 16,Unclassified,,0.203,0.0,,,,False,0,0,False,,True,False,False,False
21013,Luna 16,Unclassified,,0.169,2.367,,,,False,0,0,False,,True,False,False,False
21014,Luna 16,Unclassified,,0.0,0.0,,,,False,0,0,False,,False,False,False,False
21015,Luna 16,Unclassified,,0.0,0.0,,,,False,0,0,False,,False,False,False,False
21020,Luna 16,Unclassified,,0.062,0.0,,,,False,0,0,True,https://curator.jsc.nasa.gov/lunar/lsc/Luna21020.pdf,False,False,False,False
21025,Luna 16,Unclassified,,0.03,100.0,,,,False,0,0,False,,False,False,False,False
21036,Luna 16,Breccia,Unclassified,0.997,0.602,,,,False,0,0,False,,True,False,False,False
22001,Luna 20,Unclassified,,1.443,0.277,,,,False,0,0,False,,True,False,False,False
22002,Luna 20,Unclassified,,0.236,0.0,,,,False,0,0,False,,True,False,False,False
22003,Luna 20,Unclassified,,0.183,0.0,,,,False,0,0,False,,True,False,False,False
22004,Luna 20,Unclassified,,0.035,0.0,,,,False,0,0,False,,False,False,False,False
22005,Luna 20,Unclassified,,0.029,0.0,,,,False,0,0,False,,False,False,False,False
22006,Luna 20,Unclassified,,0.053,0.0,,,,False,0,0,False,,False,False,False,False
22007,Luna 20,Unclassified,,0.026,0.0,,,,False,0,0,False,,False,False,False,False
22008,Luna 20,Unclassified,,0.015,0.0,,,,False,0,0,False,,False,False,False,False
22009,Luna 20,Unclassified,,0.005,0.0,,,,False,0,0,False,,False,False,False,False
22010,Luna 20,Unclassified,,0.007,0.0,,,,False,0,0,False,,False,False,False,False
22011,Luna 20,Unclassified,,0.018,0.0,,,,False,0,0,False,,False,False,False,False
22012,Luna 20,Unclassified,,0.037,0.0,,,,False,0,0,False,,False,False,False,False
22013,Luna 20,Unclassified,,0.043,0.0,,,,False,0,0,False,,False,False,False,False
22014,Luna 20,Unclassified,,0.038,0.0,,,,False,0,0,False,,False,False,False,False
22023,Luna 20,Breccia,Unclassified,0.522,0.0,,,,False,0,0,False,,True,False,False,False
24067,Luna 24,Unclassified,,0.098,0.0,,,,False,0,0,False,,False,False,False,False
24077,Luna 24,Unclassified,,0.52,0.769,,,,False,0,0,False,,True,False,False,False
24088,Luna 24,Breccia,Unclassified,0.503,0.0,,,,False,0,0,False,,True,False,False,False
24105,Luna 24,Breccia,Unclassified,0.49,5.102,,,,False,0,0,False,,True,False,False,False
24109,Luna 24,Unclassified,,0.5,2.6,,,,False,0,0,False,,True,False,False,False
24149,Luna 24,Unclassified,,0.5,9.0,,,,False,0,0,False,,True,False,False,False
24170,Luna 24,Unclassified,,0.2,1.0,,,,False,0,0,True,https://curator.jsc.nasa.gov/lunar/lsc/Luna24170.pdf,True,False,False,False
24174,Luna 24,Unclassified,,0.5,2.2,,,,False,0,0,False,,True,False,False,False
24182,Luna 24,Unclassified,,0.51,1.569,,,,False,0,0,False,,True,False,False,False
24210,Luna 24,Unclassified,,0.3,1.333,,,,False,0,0,False,,True,False,False,False
60001,Apollo 16,Core,unsieved,30.1,45.488,LM,,,True,4,4,False,,True,False,False,False
60002,Apollo 16,Core,unsieved,211.8,74.021,LM,,,True,149,149,False,,True,False,False,False
60003,Apollo 16,Core,unsieved,215.9,74.876,LM,,,True,173,173,False,,True,False,False,False
60004,Apollo 16,Core,unsieved,202.7,72.856,LM,,,True,68,68,False,,True,False,False,False
60005,Apollo 16,Core,unsieved,77.3,95.962,LM,,,True,16,16,False,,False,False,False,False
60006,Apollo 16,Core,unsieved,165.6,77.328,LM,,,True,67,67,False,,True,False,False,False
60007,Apollo 16,Core,unsieved,105.7,57.229,LM,,,True,66,66,False,,True,False,False,False
60009,Apollo 16,Core,unsieved,759.8,78.297,LM,,,True,369,369,False,,True,False,False,False
60010,Apollo 16,Core,unsieved,635.3,78.275,LM,,,True,260,260,True,https://curator.jsc.nasa.gov/lunar/lsc/60010.pdf,True,False,False,False
60013,Apollo 16,Core,unsieved,757.3,76.253,LM,,,True,235,235,False,,True,False,False,False
60014,Apollo 16,Core,unsieved,570.3,74.816,LM,,,True,182,182,True,https://curator.jsc.nasa.gov/lunar/lsc/60014.pdf,True,False,False,False
60015,Apollo 16,Breccia,Anorthosite,5574.0,58.66,10,,Pristine cataclastic anorthosite (G),True,105,105,True,https://curator.jsc.nasa.gov/lunar/lsc/60015.pdf,True,False,True,False
60016,Apollo 16,Breccia,Fragmental,4307.0,49.565,10,,polymict,True,79,79,True,https://curator.jsc.nasa.gov/lunar/lsc/60016.pdf,True,False,True,False
60017,Apollo 16,Breccia,Impact Melt,2102.0,95.588,13,SHADOW ROCK,Variolitic,True,58,58,True,https://curator.jsc.nasa.gov/lunar/lsc/60017.pdf,True,False,False,False
60018,Apollo 16,Breccia,Impact Melt,1501.0,95.442,10,,Basaltic,True,56,56,True,https://curator.jsc.nasa.gov/lunar/lsc/60018.pdf,True,False,False,False
60019,Apollo 16,Breccia,Regolith,1887.0,96.48,10,,Glassy,True,104,104,True,https://curator.jsc.nasa.gov/lunar/lsc/60019.pdf,True,True,False,False
60020,Apollo 16,Residue,,51.91,88.31,,,,False,0,0,False,,False,False,False,False
60025,Apollo 16,Breccia,Anorthosite,1836.0,43.614,10,,Pristine cataclastic anorthosite (G),True,157,157,True,https://curator.jsc.nasa.gov/lunar/lsc/60025.pdf,True,True,True,False
60030,Apollo 16,Residue,,79.26,86.9,,,,False,0,0,False,,False,False,False,False
60035,Apollo 16,Breccia,Fragmental,1052.0,97.688,10,,Polymict granoblastic,True,54,54,True,https://curator.jsc.nasa.gov/lunar/lsc/60035.pdf,True,False,False,False
60040,Apollo 16,Residue,,12.12,100.0,,,,False,0,0,False,,False,False,False,False
60050,Apollo 16,Soil,Unsieved,0.0,100.0,10,,,True,2,2,True,https://curator.jsc.nasa.gov/lunar/lsc/60050.pdf,False,False,False,False
60051,Apollo 16,Soil,<1 mm,195.3,89.254,,,"Fines, < 1mm",False,0,0,False,,True,False,False,False
60052,Apollo 16,Soil,1-2 mm,11.43,91.251,,,"Fines, 1-2mm",False,0,0,False,,True,False,False,False
60053,Apollo 16,Soil,2-4 mm,7.41,91.161,,,"Fines, 2-4mm",False,0,0,False,,False,False,False,False
60054,Apollo 16,Soil,4-10mm,8.4,97.26,,,,True,6,6,False,,False,False,False,False
60055,Apollo 16,Breccia,Anorthosite,35.48,95.896,10,,Pristine cataclastic anorthosite,True,10,10,True,https://curator.jsc.nasa.gov/lunar/lsc/60055.pdf,True,False,False,False
60056,Apollo 16,Breccia,Anorthosite,16.07,95.744,10,,Cataclastic anorthosite (G),True,2,2,False,,True,False,False,False
60057,Apollo 16,Crustal,Anorthosite,3.1,100.0,10,,Cataclastic anorthosite,False,0,0,False,,False,False,False,False
60058,Apollo 16,Breccia,Fragmental,2.12,100.0,10,,Fragmental polymict breccia,False,0,0,False,,False,False,False,False
60059,Apollo 16,Crustal,Anorthosite,1.05,100.0,10,,Cataclastic anorthosite,False,0,0,False,,False,False,False,False
60070,Apollo 16,Residue,,79.83,99.34,,,,False,0,0,False,,False,False,False,False
60075,Apollo 16,Breccia,Fragmental ,183.8,96.163,10,,polymict,True,10,10,True,https://curator.jsc.nasa.gov/lunar/lsc/60075.pdf,True,False,False,False
60090,Apollo 16,Residue,,0.1,0.0,,,,False,0,0,False,,False,False,False,False
60095,Apollo 16,Breccia,Glass,46.6,91.291,10,,Glass,True,14,14,True,https://curator.jsc.nasa.gov/lunar/lsc/60095.pdf,True,False,False,False
60110,Apollo 16,Residue,,2.08,66.35,,,,False,0,0,False,,False,False,False,False
60115,Apollo 16,Breccia,Impact Melt,132.5,96.955,10,,"clast rich, glassy matrix",True,22,22,True,https://curator.jsc.nasa.gov/lunar/lsc/60115.pdf,True,False,False,False
60130,Apollo 16,Residue,,1.07,74.39,,,,False,0,0,False,,False,False,False,False
60135,Apollo 16,Breccia,Anorthosite,137.7,94.713,10,,Cataclastic anorthosite (G),True,53,53,True,https://curator.jsc.nasa.gov/lunar/lsc/60135.pdf,True,False,False,False
60210,Apollo 16,Residue,,12.78,89.98,,,,False,0,0,False,,False,False,False,False
60215,Apollo 16,Breccia,Anorthosite,385.8,95.089,10,,Pristine cataclastic anorthosite (G),True,64,64,True,https://curator.jsc.nasa.gov/lunar/lsc/60215.pdf,True,False,False,False
60230,Apollo 16,Residue,,39.61,99.29,,,,False,0,0,False,,False,False,False,False
60235,Apollo 16,Breccia,Impact Melt,70.13,94.602,10,,Basaltic,True,39,39,True,https://curator.jsc.nasa.gov/lunar/lsc/60235.pdf,True,False,False,False
60250,Apollo 16,Residue,,18.31,82.69,,,,False,0,0,False,,False,False,False,False
60255,Apollo 16,Breccia,Regolith,871.0,92.908,10,,,True,62,62,True,https://curator.jsc.nasa.gov/lunar/lsc/60255.pdf,True,False,False,False
60270,Apollo 16,Residue,,37.26,90.45,,,,False,0,0,False,,False,False,False,False
60275,Apollo 16,Breccia,Regolith,255.2,94.439,10,,Glassy,True,60,60,True,https://curator.jsc.nasa.gov/lunar/lsc/60275.pdf,True,False,False,False
60310,Apollo 16,Residue,,2.02,77.72,,,,False,0,0,False,,False,False,False,False
60315,Apollo 16,Breccia,Impact Melt,787.7,89.273,10,,Poikilitic,True,87,87,True,https://curator.jsc.nasa.gov/lunar/lsc/60315.pdf,True,False,False,False
60330,Apollo 16,Residue,,2.51,52.99,,,,False,0,0,False,,False,False,False,False
60335,Apollo 16,Breccia,Impact Melt,317.8,85.476,10,,Basaltic,True,42,42,True,https://curator.jsc.nasa.gov/lunar/lsc/60335.pdf,True,False,False,False
60500,Apollo 16,Soil,Unsieved,234.4,99.258,10,,"Fines, Unsieved",False,0,0,True,https://curator.jsc.nasa.gov/lunar/lsc/60500.pdf,False,False,False,False
60501,Apollo 16,Soil,<1 mm,433.8,87.889,,,"Fines, < 1mm",False,0,0,False,,True,False,False,False
60502,Apollo 16,Soil,1-2 mm,17.69,89.695,,,"Fines, 1-2mm",False,0,0,False,,True,False,False,False
60503,Apollo 16,Soil,2-4 mm,9.94,73.139,,,"Fines, 2-4mm",False,0,0,False,,True,False,False,False
60504,Apollo 16,Soil,4-10mm,6.63,93.82,,,,True,5,5,False,,False,False,False,False
60510,Apollo 16,Residue,,7.67,79.27,,,,False,0,0,False,,False,False,False,False
60515,Apollo 16,Breccia,Anorthosite,16.74,98.244,10,,Cataclastic anorthosite,True,6,6,True,https://curator.jsc.nasa.gov/lunar/lsc/60515.pdf,True,False,False,False
60516,Apollo 16,Breccia,Anorthosite,7.91,97.219,10,,Cataclastic anorthosite,True,7,7,False,,True,False,False,False
60517,Apollo 16,Breccia,Anorthosite,1.23,100.0,10,,Cataclastic anorthosite,True,5,5,False,,False,False,False,False
60518,Apollo 16,Breccia,Anorthosite,1.12,78.304,10,,Cataclastic anorthosite,True,5,5,False,,True,False,False,False
60519,Apollo 16,Breccia,Anorthosite,0.5,100.0,10,,Cataclastic anorthosite,True,4,4,False,,False,False,False,False
60525,Apollo 16,Breccia,Impact Melt,12.84,91.262,10,,Poikilitic,True,9,9,True,https://curator.jsc.nasa.gov/lunar/lsc/60525.pdf,True,False,False,False
60526,Apollo 16,Breccia,Impact Melt,8.42,84.276,10,,Poikilitic,True,12,12,True,https://curator.jsc.nasa.gov/lunar/lsc/60526.pdf,True,False,False,False
60527,Apollo 16,Breccia,Impact Melt,7.36,98.234,10,,Crystalline polymict glass (G),True,7,7,False,,True,False,False,False
60528,Apollo 16,Breccia,Impact Melt,2.94,100.0,10,,Glassy,True,5,5,False,,False,False,False,False
60529,Apollo 16,Breccia,Impact Melt,1.24,84.677,10,,Basaltic,True,7,7,False,,True,False,False,False
60535,Apollo 16,Breccia,Fragmental,7.23,89.959,10,,polymict,True,5,5,True,https://curator.jsc.nasa.gov/lunar/lsc/60535.pdf,True,False,False,False
60600,Apollo 16,Soil,Unsieved,182.6,99.195,10,,"Fines, Unsieved",False,0,0,True,https://curator.jsc.nasa.gov/lunar/lsc/60600.pdf,False,False,False,False
60601,Apollo 16,Soil,<1 mm,330.2,56.742,,,"Fines, < 1mm",False,0,0,False,,True,False,False,False
60602,Apollo 16,Soil,1-2 mm,14.93,86.283,,,"Fines, 1-2mm",False,0,0,False,,False,False,False,False
60603,Apollo 16,Soil,2-4 mm,8.57,84.854,,,"Fines, 2-4mm",False,0,0,False,,False,False,False,False
60604,Apollo 16,Soil,4-10mm,3.94,100.0,,,,True,5,5,False,,False,False,False,False
60610,Apollo 16,Residue,,34.74,75.5,,,,False,0,0,False,,False,False,False,False
60615,Apollo 16,Breccia,Impact Melt,32.97,92.126,10,,Basaltic,True,17,17,True,https://curator.jsc.nasa.gov/lunar/lsc/60615.pdf,True,False,False,False
60616,Apollo 16,Breccia,Impact Melt,3.4,84.941,10,,Poikilitic,True,10,10,False,,True,False,False,False
60617,Apollo 16,Breccia,Impact Melt,2.77,100.0,10,,Crystalline,True,8,8,False,,False,False,False,False
60618,Apollo 16,Breccia,Impact Melt,21.67,92.358,10,,Basaltic /anorthosite,True,12,12,True,https://curator.jsc.nasa.gov/lunar/lsc/60618.pdf,True,False,False,False
60619,Apollo 16,Crustal,Anorthosite,28.0,90.754,10,,Granoblastic anorthosite (G),True,17,17,True,https://curator.jsc.nasa.gov/lunar/lsc/60619.pdf,True,False,False,False
60625,Apollo 16,Breccia,Impact Melt,117.0,93.263,10,,Poikilitic,True,48,48,True,https://curator.jsc.nasa.gov/lunar/lsc/60625.pdf,True,False,False,False
60626,Apollo 16,Breccia,Impact Melt,15.87,87.372,10,,Poikilitic,True,10,10,True,https://curator.jsc.nasa.gov/lunar/lsc/60626.pdf,True,False,False,False
60627,Apollo 16,Breccia,Impact Melt,12.09,97.34,10,,Crystalline,True,8,8,True,https://curator.jsc.nasa.gov/lunar/lsc/60627.pdf,False,False,False,False
60628,Apollo 16,Breccia,Anorthosite,6.86,100.0,10,,Cataclastic anorthosite (G),True,8,8,False,,False,False,False,False
60629,Apollo 16,Breccia,Anorthosite,4.92,92.683,10,,Cataclastic anorthosite (G),True,8,8,True,https://curator.jsc.nasa.gov/lunar/lsc/60629.pdf,True,False,False,False
60635,Apollo 16,Breccia,Impact Melt,15.05,67.176,10,,Basaltic,True,8,8,True,https://curator.jsc.nasa.gov/lunar/lsc/60635.pdf,True,False,False,False
60636,Apollo 16,Breccia,Impact Melt,35.65,87.459,10,,Basaltic/poikilitic,True,15,15,True,https://curator.jsc.nasa.gov/lunar/lsc/60636.pdf,True,False,False,False
60637,Apollo 16,Breccia,Fragmental,7.98,91.228,10,,polymict,True,10,10,False,,True,False,False,False
60638,Apollo 16,Breccia,Fragmental,0.72,100.0,10,,polymict,True,6,6,False,,False,False,False,False
60639,Apollo 16,Breccia,Fragmental,175.1,97.171,10,,polymict,True,48,48,True,https://curator.jsc.nasa.gov/lunar/lsc/60639.pdf,True,True,False,False
60645,Apollo 16,Breccia,Impact Melt,33.5,97.666,10,,Fine-grained,True,13,13,True,https://curator.jsc.nasa.gov/lunar/lsc/60645.pdf,True,False,False,False
60646,Apollo 16,Breccia,Impact Melt,3.39,100.0,10,,Fine-grained,True,7,7,False,,False,False,False,False
60647,Apollo 16,Breccia,Impact Melt,1.76,100.0,10,,Glassy,True,7,7,False,,False,False,False,False
60648,Apollo 16,Breccia,Impact Melt,2.84,100.0,10,,"clast rich, Glassy",True,7,7,False,,False,False,False,False
60649,Apollo 16,Breccia,Impact Melt,1.03,100.0,10,,"clast rich, Glassy",True,7,7,False,,False,False,False,False
60655,Apollo 16,Breccia,Impact Melt,8.63,97.335,10,,Glassy,True,9,9,False,,True,False,False,False
60656,Apollo 16,Breccia,Impact Melt,11.23,98.041,10,,Glassy,True,9,9,False,,True,False,False,False
60657,Apollo 16,Breccia,Fragmental,6.05,98.017,10,,polymict,True,7,7,False,,True,False,False,False
60658,Apollo 16,Breccia,Impact Melt,5.47,94.333,10,,Glassy,True,9,9,False,,True,False,False,False
60659,Apollo 16,Breccia,Fragmental,22.2,98.784,10,,polymict,True,7,7,True,https://curator.jsc.nasa.gov/lunar/lsc/60659.pdf,True,False,False,False
60665,Apollo 16,Breccia,Glass,90.1,99.02,10,,"few clasts, ves",True,10,10,True,https://curator.jsc.nasa.gov/lunar/lsc/60665.pdf,True,False,False,False
60666,Apollo 16,Breccia,Impact Melt,15.95,88.42,10,,Glassy,True,9,9,True,https://curator.jsc.nasa.gov/lunar/lsc/60666.pdf,True,False,False,False
60667,Apollo 16,Breccia,Impact Melt,7.66,90.209,10,,Glassy/basaltic,True,9,9,False,,True,False,False,False
60668,Apollo 16,Breccia,Impact Melt,2.91,100.0,10,,Glassy,True,7,7,False,,False,False,False,False
60669,Apollo 16,Breccia,Impact Melt,2.54,100.0,10,,Glassy,True,7,7,False,,False,False,False,False
60675,Apollo 16,Breccia,Impact Melt,1.3,100.0,10,,Fine-grained,True,7,7,False,,False,False,False,False
60676,Apollo 16,Breccia,Impact Melt,8.92,97.197,10,,Glassy,True,9,9,False,,True,False,False,False
60677,Apollo 16,Breccia,Impact Melt,5.23,98.47,10,,"clast rich, Glassy",True,9,9,True,https://curator.jsc.nasa.gov/lunar/lsc/60677.pdf,True,False,False,False
60678,Apollo 16,Breccia,Impact Melt,1.25,100.0,10,,Glassy,True,7,7,False,,False,False,False,False
60679,Apollo 16,Breccia,Impact Melt,2.96,100.0,10,,Glassy,True,5,5,False,,False,False,False,False
61010,Apollo 16,Residue,,64.19,36.13,,,,False,0,0,False,,False,False,False,False
61015,Apollo 16,Breccia,Impact Melt,1804.0,96.511,1,,Dilithologic,True,86,86,True,https://curator.jsc.nasa.gov/lunar/lsc/61015.pdf,True,False,False,False
61016,Apollo 16,Breccia,Impact Melt,11729.0,95.234,1,,Basaltic pristine anorthosite (G),True,168,168,True,https://curator.jsc.nasa.gov/lunar/lsc/61016.pdf,True,False,True,False
61017,Apollo 16,Crustal,Anorthosite,2.62,100.0,2,,Cataclastic anorthosite,False,0,0,False,,False,False,False,False
61130,Apollo 16,Residue,,12.51,70.87,,,,False,0,0,False,,False,False,False,False
61135,Apollo 16,Breccia,Fragmental,245.1,93.308,1,PLUM CRATER,polymict,True,34,34,True,https://curator.jsc.nasa.gov/lunar/lsc/61135.pdf,True,False,False,False
61140,Apollo 16,Soil,Unsieved,74.13,98.49,1,PLUM CRATER,"Fines, Unsieved",False,0,0,False,,False,False,False,False
61141,Apollo 16,Soil,<1 mm,134.7,71.892,,,"Fines, < 1mm",False,0,0,False,,True,False,False,False
61142,Apollo 16,Soil,1-2 mm,9.43,94.698,,,"Fines, 1-2mm",False,0,0,False,,False,False,False,False
61143,Apollo 16,Soil,2-4 mm,5.38,90.706,,,"Fines, 2-4mm",False,0,0,False,,True,False,False,False
61144,Apollo 16,Soil,4-10mm,5.71,98.49,,,,True,5,5,False,,True,False,False,False
61150,Apollo 16,Residue,,16.13,86.98,,,,False,0,0,False,,False,False,False,False
61155,Apollo 16,Breccia,Impact Melt,47.59,98.28,1,,Glassy,True,14,14,True,https://curator.jsc.nasa.gov/lunar/lsc/61155.pdf,True,False,False,False
61156,Apollo 16,Breccia,Impact Melt,58.46,66.406,1,,Meta-poikilitic,True,18,18,True,https://curator.jsc.nasa.gov/lunar/lsc/61156.pdf,True,False,False,False
61157,Apollo 16,Breccia,Fragmental,11.26,99.38,1,,Fragmental polymict breccia,False,0,0,False,,False,False,False,False
61158,Apollo 16,Breccia,Fragmental,14.79,97.5,1,,Fragmental polymict breccia,False,0,0,False,,False,False,False,False
61160,Apollo 16,Soil,Unsieved,52.79,97.63,,PLUM CRATER,"Fines, Unsieved",False,0,0,False,,False,False,False,False
61161,Apollo 16,Soil,<1 mm,90.0,90.743,,,"Fines, < 1mm",False,0,0,False,,True,False,False,False
61162,Apollo 16,Soil,1-2 mm,5.12,95.117,,,"Fines, 1-2mm",False,0,0,False,,False,False,False,False
61163,Apollo 16,Soil,2-4 mm,3.6,100.0,,,"Fines, 2-4mm",False,0,0,False,,False,False,False,False
61164,Apollo 16,Soil,4-10mm,2.16,99.95,,,,True,5,5,False,,False,False,False,False
61170,Apollo 16,Residue,,16.32,58.64,,,,False,0,0,False,,False,False,False,False
61175,Apollo 16,Breccia,Fragmental,542.7,83.398,1,PLUM CRATER,polymict,True,93,93,True,https://curator.jsc.nasa.gov/lunar/lsc/61175.pdf,True,False,False,False
61180,Apollo 16,Soil,Unsieved,93.4,98.79,,PLUM CRATER,"Fines, Unsieved",False,0,0,False,,False,False,False,False
61181,Apollo 16,Soil,<1 mm,156.2,92.09,,,"Fines, < 1mm",False,0,0,True,https://curator.jsc.nasa.gov/lunar/lsc/61181.pdf,True,False,False,False
61182,Apollo 16,Soil,1-2 mm,9.43,100.0,,,"Fines, 1-2mm",False,0,0,False,,False,False,False,False
61183,Apollo 16,Soil,2-4 mm,6.23,100.0,,,"Fines, 2-4mm",False,0,0,False,,False,False,False,False
61184,Apollo 16,Soil,4-10mm,0.0,96.158,,,,True,7,7,False,,True,False,False,False
61190,Apollo 16,Residue,,16.61,77.12,,,,False,0,0,False,,False,False,False,False
61195,Apollo 16,Breccia,Regolith,587.9,96.183,1,PLUM CRATER,,True,21,21,True,https://curator.jsc.nasa.gov/lunar/lsc/61195.pdf,True,False,False,False
61220,Apollo 16,Soil,Unsieved,0.0,94.638,1,PLUM CRATER,,True,2,2,False,,True,False,False,False
61221,Apollo 16,Soil,<1 mm,61.0,25.054,,,"Fines, < 1mm",False,0,0,True,https://curator.jsc.nasa.gov/lunar/lsc/61221.pdf,True,False,False,False
61222,Apollo 16,Soil,1-2mm,0.0,42.17,,,,True,19,19,False,,True,False,False,False
61223,Apollo 16,Soil,2-4mm,0.0,87.482,,,,True,19,19,False,,True,False,False,False
61224,Apollo 16,Soil,4-10mm,0.0,89.603,,,,True,7,7,True,https://curator.jsc.nasa.gov/lunar/lsc/61224.pdf,True,False,False,False
61225,Apollo 16,Breccia,Impact Melt,3.52,87.358,1,,crystalline,False,0,0,True,https://curator.jsc.nasa.gov/lunar/lsc/61225.pdf,True,False,False,False
61226,Apollo 16,Crustal,Anorthosite,1.53,100.0,1,,Cataclastic anorthosite (G),False,0,0,False,,False,False,False,False
61240,Apollo 16,Soil,Unsieved,160.8,98.39,,PLUM CRATER,"Fines, Unsieved",False,0,0,False,,False,False,False,False
61241,Apollo 16,Soil,<1 mm,247.1,76.659,,,"Fines, < 1mm",False,0,0,False,,True,False,False,False
61242,Apollo 16,Soil,1-2 mm,17.26,74.386,,,"Fines, 1-2mm",False,0,0,False,,True,False,False,False
61243,Apollo 16,Soil,2-4 mm,13.8,80.399,,,"Fines, 2-4mm",False,0,0,False,,False,False,False,False
61244,Apollo 16,Soil,4-10mm,0.0,95.472,,,,True,5,5,False,,False,False,False,False
61245,Apollo 16,Breccia,Impact Melt,8.25,100.0,1,,Fine-grained impact melt,False,0,0,False,,False,False,False,False
61246,Apollo 16,Breccia,Impact Melt,6.05,100.0,1,,Fine-grained impact melt,False,0,0,False,,False,False,False,False
61247,Apollo 16,Breccia,Impact Melt,2.48,95.89,1,,Poikilitic impact melt,False,0,0,False,,False,False,False,False
61248,Apollo 16,Breccia,Fragmental,1.71,100.0,1,,Fragmental polymict breccia,False,0,0,False,,False,False,False,False
61249,Apollo 16,Breccia,Impact Melt,1.17,61.62,1,,Basaltic impact melt,False,0,0,False,,True,False,False,False
61255,Apollo 16,Breccia,Unclassified,1.13,100.0,1,,Cindery glass,False,0,0,False,,False,False,False,False
61280,Apollo 16,Soil,Unsieved,68.49,98.06,,FLAG CRATER,"Fines, Unsieved",False,0,0,False,,False,False,False,False
61281,Apollo 16,Soil,<1 mm,169.6,94.733,,,"Fines, < 1mm",False,0,0,True,https://curator.jsc.nasa.gov/lunar/lsc/61281.pdf,False,False,False,False
61282,Apollo 16,Soil,1-2 mm,10.2,91.676,,,"Fines, 1-2mm",False,0,0,False,,False,False,False,False
61283,Apollo 16,Soil,2-4 mm,6.74,100.0,,,"Fines, 2-4mm",False,0,0,False,,False,False,False,False
61284,Apollo 16,Soil,4-10mm,0.0,102.1,,,,True,7,7,False,,False,False,False,False
61290,Apollo 16,Residue,,7.7,85.84,,,,False,0,0,False,,False,False,False,False
61295,Apollo 16,Breccia,Regolith,187.0,92.033,1,PLUM CRATER,,True,57,57,True,https://curator.jsc.nasa.gov/lunar/lsc/61295.pdf,True,False,False,False
61500,Apollo 16,Soil,Unsieved,267.8,88.167,,PLUM CRATER,"Fines, Unsieved",False,0,0,True,https://curator.jsc.nasa.gov/lunar/lsc/61500.pdf,False,False,False,False
61501,Apollo 16,Soil,<1 mm,466.9,83.572,,,"Fines, < 1mm",False,0,0,False,,True,False,False,False
61502,Apollo 16,Soil,1-2 mm,27.43,94.291,,,"Fines, 1-2mm",False,0,0,False,,False,False,False,False
61503,Apollo 16,Soil,2-4 mm,20.08,91.419,,,"Fines, 2-4mm",False,0,0,False,,True,False,False,False
61504,Apollo 16,Soil,4-10mm,0.0,95.378,,,,True,6,6,False,,True,False,False,False
61505,Apollo 16,Breccia,Impact Melt,1.651,100.0,1,,Fine-grained impact melt,False,0,0,False,,False,False,False,False
61510,Apollo 16,Residue,,38.88,86.98,,,,False,0,0,False,,False,False,False,False
61515,Apollo 16,Breccia,Fragmental,2.0,100.0,1,,,True,4,4,False,,False,False,False,False
61516,Apollo 16,Breccia,Fragmental,2.38,80.966,1,,polymict,True,6,6,True,https://curator.jsc.nasa.gov/lunar/lsc/61516.pdf,True,False,False,False
61517,Apollo 16,Breccia,Fragmental,0.47,100.0,1,,polymict,True,4,4,False,,False,False,False,False
61518,Apollo 16,Breccia,Fragmental,0.16,100.0,1,,polymict,True,4,4,False,,False,False,False,False
61519,Apollo 16,Breccia,Fragmental,0.33,100.0,1,,polymict,True,4,4,False,,False,False,False,False
61525,Apollo 16,Breccia,Fragmental,10.35,96.792,1,,"Polymict, Glassy",True,6,6,True,https://curator.jsc.nasa.gov/lunar/lsc/61525.pdf,True,False,False,False
61526,Apollo 16,Breccia,Fragmental,4.08,100.0,1,,polymict,True,4,4,False,,False,False,False,False
61527,Apollo 16,Breccia,Fragmental,0.52,100.0,1,,polymict,True,4,4,False,,False,False,False,False
61528,Apollo 16,Breccia,Fragmental,0.24,100.0,1,,polymict,True,4,4,False,,False,False,False,False
61529,Apollo 16,Breccia,Fragmental,0.28,100.0,1,,polymict,True,4,4,False,,False,False,False,False
61535,Apollo 16,Breccia,Fragmental,0.23,86.957,1,,polymict,True,6,6,False,,True,False,False,False
61536,Apollo 16,Breccia,Fragmental,85.99,99.465,1,,Glassy,True,9,9,True,https://curator.jsc.nasa.gov/lunar/lsc/61536.pdf,True,False,False,False
61537,Apollo 16,Breccia,Fragmental,6.62,100.0,1,,Fragmental polymict breccia (G),True,4,4,False,,False,False,False,False
61538,Apollo 16,Breccia,Fragmental,4.76,92.542,1,,polymict,True,5,5,False,,True,False,False,False
61539,Apollo 16,Breccia,Unclassified,5.78,100.0,1,,Glassy breccia,True,4,4,False,,False,False,False,False
61545,Apollo 16,Breccia,Fragmental,3.61,100.0,1,,Fragmental polymict breccia (G),True,2,2,False,,False,False,False,False
61546,Apollo 16,Breccia,Impact Melt,110.7,99.079,1,,Glassy,True,8,8,True,https://curator.jsc.nasa.gov/lunar/lsc/61546.pdf,True,False,False,False
61547,Apollo 16,Breccia,Impact Melt,17.93,93.35,1,,Basaltic,True,5,5,True,https://curator.jsc.nasa.gov/lunar/lsc/61547.pdf,True,False,False,False
61548,Apollo 16,Breccia,Impact Melt,24.18,98.172,1,,Glassy,True,6,6,False,,True,False,False,False
61549,Apollo 16,Breccia,Impact Melt,3.76,91.223,1,,Basaltic/poikilitic,True,6,6,True,https://curator.jsc.nasa.gov/lunar/lsc/61549.pdf,True,False,False,False
61555,Apollo 16,Breccia,Impact Melt,3.46,100.0,1,,Glassy impact melt,True,4,4,False,,False,False,False,False
61556,Apollo 16,Breccia,Impact Melt,2.23,98.655,1,,Devitrified Glass,True,6,6,False,,True,False,False,False
61557,Apollo 16,Breccia,Impact Melt,0.93,100.0,1,,Glass,True,4,4,False,,False,False,False,False
61558,Apollo 16,Breccia,Impact Melt,3.0,98.0,1,,Devitrified Glass,True,6,6,False,,True,False,False,False
61559,Apollo 16,Breccia,Impact Melt,0.62,82.26,1,,Glassy,True,5,5,False,,True,False,False,False
61565,Apollo 16,Breccia,Unclassified,0.88,100.0,1,,Glassy breccia,True,4,4,False,,False,False,False,False
61566,Apollo 16,Breccia,Impact Melt,0.66,100.0,1,,Glassy impact melt,True,4,4,False,,False,False,False,False
61567,Apollo 16,Breccia,Impact Melt,0.19,100.0,1,,Glassy impact melt,True,2,2,False,,False,False,False,False
61568,Apollo 16,Breccia,Impact Melt,19.32,93.499,1,,Basaltic/poikilitic,True,7,7,True,https://curator.jsc.nasa.gov/lunar/lsc/61568.pdf,True,False,False,False
61569,Apollo 16,Breccia,Impact Melt,12.02,93.586,1,,Poikilitic,True,7,7,True,https://curator.jsc.nasa.gov/lunar/lsc/61569.pdf,True,False,False,False
61575,Apollo 16,Breccia,Impact Melt,5.26,94.75,1,,Crystalline,True,5,5,False,,True,False,False,False
61576,Apollo 16,Basalt,Plagioclase,5.87,98.024,1,,Plagioclase crystal (G),True,3,3,False,,True,False,False,False
61577,Apollo 16,Crustal,Anorthosite,0.21,76.19,1,,Granoblastic troctolitic anorthosite (G),True,3,3,False,,True,False,False,False
62230,Apollo 16,Soil,Unsieved,4.64,15.95,2,BUSTER CRATER,"Fines, Unsieved",False,0,0,False,,False,False,False,False
62231,Apollo 16,Soil,<1 mm,86.74,85.33,,,"Fines, < 1mm",False,0,0,True,https://curator.jsc.nasa.gov/lunar/lsc/62231.pdf,True,False,False,False
62232,Apollo 16,Soil,1-2 mm,6.96,100.0,,,"Fines, 1-2mm",False,0,0,False,,False,False,False,False
62233,Apollo 16,Soil,2-4 mm,5.32,100.0,,,"Fines, 2-4mm",False,0,0,False,,False,False,False,False
62234,Apollo 16,Soil,4-10mm,8.46,98.27,,,,True,6,6,False,,False,False,False,False
62235,Apollo 16,Breccia,Impact Melt,319.6,81.922,2,,Poikilitic,True,79,79,True,https://curator.jsc.nasa.gov/lunar/lsc/62235.pdf,True,False,False,False
62236,Apollo 16,Crustal,Anorthosite,57.27,76.759,2,,Pristine noritic anorthosite,True,30,30,True,https://curator.jsc.nasa.gov/lunar/lsc/62236.pdf,True,False,False,False
62237,Apollo 16,Crustal,Anorthosite,62.35,62.808,2,,Pristine troctolitic anorthosite,True,35,35,True,https://curator.jsc.nasa.gov/lunar/lsc/62237.pdf,True,False,False,False
62238,Apollo 16,Crustal,Anorthosite,1.565,100.0,2,,Cataclastic anorthosite,False,0,0,False,,False,False,False,False
62240,Apollo 16,Soil,Unsieved,0.0,90.56,2,BUSTER CRATER,,True,2,2,False,,False,False,False,False
62241,Apollo 16,Soil,<1 mm,243.4,88.806,,,"Fines, < 1mm",False,0,0,False,,True,False,False,False
62242,Apollo 16,Soil,1-2 mm,21.74,83.947,,,"Fines, 1-2mm",False,0,0,False,,False,False,False,False
62243,Apollo 16,Soil,2-4 mm,19.6,92.117,,,"Fines, 2-4mm",False,0,0,False,,False,False,False,False
62244,Apollo 16,Soil,4-10mm,16.37,98.05,,,,True,6,6,False,,False,False,False,False
62245,Apollo 16,Breccia,Impact Melt,6.03,80.464,2,,Crystalline impact melt,False,0,0,False,,True,False,False,False
62246,Apollo 16,Crustal,Anorthosite,4.59,95.49,2,,Cataclastic anorthosite (G),False,0,0,False,,True,False,False,False
62247,Apollo 16,Breccia,Fragmental,2.11,100.0,2,,Fragmental polymict breccia,False,0,0,False,,False,False,False,False
62248,Apollo 16,Breccia,Fragmental,1.61,100.0,2,,Fragmental polymict breccia (G),False,0,0,False,,False,False,False,False
62249,Apollo 16,Breccia,Fragmental,1.41,100.0,2,,Fragmental polymict breccia,False,0,0,False,,False,False,False,False
62250,Apollo 16,Residue,,18.43,60.93,,,,False,0,0,False,,False,False,False,False
62255,Apollo 16,Breccia,Fragmental,1239.0,93.763,2,,"Dilithologic , cataclastic anorthosite clasts",True,44,44,True,https://curator.jsc.nasa.gov/lunar/lsc/62255.pdf,True,False,False,False
62270,Apollo 16,Residue,,22.17,87.82,,,,False,0,0,False,,False,False,False,False
62275,Apollo 16,Breccia,Anorthosite,443.0,98.007,2,,Cataclastic anorthosite,True,48,48,True,https://curator.jsc.nasa.gov/lunar/lsc/62275.pdf,True,False,False,False
62280,Apollo 16,Soil,Unsieved,143.0,98.78,2,BUSTER CRATER,"Fines, Unsieved",False,0,0,False,,False,False,False,False
62281,Apollo 16,Soil,<1 mm,218.5,70.712,,,"Fines, < 1mm",False,0,0,True,https://curator.jsc.nasa.gov/lunar/lsc/62281.pdf,True,False,False,False
62282,Apollo 16,Soil,1-2 mm,21.71,93.616,,,"Fines, 1-2mm",False,0,0,False,,False,False,False,False
62283,Apollo 16,Soil,2-4 mm,13.11,92.586,,,"Fines, 2-4mm",False,0,0,False,,False,False,False,False
62284,Apollo 16,Soil,4-10mm,14.3,96.62,,,,True,6,6,False,,False,False,False,False
62285,Apollo 16,Breccia,Regolith,3.524,100.0,2,,Friable regolith clod,False,0,0,False,,False,False,False,False
62286,Apollo 16,Breccia,Regolith,2.917,100.0,2,,Friable regolith clod,False,0,0,False,,False,False,False,False
62287,Apollo 16,Breccia,Impact Melt,2.474,95.96,2,,Fine-grained impact melt,False,0,0,False,,False,False,False,False
62288,Apollo 16,Breccia,Fragmental,1.939,100.0,2,,Fragmental or crystalline polymict breccia,False,0,0,False,,False,False,False,False
62289,Apollo 16,Breccia,Regolith,1.135,100.0,2,,Friable regolith clod,False,0,0,False,,False,False,False,False
62290,Apollo 16,Residue,,27.7,95.85,,,,False,0,0,False,,False,False,False,False
62295,Apollo 16,Breccia,Impact Melt,250.8,77.695,2,,Basaltic,True,72,72,True,https://curator.jsc.nasa.gov/lunar/lsc/62295.pdf,True,False,False,False
62305,Apollo 16,Breccia,Fragmental,0.81,100.0,2,,Fragmental polymict breccia,False,0,0,False,,False,False,False,False
62315,Apollo 16,Breccia,Fragmental,0.77,100.0,2,,Fragmental polymict breccia,False,0,0,False,,False,False,False,False
63010,Apollo 16,Residue,,51.3,100.0,,,,False,0,0,False,,False,False,False,False
63320,Apollo 16,Soil,Unsieved,320.0,96.436,13,SHADOW ROCK,"Fines, Unsieved",False,0,0,True,https://curator.jsc.nasa.gov/lunar/lsc/63320.pdf,True,False,False,False
63321,Apollo 16,Soil,<1 mm,25.67,2.213,,,"Fines, < 1mm",False,0,0,False,,True,False,False,False
63322,Apollo 16,Soil,1-2 mm,2.65,81.132,,,"Fines, 1-2mm",False,0,0,False,,False,False,False,False
63323,Apollo 16,Soil,2-4 mm,2.02,100.0,,,"Fines, 2-4mm",False,0,0,False,,False,False,False,False
63324,Apollo 16,Soil,4-10mm,1.15,100.0,,,,True,5,5,False,,False,False,False,False
63335,Apollo 16,Breccia,Impact Melt,65.4,80.304,13,SHADOW ROCK,Fine-grained,True,23,23,True,https://curator.jsc.nasa.gov/lunar/lsc/63335.pdf,True,False,False,False
63340,Apollo 16,Soil,Unsieved,149.7,94.248,13,SHADOW ROCK,"Fines, Unsieved",False,0,0,False,,False,False,False,False
63341,Apollo 16,Soil,<1 mm,25.88,53.126,,,"Fines, < 1mm",False,0,0,False,,True,False,False,False
63342,Apollo 16,Soil,1-2 mm,2.52,100.0,,,"Fines, 1-2mm",False,0,0,False,,False,False,False,False
63343,Apollo 16,Soil,2-4 mm,2.13,100.0,,,"Fines, 2-4mm",False,0,0,False,,False,False,False,False
63344,Apollo 16,Soil,4-10mm,0.96,72.917,,,,True,6,6,False,,False,False,False,False
63350,Apollo 16,Residue,,23.49,99.15,,,,False,0,0,False,,False,False,False,False
63355,Apollo 16,Breccia,Impact Melt,68.24,77.836,13,SHADOW ROCK,Poikilitic,True,9,9,True,https://curator.jsc.nasa.gov/lunar/lsc/63355.pdf,True,False,False,False
63500,Apollo 16,Soil,Unsieved,201.8,93.5,4B,SHADOW ROCK,"Fines, Unsieved",False,0,0,False,,False,False,False,False
63501,Apollo 16,Soil,<1 mm,342.5,67.951,,,"Fines, < 1mm",False,0,0,True,https://curator.jsc.nasa.gov/lunar/lsc/63501.pdf,True,False,False,False
63502,Apollo 16,Soil,1-2 mm,25.29,84.235,,,"Fines, 1-2mm",False,0,0,False,,True,False,False,False
63503,Apollo 16,Soil,2-4 mm,14.53,75.492,,,"Fines, 2-4mm",False,0,0,False,,True,False,False,False
63504,Apollo 16,Soil,4-10mm,17.34,90.17,,,,True,7,7,False,,True,False,False,False
63505,Apollo 16,Breccia,Impact Melt,5.41,87.65,13,,Fine-grained,True,6,6,False,,True,False,False,False
63506,Apollo 16,Breccia,Impact Melt,4.9,95.204,13,,Basaltic,True,8,8,True,https://curator.jsc.nasa.gov/lunar/lsc/63506.pdf,True,False,False,False
63507,Apollo 16,Breccia,Fragmental,2.78,82.122,13,,Fragmental regolith breccia (G),True,7,7,True,https://curator.jsc.nasa.gov/lunar/lsc/63507.pdf,True,False,False,False
63508,Apollo 16,Breccia,Impact Melt,2.61,90.57,13,,Fine-grained,True,5,5,False,,True,False,False,False
63509,Apollo 16,Breccia,Impact Melt,2.05,90.1,13,,Fine-grained,True,5,5,False,,True,False,False,False
63515,Apollo 16,Breccia,Impact Melt,1.32,88.86,13,,Fine-grained impact melt,True,2,2,False,,True,False,False,False
63520,Apollo 16,Unclassified,,22.08,83.24,,,,False,0,0,False,,False,False,False,False
63525,Apollo 16,Breccia,Impact Melt,6.68,54.671,13,,Fine-grained,True,5,5,True,https://curator.jsc.nasa.gov/lunar/lsc/63525.pdf,True,False,False,False
63526,Apollo 16,Breccia,Impact Melt,2.91,92.2,13,,Fine-grained,True,5,5,False,,True,False,False,False
63527,Apollo 16,Breccia,Impact Melt,6.1,92.67,13,,Basaltic,True,5,5,False,,True,False,False,False
63528,Apollo 16,Breccia,Impact Melt,4.12,92.74,13,,Fine-grained,True,5,5,False,,True,False,False,False
63529,Apollo 16,Breccia,Impact Melt,23.48,98.14,13,,Fine-grained,True,5,5,True,https://curator.jsc.nasa.gov/lunar/lsc/63529.pdf,True,False,False,False
63535,Apollo 16,Breccia,Impact Melt,6.85,86.555,13,,Basaltic,True,6,6,True,https://curator.jsc.nasa.gov/lunar/lsc/63535.pdf,True,False,False,False
63536,Apollo 16,Breccia,Impact Melt,1.02,80.59,13,,Basaltic,True,5,5,False,,True,False,False,False
63537,Apollo 16,Breccia,Impact Melt,4.78,93.494,13,,Basaltic,True,6,6,False,,True,False,False,False
63538,Apollo 16,Breccia,Impact Melt,35.06,98.303,13,,Fine-grained /glass,True,12,12,True,https://curator.jsc.nasa.gov/lunar/lsc/63538.pdf,True,False,False,False
63539,Apollo 16,Breccia,Impact Melt,0.39,89.74,13,,Fine-grained,True,6,6,False,,True,False,False,False
63545,Apollo 16,Breccia,Impact Melt,15.95,88.727,13,,Basaltic,True,7,7,True,https://curator.jsc.nasa.gov/lunar/lsc/63545.pdf,True,False,False,False
63546,Apollo 16,Breccia,Impact Melt,9.23,96.89,13,,Fine-grained,True,6,6,False,,True,False,False,False
63547,Apollo 16,Breccia,Impact Melt,4.9,94.898,13,,Poikilitic,True,6,6,False,,True,False,False,False
63548,Apollo 16,Breccia,Impact Melt,1.13,77.611,13,,Fine-grained,True,6,6,True,https://curator.jsc.nasa.gov/lunar/lsc/63548.pdf,True,False,False,False
63549,Apollo 16,Breccia,Impact Melt,26.57,65.205,13,,Basaltic,True,15,15,True,https://curator.jsc.nasa.gov/lunar/lsc/63549.pdf,True,False,False,False
63555,Apollo 16,Breccia,Impact Melt,3.38,86.45,13,,clast rich,True,4,4,False,,True,False,False,False
63556,Apollo 16,Breccia,Impact Melt,18.1,86.365,13,,Poikilitic,True,6,6,True,https://curator.jsc.nasa.gov/lunar/lsc/63556.pdf,True,False,False,False
63557,Apollo 16,Breccia,Impact Melt,7.53,95.697,13,,Fine-grained,True,6,6,False,,True,False,False,False
63558,Apollo 16,Breccia,Impact Melt,7.09,96.276,13,,Poikilitic,True,5,5,False,,True,False,False,False
63559,Apollo 16,Breccia,Impact Melt,6.04,93.38,13,,Devitrified Glass,True,9,9,True,https://curator.jsc.nasa.gov/lunar/lsc/63559.pdf,True,False,False,False
63565,Apollo 16,Breccia,Impact Melt,0.94,89.894,13,,Devitrified Glass,True,9,9,False,,True,False,False,False
63566,Apollo 16,Breccia,Impact Melt,19.61,95.11,13,,"Devitrified Glass, cataclastic anorthosite clast",True,10,10,True,https://curator.jsc.nasa.gov/lunar/lsc/63566.pdf,True,False,False,False
63567,Apollo 16,Breccia,Impact Melt,3.21,90.935,13,,Devitrified Glass,True,5,5,False,,True,False,False,False
63568,Apollo 16,Breccia,Impact Melt,4.06,93.1,13,,Devitrified Glass,True,9,9,False,,True,False,False,False
63569,Apollo 16,Breccia,Unclassified,0.43,93.02,13,,Glass,True,8,8,False,,True,False,False,False
63575,Apollo 16,Breccia,Impact Melt,4.72,94.703,13,,Glass enclosing white clast,True,11,11,False,,True,False,False,False
63576,Apollo 16,Breccia,Impact Melt,1.23,93.496,13,,Glass enclosing white clasts,True,5,5,False,,True,False,False,False
63577,Apollo 16,Breccia,Impact Melt,12.41,97.99,13,,"Crystalline, polymict",True,7,7,False,,True,False,False,False
63578,Apollo 16,Breccia,Impact Melt,19.6,90.949,13,,Glassy/fine-grained,True,8,8,True,https://curator.jsc.nasa.gov/lunar/lsc/63578.pdf,True,False,False,False
63579,Apollo 16,Breccia,Impact Melt,11.35,95.18,13,,Fine-grained,True,7,7,False,,True,False,False,False
63585,Apollo 16,Breccia,Impact Melt,32.62,92.922,13,,Basaltic/poikilitic,True,15,15,True,https://curator.jsc.nasa.gov/lunar/lsc/63585.pdf,True,False,False,False
63586,Apollo 16,Breccia,Impact Melt,1.98,88.43,13,,Fine-grained,True,7,7,False,,True,False,False,False
63587,Apollo 16,Breccia,Impact Melt,20.51,98.03,13,,Poikilitic,True,7,7,True,https://curator.jsc.nasa.gov/lunar/lsc/63587.pdf,True,False,False,False
63588,Apollo 16,Breccia,Fragmental,2.4,45.208,13,,polymict,True,7,7,False,,True,False,False,False
63589,Apollo 16,Breccia,Fragmental,13.51,97.483,13,,polymict,True,10,10,False,,True,False,False,False
63595,Apollo 16,Breccia,Fragmental,2.1,88.571,13,,polymict,True,5,5,True,https://curator.jsc.nasa.gov/lunar/lsc/63595.pdf,True,False,False,False
63596,Apollo 16,Breccia,Impact Melt,6.4,95.594,13,,Poikilitic,True,6,6,True,https://curator.jsc.nasa.gov/lunar/lsc/63596.pdf,True,False,False,False
63597,Apollo 16,Breccia,Impact Melt,5.67,96.54,13,,Poikilitic,True,8,8,False,,True,False,False,False
63598,Apollo 16,Breccia,Impact Melt,12.66,95.174,13,,Poikilitic,True,7,7,True,https://curator.jsc.nasa.gov/lunar/lsc/63598.pdf,True,False,False,False
64001,Apollo 16,Core,unsieved,752.3,78.533,4,STONE MOUNTAIN,,True,260,260,False,,True,False,False,False
64002,Apollo 16,Core,unsieved,584.1,76.609,4,STONE MOUNTAIN,,True,213,213,True,https://curator.jsc.nasa.gov/lunar/lsc/64002.pdf,True,False,False,False
64420,Apollo 16,Soil,Unsieved,112.2,98.49,4,CINCO B CRATER,"Fines, Unsieved",False,0,0,True,https://curator.jsc.nasa.gov/lunar/lsc/64420.pdf,False,False,False,False
64421,Apollo 16,Soil,<1 mm,206.9,75.829,,,"Fines, < 1mm",False,0,0,False,,True,False,False,False
64422,Apollo 16,Soil,1-2 mm,6.17,71.151,,,"Fines, 1-2mm",False,0,0,False,,False,False,False,False
64423,Apollo 16,Soil,2-4mm,3.76,72.633,,,,True,6,6,False,,True,False,False,False
64424,Apollo 16,Soil,4-10mm,2.06,100.0,,,,True,6,6,False,,False,False,False,False
64425,Apollo 16,Breccia,Fragmental,14.62,77.305,4,,Dilithologic,True,4,4,True,https://curator.jsc.nasa.gov/lunar/lsc/64425.pdf,True,False,False,False
64430,Apollo 16,Residue,,28.22,83.88,,,,False,0,0,False,,False,False,False,False
64435,Apollo 16,Breccia,Impact Melt,1079.0,90.851,4,,Fine-grained,True,98,98,True,https://curator.jsc.nasa.gov/lunar/lsc/64435.pdf,True,False,False,False
64450,Apollo 16,Residue,,1.57,96.82,,,,False,0,0,False,,False,False,False,False
64455,Apollo 16,Breccia,Impact Melt,56.68,24.52,4,,Basaltic,True,71,71,True,https://curator.jsc.nasa.gov/lunar/lsc/64455.pdf,True,False,False,False
64470,Apollo 16,Residue,,27.09,91.58,,,,False,0,0,False,,False,False,False,False
64475,Apollo 16,Breccia,Impact Melt,1032.0,94.347,4,,Dilithologic,True,86,86,True,https://curator.jsc.nasa.gov/lunar/lsc/64475.pdf,True,False,False,False
64476,Apollo 16,Breccia,Impact Melt,125.1,94.877,4,,Dilithologic,True,49,49,False,,True,False,False,False
64477,Apollo 16,Breccia,Fragmental,19.32,94.51,4,,Glassy,True,8,8,True,https://curator.jsc.nasa.gov/lunar/lsc/64477.pdf,True,False,False,False
64478,Apollo 16,Breccia,Impact Melt,12.34,97.49,4,,Poikilitic,True,5,5,True,https://curator.jsc.nasa.gov/lunar/lsc/64478.pdf,True,False,False,False
64500,Apollo 16,Soil,Unsieved,320.6,95.817,4,CINCO B CRATER,"Fines, Unsieved",False,0,0,False,,False,False,False,False
64501,Apollo 16,Soil,<1 mm,495.7,83.587,,,,True,4,4,True,https://curator.jsc.nasa.gov/lunar/lsc/64501.pdf,True,False,False,False
64502,Apollo 16,Soil,1-2 mm,28.38,85.543,,,"Fines, 1-2mm",False,0,0,False,,True,False,False,False
64503,Apollo 16,Soil,2-4 mm,24.11,88.826,,,"Fines, 2-4mm",False,0,0,False,,True,False,False,False
64504,Apollo 16,Soil,4-10mm,24.15,97.901,,,,True,11,11,False,,False,False,False,False
64505,Apollo 16,Breccia,Fragmental,5.392,96.81,4,,Fragmental polymict breccia,False,0,0,False,,True,False,False,False
64506,Apollo 16,Breccia,Impact Melt,5.079,94.05,4,,Basaltic impact melt (G),False,0,0,False,,True,False,False,False
64507,Apollo 16,Breccia,Unclassified,4.474,95.46,4,,Dilithologic breccia,False,0,0,False,,True,False,False,False
64508,Apollo 16,Breccia,Unclassified,4.168,95.2,4,,Dilithologic breccia,False,0,0,False,,True,False,False,False
64509,Apollo 16,Breccia,Fragmental,3.15,93.02,4,,Fragmental polymict breccia,False,0,0,False,,True,False,False,False
64515,Apollo 16,Breccia,Impact Melt,3.761,81.84,4,,Basaltic impact melt,False,0,0,False,,True,False,False,False
64516,Apollo 16,Crustal,Anorthosite,2.929,94.23,4,,Cataclastic anorthosite,False,0,0,False,,True,False,False,False
64517,Apollo 16,Breccia,Unclassified,1.546,94.83,4,,Crystalline polymict breccia,False,0,0,False,,True,False,False,False
64518,Apollo 16,Breccia,Impact Melt,1.49,92.62,4,,Fine-grained impact melt,False,0,0,False,,True,False,False,False
64519,Apollo 16,Crustal,Anorthosite,1.124,95.55,4,,Cataclastic anorthosite,False,0,0,False,,True,False,False,False
64525,Apollo 16,Crustal,Anorthosite,1.107,86.72,4,,Cataclastic anorthosite,False,0,0,False,,True,False,False,False
64530,Apollo 16,Residue,,35.45,75.18,,,,False,0,0,False,,False,False,False,False
64535,Apollo 16,Breccia,Impact Melt,256.6,98.372,4,,"clast rich, Dilithologic",True,25,25,True,https://curator.jsc.nasa.gov/lunar/lsc/64535.pdf,True,False,False,False
64536,Apollo 16,Breccia,Impact Melt,177.5,96.738,4,,"clast rich, Dilithologic",True,43,43,False,,True,False,False,False
64537,Apollo 16,Breccia,Impact Melt,124.3,96.825,4,,"clast rich, Dilithologic",True,46,46,False,,True,False,False,False
64538,Apollo 16,Breccia,Impact Melt,30.03,99.16,4,,Polylithologic,True,7,7,True,https://curator.jsc.nasa.gov/lunar/lsc/64538.pdf,True,False,False,False
64539,Apollo 16,Breccia,Fragmental,17.76,98.029,4,,Dilithologic,True,3,3,True,https://curator.jsc.nasa.gov/lunar/lsc/64539.pdf,True,False,False,False
64545,Apollo 16,Breccia,Fragmental,14.09,97.012,4,,Dilithologic,True,3,3,False,,True,False,False,False
64546,Apollo 16,Breccia,Fragmental,12.8,98.594,4,,Dilithologic,True,5,5,False,,False,False,False,False
64547,Apollo 16,Breccia,Impact Melt,10.9,96.514,4,,Polylithologic,True,3,3,False,,True,False,False,False
64548,Apollo 16,Breccia,Fragmental,8.49,96.584,4,,Dilithologic,True,5,5,True,https://curator.jsc.nasa.gov/lunar/lsc/64548.pdf,True,False,False,False
64549,Apollo 16,Breccia,Fragmental,6.47,96.6,4,,Dilithologic,True,3,3,False,,True,False,False,False
64555,Apollo 16,Breccia,Fragmental,5.29,99.622,4,,Fragmental dilithologic breccia,True,3,3,False,,True,False,False,False
64556,Apollo 16,Breccia,Unclassified,5.15,96.272,4,,Dilithologic or polymict breccia,True,3,3,False,,True,False,False,False
64557,Apollo 16,Breccia,Impact Melt,4.79,98.33,4,,Fine-grained impact melt,True,3,3,False,,True,False,False,False
64558,Apollo 16,Breccia,Unclassified,3.13,94.377,4,,Dilithologic breccia,True,2,2,False,,True,False,False,False
64559,Apollo 16,Breccia,Impact Melt,21.82,98.786,4,,Basaltic,True,5,5,True,https://curator.jsc.nasa.gov/lunar/lsc/64559.pdf,True,False,False,False
64565,Apollo 16,Breccia,Impact Melt,14.73,98.099,4,,Glassy,True,5,5,False,,True,False,False,False
64566,Apollo 16,Breccia,Impact Melt,14.13,96.079,4,,white clasts,True,3,3,True,https://curator.jsc.nasa.gov/lunar/lsc/64566.pdf,True,False,False,False
64567,Apollo 16,Breccia,Impact Melt,13.86,80.375,4,,Poikilitic,True,5,5,True,https://curator.jsc.nasa.gov/lunar/lsc/64567.pdf,True,False,False,False
64568,Apollo 16,Breccia,Impact Melt,9.379,98.145,4,,Poikilitic,True,5,5,True,https://curator.jsc.nasa.gov/lunar/lsc/64568.pdf,True,False,False,False
64569,Apollo 16,Breccia,Impact Melt,14.32,94.937,4,,Poikilitic,True,5,5,False,,True,False,False,False
64575,Apollo 16,Breccia,Impact Melt,6.837,97.7,4,,Poikilitic,True,5,5,False,,True,False,False,False
64576,Apollo 16,Breccia,Impact Melt,6.916,93.956,4,,Basaltic,True,5,5,True,https://curator.jsc.nasa.gov/lunar/lsc/64576.pdf,True,False,False,False
64577,Apollo 16,Breccia,Impact Melt,5.692,98.419,4,,Glassy,True,5,5,False,,True,False,False,False
64578,Apollo 16,Breccia,Impact Melt,5.596,96.41,4,,Fine-grained impact melt (G),True,3,3,False,,True,False,False,False
64579,Apollo 16,Breccia,Impact Melt,4.802,95.752,4,,Fine-grained,True,5,5,False,,True,False,False,False
64585,Apollo 16,Breccia,Impact Melt,4.696,93.335,4,,Basaltic/poikilitic,True,5,5,True,https://curator.jsc.nasa.gov/lunar/lsc/64585.pdf,True,False,False,False
64586,Apollo 16,Breccia,Impact Melt,3.337,95.33,4,,Fine-grained,True,4,4,False,,True,False,False,False
64587,Apollo 16,Breccia,Fragmental,7.18,98.886,4,,polymict,True,4,4,False,,True,False,False,False
64588,Apollo 16,Breccia,Fragmental,2.546,95.29,4,,polymict,True,2,2,False,,True,False,False,False
64589,Apollo 16,Breccia,Anorthosite,4.039,94.06,4,,Cataclastic anorthosite,True,3,3,False,,True,False,False,False
64800,Apollo 16,Soil,Unsieved,166.3,99.7,4B,,"Fines, Unsieved",False,0,0,False,,False,False,False,False
64801,Apollo 16,Soil,<1 mm,286.8,88.728,,,"Fines, < 1mm",False,0,0,True,https://curator.jsc.nasa.gov/lunar/lsc/64801.pdf,True,False,False,False
64802,Apollo 16,Soil,1-2 mm,10.96,88.59,,,"Fines, 1-2mm",False,0,0,False,,False,False,False,False
64803,Apollo 16,Soil,2-4mm,8.09,86.106,,,,True,11,11,False,,True,False,False,False
64804,Apollo 16,Soil,4-10mm,7.89,98.1,,,,True,5,5,False,,False,False,False,False
64810,Apollo 16,Soil,Unsieved,102.14,97.81,4B,STONE MOUNTAIN,"Fines, Unsieved",False,0,0,False,,False,False,False,False
64811,Apollo 16,Soil,<1 mm,174.7,94.086,,,"Fines, < 1mm",False,0,0,False,,True,False,False,False
64812,Apollo 16,Soil,1-2 mm,9.53,94.753,,,"Fines, 1-2mm",False,0,0,False,,True,False,False,False
64813,Apollo 16,Soil,2-4mm,9.1,90.93,,,,True,10,10,False,,False,False,False,False
64814,Apollo 16,Soil,4-10mm,5.34,97.57,,,,True,5,5,False,,False,False,False,False
64815,Apollo 16,Breccia,Impact Melt,20.9,83.761,4,,Poikilitic,True,10,10,True,https://curator.jsc.nasa.gov/lunar/lsc/64815.pdf,True,False,False,False
64816,Apollo 16,Breccia,Impact Melt,3.83,90.392,4,,Poikilitic,True,10,10,True,https://curator.jsc.nasa.gov/lunar/lsc/64816.pdf,True,False,False,False
64817,Apollo 16,Breccia,Impact Melt,8.98,82.773,4,,Basaltic,True,7,7,True,https://curator.jsc.nasa.gov/lunar/lsc/64817.pdf,True,False,False,False
64818,Apollo 16,Breccia,fragmental,15.98,95.369,4,,Dilithologic,True,7,7,True,https://curator.jsc.nasa.gov/lunar/lsc/64818.pdf,True,False,False,False
64819,Apollo 16,Breccia,fragmental,11.76,97.959,4,,"monomict, Pristine cataclastic anorthosite (G)",True,5,5,False,,True,False,False,False
64825,Apollo 16,Breccia,Regolith,21.5,98.0,4,,,True,6,6,True,https://curator.jsc.nasa.gov/lunar/lsc/64825.pdf,True,False,False,False
64826,Apollo 16,Breccia,Regolith,11.33,92.763,4,,polymict,True,8,8,False,,True,False,False,False
64827,Apollo 16,Breccia,Regolith,8.11,98.03,4,,polymict,True,8,8,False,,True,False,False,False
64828,Apollo 16,Breccia,Regolith,0.97,89.28,4,,,True,6,6,False,,True,False,False,False
64829,Apollo 16,Breccia,Regolith,2.2,88.64,4,,,True,6,6,False,,True,False,False,False
64835,Apollo 16,Breccia,Regolith,2.32,79.74,4,,,True,6,6,False,,True,False,False,False
64836,Apollo 16,Breccia,Regolith,1.76,96.59,4,,,True,6,6,False,,True,False,False,False
64837,Apollo 16,Breccia,Regolith,2.18,99.08,4,,,True,3,3,False,,True,False,False,False
65010,Apollo 16,Residue,,42.37,100.0,,,,False,0,0,False,,False,False,False,False
65015,Apollo 16,Breccia,Impact Melt,1802.0,91.676,5,,Poikilitic,True,120,120,True,https://curator.jsc.nasa.gov/lunar/lsc/65015.pdf,True,False,False,False
65016,Apollo 16,Breccia,Impact Melt,21.02,93.264,5,,"Glass sphere, hollow",True,12,12,True,https://curator.jsc.nasa.gov/lunar/lsc/65016.pdf,True,False,False,False
65030,Apollo 16,Residue,,45.0,87.31,,,,False,0,0,False,,False,False,False,False
65035,Apollo 16,Breccia,fragmental,446.1,95.504,5,,"impact melt, Cataclastic anorthosite (G) clasts",True,69,69,True,https://curator.jsc.nasa.gov/lunar/lsc/65035.pdf,True,True,False,False
65050,Apollo 16,Residue,,32.29,90.65,,,,False,0,0,False,,False,False,False,False
65055,Apollo 16,Breccia,Impact Melt,500.8,95.772,5,,Basaltic,True,48,48,True,https://curator.jsc.nasa.gov/lunar/lsc/65055.pdf,True,False,False,False
65056,Apollo 16,Breccia,Impact Melt,64.78,95.755,5,,Variolitic,True,9,9,True,https://curator.jsc.nasa.gov/lunar/lsc/65056.pdf,True,False,False,False
65070,Apollo 16,Residue,,5.05,75.84,,,,False,0,0,False,,False,False,False,False
65075,Apollo 16,Breccia,Impact Melt,107.9,93.84,5,,Basaltic,True,24,24,True,https://curator.jsc.nasa.gov/lunar/lsc/65075.pdf,True,False,False,False
65090,Apollo 16,Residue,,28.86,89.33,,,,False,0,0,False,,False,False,False,False
65095,Apollo 16,Breccia,Regolith,560.1,94.92,5,,"polymict, glass coating",True,60,60,True,https://curator.jsc.nasa.gov/lunar/lsc/65095.pdf,True,False,False,False
65310,Apollo 16,Residue,,45.08,89.09,,,,False,0,0,False,,False,False,False,False
65315,Apollo 16,Breccia,fragmental,300.4,80.94,5,,Pristine cataclastic anorthosite (G),True,45,45,True,https://curator.jsc.nasa.gov/lunar/lsc/65315.pdf,True,False,False,False
65325,Apollo 16,Breccia,fragmental,67.87,94.218,5,,Pristine cataclastic anorthosite (G),True,9,9,True,https://curator.jsc.nasa.gov/lunar/lsc/65325.pdf,True,False,False,False
65326,Apollo 16,Breccia,fragmental,36.4,99.341,5,,Cataclastic anorthosite,True,7,7,True,https://curator.jsc.nasa.gov/lunar/lsc/65326.pdf,True,False,False,False
65327,Apollo 16,Breccia,fragmental,6.97,94.405,5,,Pristine cataclastic anorthosite (G),True,4,4,False,,True,False,False,False
65328,Apollo 16,Breccia,fragmental,1.28,92.5,5,,"monomict, Cataclastic anorthosite (G), friable",True,4,4,False,,True,False,False,False
65329,Apollo 16,Breccia,fragmental,1.92,94.95,5,,"Cataclastic anorthosite (G), friable",True,4,4,False,,True,False,False,False
65335,Apollo 16,Breccia,fragmental,1.63,94.23,5,,"Cataclastic anorthosite (G), friable",True,4,4,False,,True,False,False,False
65336,Apollo 16,Breccia,fragmental,0.6,91.0,5,,"Cataclastic anorthosite (G), friable",True,3,3,False,,True,False,False,False
65337,Apollo 16,Breccia,Fragmental,11.57,71.91,5,,polymict,True,5,5,False,,True,False,False,False
65338,Apollo 16,Breccia,Fragmental,2.65,96.226,5,,polymict,True,5,5,False,,True,False,False,False
65339,Apollo 16,Breccia,Fragmental,1.62,93.64,5,,polymict,True,5,5,False,,True,False,False,False
65345,Apollo 16,Breccia,Fragmental,0.86,75.581,5,,polymict,True,5,5,False,,True,False,False,False
65346,Apollo 16,Breccia,Fragmental,0.8,92.13,5,,polymict,True,5,5,False,,True,False,False,False
65347,Apollo 16,Breccia,Fragmental,0.43,93.49,5,,Fragmental polymict breccia,True,2,2,False,,True,False,False,False
65348,Apollo 16,Breccia,Impact Melt,11.66,98.799,5,,"Glassy, clast rich",True,5,5,False,,True,False,False,False
65349,Apollo 16,Breccia,Impact Melt,7.58,95.07,5,,Glassy impact melt,True,4,4,False,,True,False,False,False
65355,Apollo 16,Breccia,Impact Melt,4.94,96.13,5,,Glassy,True,5,5,False,,True,False,False,False
65356,Apollo 16,Breccia,Impact Melt,2.53,92.13,5,,Glassy,True,3,3,False,,True,False,False,False
65357,Apollo 16,Breccia,Impact Melt,18.76,97.814,5,,Poikilitic,True,5,5,True,https://curator.jsc.nasa.gov/lunar/lsc/65357.pdf,True,False,False,False
65358,Apollo 16,Breccia,Impact Melt,7.02,95.997,5,,Poikilitic,True,5,5,False,,True,False,False,False
65359,Apollo 16,Breccia,Impact Melt,2.53,93.676,5,,polymict breccia inclusions,True,6,6,False,,True,False,False,False
65365,Apollo 16,Breccia,Impact Melt,2.16,85.833,5,,Poikilitic,True,3,3,False,,True,False,False,False
65366,Apollo 16,Breccia,Impact Melt,8.48,96.462,5,,Glass,True,3,3,False,,True,False,False,False
65500,Apollo 16,Soil,Unsieved,413.0,91.921,5,,"Fines, Unsieved",False,0,0,False,,True,False,False,False
65501,Apollo 16,Soil,<1 mm,150.0,88.509,,,"Fines, < 1mm",False,0,0,True,https://curator.jsc.nasa.gov/lunar/lsc/65501.pdf,True,False,False,False
65502,Apollo 16,Soil,1-2 mm,9.5,64.968,,,"Fines, 1-2mm",False,0,0,False,,True,False,False,False
65503,Apollo 16,Soil,2-4mm,23.24,92.281,,,,True,7,7,False,,True,False,False,False
65504,Apollo 16,Soil,4-10mm,22.48,98.13,,,,True,5,5,False,,False,False,False,False
65510,Apollo 16,Soil,Unsieved,171.3,90.49,5,,"Fines, Unsieved",False,0,0,False,,False,False,False,False
65511,Apollo 16,Soil,<1 mm,190.2,95.857,,,"Fines, < 1mm",False,0,0,False,,False,False,False,False
65512,Apollo 16,Soil,1-2 mm,16.05,95.963,,,"Fines, 1-2mm",False,0,0,False,,False,False,False,False
65513,Apollo 16,Soil,2-4mm,20.21,80.282,,,,True,8,8,False,,False,False,False,False
65514,Apollo 16,Soil,4-10 mm,13.98,100.0,,,"Fines, 4-10mm",False,0,0,False,,False,False,False,False
65515,Apollo 16,Breccia,Regolith,50.25,100.0,5,,Reg Clod,True,4,4,True,https://curator.jsc.nasa.gov/lunar/lsc/65515.pdf,False,False,False,False
65516,Apollo 16,Breccia,Regolith,10.49,100.0,5,,Reg Clod,True,4,4,False,,False,False,False,False
65517,Apollo 16,Breccia,Regolith,11.85,100.0,5,,Reg Clod,True,4,4,False,,False,False,False,False
65518,Apollo 16,Breccia,Regolith,9.477,100.0,5,,Reg Clod,True,4,4,False,,False,False,False,False
65519,Apollo 16,Breccia,Regolith,10.58,99.99,5,,Reg Clod,True,4,4,False,,False,False,False,False
65525,Apollo 16,Breccia,Regolith,7.483,100.0,5,,Reg Clod,True,4,4,False,,False,False,False,False
65526,Apollo 16,Breccia,Regolith,3.545,100.0,5,,Fragmental polymict breccia (regolith clod),True,4,4,False,,False,False,False,False
65527,Apollo 16,Breccia,Regolith,2.89,100.0,5,,Fragmental polymict breccia (regolith clod),True,4,4,False,,False,False,False,False
65528,Apollo 16,Breccia,Regolith,3.082,100.0,5,,Fragmental polymict breccia (regolith clod),True,4,4,False,,False,False,False,False
65529,Apollo 16,Breccia,Regolith,2.555,87.671,5,,Fragmental polymict,True,5,5,False,,True,False,False,False
65535,Apollo 16,Breccia,Regolith,2.658,100.0,5,,Fragmental polymict breccia (regolith clod),True,4,4,False,,False,False,False,False
65536,Apollo 16,Breccia,Regolith,1.575,100.0,5,,Fragmental polymict breccia (regolith clod),True,4,4,False,,False,False,False,False
65537,Apollo 16,Breccia,Regolith,2.426,100.0,5,,Fragmental polymict breccia (regolith clod),True,4,4,False,,False,False,False,False
65538,Apollo 16,Breccia,Regolith,2.342,100.0,5,,Fragmental polymict breccia (regolith clod),True,4,4,False,,False,False,False,False
65539,Apollo 16,Breccia,Regolith,2.18,100.0,5,,Fragmental polymict breccia (regolith clod),True,4,4,False,,False,False,False,False
65545,Apollo 16,Breccia,Regolith,1.797,100.0,5,,Fragmental polymict breccia (regolith clod),True,4,4,False,,False,False,False,False
65546,Apollo 16,Breccia,Regolith,1.346,100.0,5,,Fragmental polymict breccia (regolith clod),True,4,4,False,,False,False,False,False
65547,Apollo 16,Breccia,Regolith,1.587,100.0,5,,Fragmental polymict breccia (regolith clod),True,4,4,False,,False,False,False,False
65548,Apollo 16,Breccia,Regolith,3.023,100.0,5,,Fragmental polymict breccia (regolith clod),True,4,4,False,,False,False,False,False
65549,Apollo 16,Breccia,Regolith,2.094,100.0,5,,Fragmental polymict breccia (regolith clod),True,2,2,False,,False,False,False,False
65555,Apollo 16,Breccia,Regolith,2.202,100.0,5,,Fragmental polymict breccia (regolith clod),True,6,6,False,,False,False,False,False
65556,Apollo 16,Breccia,Regolith,1.17,100.0,5,,Fragmental polymict breccia (regolith clod),True,6,6,False,,False,False,False,False
65557,Apollo 16,Breccia,Regolith,1.114,100.0,5,,Fragmental polymict breccia (regolith clod),True,6,6,False,,False,False,False,False
65558,Apollo 16,Breccia,Regolith,1.695,100.0,5,,Fragmental polymict breccia (regolith clod),True,6,6,False,,False,False,False,False
65559,Apollo 16,Breccia,Regolith,1.533,100.0,5,,Fragmental polymict breccia (regolith clod),True,6,6,False,,False,False,False,False
65565,Apollo 16,Breccia,Regolith,0.852,100.0,5,,Fragmental polymict breccia (regolith clod),True,6,6,False,,False,False,False,False
65566,Apollo 16,Breccia,Regolith,1.998,100.0,5,,Fragmental polymict breccia (regolith clod),True,6,6,False,,False,False,False,False
65567,Apollo 16,Breccia,Regolith,1.289,100.0,5,,Fragmental polymict breccia (regolith clod),True,6,6,False,,False,False,False,False
65568,Apollo 16,Breccia,Regolith,0.808,100.0,5,,Fragmental polymict breccia (regolith clod),True,6,6,False,,False,False,False,False
65569,Apollo 16,Breccia,Regolith,0.873,100.0,5,,Fragmental polymict breccia (regolith clod),True,6,6,False,,False,False,False,False
65575,Apollo 16,Breccia,Regolith,0.907,65.05,5,,Fragmental polymict breccia (regolith clod),True,6,6,False,,True,False,False,False
65576,Apollo 16,Breccia,Regolith,0.906,100.0,5,,Fragmental polymict breccia (regolith clod),True,6,6,False,,False,False,False,False
65577,Apollo 16,Breccia,Regolith,0.706,100.0,5,,Fragmental polymict breccia (regolith clod),True,6,6,False,,False,False,False,False
65578,Apollo 16,Breccia,Regolith,0.32,100.0,5,,Fragmental polymict breccia (regolith clod),True,6,6,False,,False,False,False,False
65579,Apollo 16,Breccia,Regolith,0.612,100.0,5,,Fragmental polymict breccia (regolith clod),True,2,2,False,,False,False,False,False
65585,Apollo 16,Breccia,Impact Melt,9.294,97.052,5,,Cindery glass,True,7,7,False,,True,False,False,False
65586,Apollo 16,Breccia,Regolith,6.763,93.18,5,,polymict,True,6,6,False,,True,False,False,False
65587,Apollo 16,Breccia,Regolith,2.141,97.66,5,,polymict,True,3,3,False,,True,False,False,False
65588,Apollo 16,Breccia,Regolith,9.629,100.0,5,,polymict,True,2,2,False,,False,False,False,False
65700,Apollo 16,Soil,Unsieved,92.3,96.85,5,,"Fines, Unsieved",False,0,0,False,,False,False,False,False
65701,Apollo 16,Soil,<1 mm,171.3,81.281,,,"Fines, < 1mm",False,0,0,True,https://curator.jsc.nasa.gov/lunar/lsc/65701.pdf,True,False,False,False
65702,Apollo 16,Soil,1-2 mm,4.89,89.775,,,"Fines, 1-2mm",False,0,0,False,,False,False,False,False
65703,Apollo 16,Soil,2-4mm,1.58,70.38,,,,True,7,7,False,,False,False,False,False
65704,Apollo 16,Soil,4-10mm,1.39,93.81,,,,True,5,5,False,,False,False,False,False
65710,Apollo 16,Residue,,91.23,89.39,,,,False,0,0,False,,False,False,False,False
65715,Apollo 16,Breccia,Regolith,31.36,94.624,5,,ancient,True,7,7,True,https://curator.jsc.nasa.gov/lunar/lsc/65715.pdf,True,False,False,False
65716,Apollo 16,Breccia,Fragmental,14.28,97.2,5,,polymict,True,4,4,False,,True,False,False,False
65717,Apollo 16,Breccia,Fragmental,7.415,93.9,5,,polymict,True,4,4,False,,True,False,False,False
65718,Apollo 16,Breccia,Fragmental,10.61,96.04,5,,polymict,True,4,4,False,,True,False,False,False
65719,Apollo 16,Breccia,Fragmental,7.04,97.02,5,,polymict,True,4,4,False,,True,False,False,False
65725,Apollo 16,Breccia,Fragmental,6.67,96.94,5,,polymict,True,6,6,False,,True,False,False,False
65726,Apollo 16,Breccia,Fragmental,5.19,96.92,5,,polymict,True,4,4,False,,True,False,False,False
65727,Apollo 16,Breccia,Fragmental,4.3,95.84,5,,polymict,True,4,4,False,,True,False,False,False
65728,Apollo 16,Breccia,Fragmental,4.22,95.972,5,,polymict,True,5,5,False,,True,False,False,False
65729,Apollo 16,Breccia,Fragmental,3.81,98.58,5,,polymict,True,4,4,False,,True,False,False,False
65735,Apollo 16,Breccia,Fragmental,4.26,96.95,5,,polymict,True,5,5,False,,True,False,False,False
65736,Apollo 16,Breccia,Fragmental,2.74,97.08,5,,polymict,True,4,4,False,,True,False,False,False
65737,Apollo 16,Breccia,Fragmental,0.85,97.06,5,,polymict,True,4,4,False,,True,False,False,False
65738,Apollo 16,Breccia,Fragmental,1.17,94.02,5,,polymict,True,4,4,False,,True,False,False,False
65739,Apollo 16,Breccia,Fragmental,0.95,96.84,5,,Fragmental polymict breccia,True,2,2,False,,True,False,False,False
65745,Apollo 16,Breccia,Regolith,7.76,90.348,5,,polymict,True,4,4,True,https://curator.jsc.nasa.gov/lunar/lsc/65745.pdf,True,False,False,False
65746,Apollo 16,Breccia,Regolith,4.19,82.22,5,,polymict,True,4,4,False,,True,False,False,False
65747,Apollo 16,Breccia,Regolith,0.82,54.512,5,,polymict,True,4,4,False,,True,False,False,False
65748,Apollo 16,Breccia,Regolith,0.97,60.412,5,,polymict,True,4,4,False,,True,False,False,False
65749,Apollo 16,Breccia,Regolith,0.95,62.632,5,,polymict,True,4,4,False,,True,False,False,False
65755,Apollo 16,Breccia,Regolith,1.42,61.549,5,,friable,True,4,4,False,,True,False,False,False
65756,Apollo 16,Breccia,Regolith,0.77,100.0,5,,polymict,True,4,4,False,,False,False,False,False
65757,Apollo 16,Breccia,Impact Melt,26.2,97.26,5,,Glassy impact melt,True,8,8,True,https://curator.jsc.nasa.gov/lunar/lsc/65757.pdf,True,False,False,False
65758,Apollo 16,Breccia,fragmental,5.95,95.01,5,,Dilithologic or crystalline polymict breccia,True,4,4,False,,True,False,False,False
65759,Apollo 16,Breccia,unstudied,3.11,98.39,5,,Cataclastic anorthosite (G),True,5,5,False,,True,False,False,False
65765,Apollo 16,Breccia,fragmental,1.12,90.18,5,,Dilithologic breccia or melt-coated anorthosite (G?),True,4,4,False,,True,False,False,False
65766,Apollo 16,Breccia,unstudied,1.01,95.05,5,,Cataclastic anorthosite,True,3,3,False,,True,False,False,False
65767,Apollo 16,Breccia,unstudied,17.51,97.83,5,,Glass,True,5,5,False,,True,False,False,False
65768,Apollo 16,Breccia,Fragmental,3.25,92.615,5,,polymict,True,5,5,False,,True,False,False,False
65769,Apollo 16,Breccia,Fragmental,2.74,100.0,5,,polymict,True,5,5,False,,False,False,False,False
65775,Apollo 16,Breccia,Fragmental,3.5,100.0,5,,polymict,True,5,5,False,,False,False,False,False
65776,Apollo 16,Breccia,Impact Melt,2.33,95.71,5,,Glassy,True,3,3,False,,True,False,False,False
65777,Apollo 16,Breccia,Impact Melt,16.53,90.805,5,,Poikilitic,True,4,4,True,https://curator.jsc.nasa.gov/lunar/lsc/65777.pdf,True,False,False,False
65778,Apollo 16,Breccia,Impact Melt,12.22,97.422,5,,Poikilitic,True,4,4,False,,False,False,False,False
65779,Apollo 16,Breccia,Impact Melt,12.71,94.091,5,,Basaltic,True,4,4,True,https://curator.jsc.nasa.gov/lunar/lsc/65779.pdf,True,False,False,False
65785,Apollo 16,Breccia,Impact Melt,5.16,61.143,5,,Basaltic,True,3,3,True,https://curator.jsc.nasa.gov/lunar/lsc/65785.pdf,True,False,False,False
65786,Apollo 16,Breccia,fragmental,83.02,99.23,5,,Glassy,True,12,12,True,https://curator.jsc.nasa.gov/lunar/lsc/65786.pdf,True,False,False,False
65787,Apollo 16,Breccia,fragmental,8.28,98.88,5,,"Crystalline, polymict",True,5,5,False,,True,False,False,False
65788,Apollo 16,Breccia,Impact Melt,9.32,98.07,5,,Glassy,True,3,3,False,,True,False,False,False
65789,Apollo 16,Breccia,fragmental,12.24,96.855,5,,Cataclastic anorthosite (G),True,3,3,True,https://curator.jsc.nasa.gov/lunar/lsc/65789.pdf,True,False,False,False
65795,Apollo 16,Breccia,Impact Melt,6.84,71.754,5,,Basaltic,True,3,3,True,https://curator.jsc.nasa.gov/lunar/lsc/65795.pdf,True,False,False,False
65900,Apollo 16,Soil,Unsieved,233.2,99.33,5,,"Fines, Unsieved",False,0,0,False,,False,False,False,False
65901,Apollo 16,Soil,<1 mm,393.2,90.598,,,"Fines, < 1mm",False,0,0,True,https://curator.jsc.nasa.gov/lunar/lsc/65901.pdf,False,False,False,False
65902,Apollo 16,Soil,1-2 mm,14.84,77.871,,,"Fines, 1-2mm",False,0,0,False,,True,False,False,False
65903,Apollo 16,Soil,2-4mm,11.4,89.62,,,,True,10,10,False,,False,False,False,False
65904,Apollo 16,Soil,4-10mm,9.51,98.81,,,,True,5,5,False,,False,False,False,False
65905,Apollo 16,Breccia,Impact Melt,12.08,84.669,5,,Basaltic impact melt,False,0,0,True,https://curator.jsc.nasa.gov/lunar/lsc/65905.pdf,True,False,False,False
65906,Apollo 16,Breccia,Impact Melt,6.584,95.216,5,,Basaltic impact melt (G),False,0,0,False,,True,False,False,False
65907,Apollo 16,Breccia,Fragmental,4.658,95.32,5,,Fragmental polymict breccia,False,0,0,False,,True,False,False,False
65908,Apollo 16,Breccia,Unclassified,2.162,96.3,5,,Glass,False,0,0,False,,True,False,False,False
65909,Apollo 16,Crustal,Anorthosite,2.024,86.36,5,,Cataclastic anorthosite,False,0,0,False,,True,False,False,False
65915,Apollo 16,Breccia,Impact Melt,2.06,91.796,5,,Glassy or fine-grained impact melt,False,0,0,False,,True,False,False,False
65916,Apollo 16,Crustal,Anorthosite,0.994,95.98,5,,Cataclastic anorthosite,False,0,0,False,,True,False,False,False
65920,Apollo 16,Residue,,12.06,94.38,,,,False,0,0,False,,False,False,False,False
65925,Apollo 16,Breccia,Regolith,3.82,83.534,5,,polymict,True,7,7,True,https://curator.jsc.nasa.gov/lunar/lsc/65925.pdf,True,False,False,False
65926,Apollo 16,Breccia,Regolith,3.03,75.05,5,,polymict,True,5,5,False,,True,False,False,False
65927,Apollo 16,Breccia,Regolith,0.72,100.0,5,,polymict,True,5,5,False,,False,False,False,False
66030,Apollo 16,Soil,Unsieved,50.49,95.37,6,STONE MOUNTAIN,"Fines, Unsieved",False,0,0,False,,False,False,False,False
66031,Apollo 16,Soil,<1 mm,75.6,76.716,,,"Fines, < 1mm",False,0,0,True,https://curator.jsc.nasa.gov/lunar/lsc/66031.pdf,False,False,False,False
66032,Apollo 16,Soil,1-2 mm,2.99,100.0,,,"Fines, 1-2mm",False,0,0,False,,False,False,False,False
66033,Apollo 16,Soil,2-4mm,2.16,52.92,,,,True,6,6,False,,False,False,False,False
66034,Apollo 16,Soil,4-10mm,3.36,97.05,,,,True,3,3,False,,False,False,False,False
66035,Apollo 16,Breccia,Regolith,211.4,95.83,6,STONE MOUNTAIN,polymict,True,54,54,True,https://curator.jsc.nasa.gov/lunar/lsc/66035.pdf,True,False,False,False
66036,Apollo 16,Breccia,Regolith,4.384,86.907,6,,polymict,True,9,9,False,,True,False,False,False
66037,Apollo 16,Breccia,Regolith,3.718,93.599,6,,Glassy,True,2,2,False,,True,False,False,False
66040,Apollo 16,Soil,Unsieved,166.5,93.315,6,STONE MOUNTAIN,"Fines, Unsieved",False,0,0,False,,False,False,False,False
66041,Apollo 16,Soil,<1 mm,357.4,74.629,,,,True,2,2,True,https://curator.jsc.nasa.gov/lunar/lsc/66041.pdf,True,False,False,False
66042,Apollo 16,Soil,1-2 mm,19.5,84.364,,,"Fines, 1-2mm",False,0,0,False,,False,False,False,False
66043,Apollo 16,Soil,2-4mm,15.5,84.097,,,,True,12,12,False,,True,False,False,False
66044,Apollo 16,Soil,4-10mm,11.3,97.239,,,,True,8,8,False,,False,False,False,False
66050,Apollo 16,Residue,,30.36,85.54,,,,False,0,0,False,,False,False,False,False
66055,Apollo 16,Breccia,fragmental,1306.0,88.155,6,,Polymict or dilithologic,True,76,76,True,https://curator.jsc.nasa.gov/lunar/lsc/66055.pdf,True,False,False,False
66070,Apollo 16,Residue,,8.06,88.83,,,,False,0,0,False,,False,False,False,False
66075,Apollo 16,Breccia,Fragmental,347.1,32.966,6,STONE MOUNTAIN,polymict,True,71,71,True,https://curator.jsc.nasa.gov/lunar/lsc/66075.pdf,True,False,True,False
66080,Apollo 16,Soil,Unsieved,106.1,97.79,6,STONE MOUNTAIN,"Fines, Unsieved",False,0,0,False,,False,False,False,False
66081,Apollo 16,Soil,<1 mm,177.3,89.5,,,,True,5,5,True,https://curator.jsc.nasa.gov/lunar/lsc/66081.pdf,True,False,False,False
66082,Apollo 16,Soil,1-2 mm,9.85,78.782,,,"Fines, 1-2mm",False,0,0,False,,True,False,False,False
66083,Apollo 16,Soil,2-4mm,4.53,66.358,,,,True,9,9,False,,False,False,False,False
66084,Apollo 16,Soil,4-10mm,3.13,97.76,,,,True,4,4,False,,False,False,False,False
66085,Apollo 16,Breccia,Fragmental,3.66,98.33,6,,Fragmental polymict breccia,False,0,0,False,,False,False,False,False
66086,Apollo 16,Breccia,Fragmental,2.027,100.0,6,,Fragmental polymict breccia,False,0,0,False,,False,False,False,False
66090,Apollo 16,Residue,,9.47,62.72,,,,False,0,0,False,,False,False,False,False
66095,Apollo 16,Breccia,Impact Melt,1185.0,88.368,6,,Basaltic,True,114,114,True,https://curator.jsc.nasa.gov/lunar/lsc/66095.pdf,True,False,False,False
66575,Apollo 16,Unclassified,,0.0,0.0,,,,False,0,0,False,,False,False,False,False
67010,Apollo 16,Residue,,95.25,82.058,,,,False,0,0,False,,False,False,False,False
67011,Apollo 16,Residue,,168.5,90.898,,,,False,0,0,False,,False,False,False,False
67012,Apollo 16,Residue,,46.69,100.0,,,,False,0,0,False,,False,False,False,False
67013,Apollo 16,Residue,,63.59,100.0,,,,False,0,0,False,,False,False,False,False
67014,Apollo 16,Residue,,85.47,100.0,,,,False,0,0,False,,False,False,False,False
67015,Apollo 16,Breccia,Fragmental,1194.0,86.627,11,,polymict,True,123,123,True,https://curator.jsc.nasa.gov/lunar/lsc/67015.pdf,True,False,False,False
67016,Apollo 16,Breccia,Fragmental,4262.0,94.666,11,,polymict,True,70,70,True,https://curator.jsc.nasa.gov/lunar/lsc/67016.pdf,True,True,True,False
67020,Apollo 16,Residue,,357.6,71.13,,,,False,0,0,False,,False,False,False,False
67025,Apollo 16,Breccia,Impact Melt,16.06,92.061,11,,Basaltic,True,8,8,True,https://curator.jsc.nasa.gov/lunar/lsc/67025.pdf,True,False,False,False
67030,Apollo 16,Residue,,0.77,0.0,,,,False,0,0,False,,False,False,False,False
67031,Apollo 16,Residue,,52.73,94.601,,,,False,0,0,True,https://curator.jsc.nasa.gov/lunar/lsc/67031.pdf,False,False,False,False
67032,Apollo 16,Residue,,13.3,100.0,,,,False,0,0,False,,False,False,False,False
67033,Apollo 16,Residue,,14.88,93.28,,,,False,0,0,False,,True,False,False,False
67034,Apollo 16,Residue,,14.55,100.0,,,,False,0,0,False,,False,False,False,False
67035,Apollo 16,Breccia,Fragmental,245.2,95.694,11,,polymict,True,15,15,True,https://curator.jsc.nasa.gov/lunar/lsc/67035.pdf,True,False,False,False
67050,Apollo 16,Residue,,18.54,95.25,,,,False,0,0,False,,False,False,False,False
67055,Apollo 16,Breccia,Fragmental,221.9,94.065,11,,"polymict, anorthositic",True,57,57,True,https://curator.jsc.nasa.gov/lunar/lsc/67055.pdf,True,False,False,False
67070,Apollo 16,Residue,,0.7,0.0,,,,False,0,0,False,,False,False,False,False
67075,Apollo 16,Breccia,fragmental,219.2,80.516,11,,Cataclastic anorthosite,True,37,37,True,https://curator.jsc.nasa.gov/lunar/lsc/67075.pdf,True,False,False,False
67090,Apollo 16,Residue,,3.86,64.25,,,,False,0,0,False,,False,False,False,False
67095,Apollo 16,Breccia,Impact Melt,339.8,90.325,11,,Basaltic,True,47,47,True,https://curator.jsc.nasa.gov/lunar/lsc/67095.pdf,True,False,False,False
67110,Apollo 16,Residue,,17.28,92.88,,,,False,0,0,False,,False,False,False,False
67115,Apollo 16,Breccia,Fragmental,240.0,91.824,11,,polymict,True,21,21,True,https://curator.jsc.nasa.gov/lunar/lsc/67115.pdf,True,False,False,False
67210,Apollo 16,Residue,,3.86,0.0,,,,False,0,0,False,,False,False,False,False
67215,Apollo 16,Breccia,Fragmental,276.2,96.653,11,,Fragmental (monomict granoblastic),True,29,29,True,https://curator.jsc.nasa.gov/lunar/lsc/67215.pdf,True,False,False,False
67230,Apollo 16,Residue,,2.41,0.0,,,,False,0,0,False,,False,False,False,False
67235,Apollo 16,Breccia,Impact Melt,937.2,99.287,11,,Poikilitic,True,8,8,True,https://curator.jsc.nasa.gov/lunar/lsc/67235.pdf,True,False,False,False
67410,Apollo 16,Residue,,58.72,95.64,,,,False,0,0,False,,False,False,False,False
67415,Apollo 16,Breccia,fragmental,174.9,89.646,11,,Cataclastic noritic anorthosite,True,12,12,True,https://curator.jsc.nasa.gov/lunar/lsc/67415.pdf,True,False,False,False
67430,Apollo 16,Residue,,23.26,91.1,,,,False,0,0,False,,False,False,False,False
67435,Apollo 16,Breccia,Fragmental,353.5,90.411,11,,"polymict, anorthositic",True,104,104,True,https://curator.jsc.nasa.gov/lunar/lsc/67435.pdf,True,False,False,False
67450,Apollo 16,Residue,,217.2,97.28,,,,False,0,0,False,,False,False,False,False
67455,Apollo 16,Breccia,Fragmental,942.2,91.412,11,,"polymict, friable",True,37,37,True,https://curator.jsc.nasa.gov/lunar/lsc/67455.pdf,True,False,True,False
67460,Apollo 16,Soil,Unsieved,123.7,94.947,11,NORTH RAY CRATER,"Fines, Unsieved",False,0,0,False,,False,False,False,False
67461,Apollo 16,Soil,<1 mm,222.0,89.572,,,,True,4,4,True,https://curator.jsc.nasa.gov/lunar/lsc/67461.pdf,True,False,False,False
67462,Apollo 16,Soil,1-2 mm,17.4,97.126,,,"Fines, 1-2mm",False,0,0,False,,False,False,False,False
67463,Apollo 16,Soil,2-4 mm,6.24,95.994,,,"Fines, 2-4mm",False,0,0,False,,False,False,False,False
67464,Apollo 16,Soil,4-10mm,0.7,92.86,,,,True,5,5,False,,False,False,False,False
67475,Apollo 16,Breccia,Impact Melt,175.1,91.911,11,,"Glassy impact melt/breccia, clast rich",True,51,51,True,https://curator.jsc.nasa.gov/lunar/lsc/67475.pdf,True,False,False,False
67480,Apollo 16,Soil,Unsieved,87.05,85.87,11,NORTH RAY CRATER,"Fines, Unsieved",False,0,0,False,,True,False,False,False
67481,Apollo 16,Soil,<1 mm,132.7,84.107,,,"Fines, < 1mm",False,0,0,True,https://curator.jsc.nasa.gov/lunar/lsc/67481.pdf,True,False,False,False
67482,Apollo 16,Soil,1-2 mm,14.65,92.73,,,"Fines, 1-2mm",False,0,0,False,,True,False,False,False
67483,Apollo 16,Soil,2-4 mm,8.37,75.293,,,"Fines, 2-4mm",False,0,0,False,,True,False,False,False
67484,Apollo 16,Soil,4-10mm,6.02,79.718,,,,True,6,6,False,,True,False,False,False
67485,Apollo 16,Breccia,Impact Melt,6.55,91.008,11,,Fine-grained impact melt,True,5,5,True,https://curator.jsc.nasa.gov/lunar/lsc/67485.pdf,True,False,False,False
67486,Apollo 16,Breccia,unstudied,5.8,94.64,11,,Glass,True,6,6,False,,True,False,False,False
67487,Apollo 16,Breccia,Impact Melt,2.65,86.0,11,,Fine-grained impact melt,True,4,4,False,,True,False,False,False
67488,Apollo 16,Breccia,Impact Melt,2.25,77.911,11,,Fine-grained,True,5,5,False,,True,False,False,False
67489,Apollo 16,Breccia,Impact Melt,2.06,85.05,11,,Fine-grained,True,5,5,False,,True,False,False,False
67495,Apollo 16,Breccia,Impact Melt,1.34,90.3,11,,Fine-grained,True,3,3,False,,True,False,False,False
67510,Apollo 16,Soil,Unsieved,9.22,0.0,11,NORTH RAY CRATER,"Fines, Unsieved",False,0,0,False,,False,False,False,False
67511,Apollo 16,Soil,<1 mm,59.5,91.445,,,"Fines, < 1mm",False,0,0,False,,True,False,False,False
67512,Apollo 16,Soil,1-2 mm,14.46,100.0,,,"Fines, 1-2mm",False,0,0,False,,False,False,False,False
67513,Apollo 16,Soil,2-4 mm,19.39,48.4,,,"Fines, 2-4mm",False,0,0,False,,False,False,False,False
67514,Apollo 16,Soil,4-10mm,31.03,91.947,,,,True,8,8,False,,True,False,False,False
67515,Apollo 16,Breccia,Fragmental,60.8,96.99,11,,polymict,True,9,9,True,https://curator.jsc.nasa.gov/lunar/lsc/67515.pdf,True,False,False,False
67516,Apollo 16,Breccia,fragmental,14.38,96.66,11,,"Crystalline, polymict",True,4,4,False,,True,False,False,False
67517,Apollo 16,Breccia,Fragmental,9.65,91.15,11,,polymict,True,4,4,False,,True,False,False,False
67518,Apollo 16,Breccia,Fragmental,3.74,89.599,11,,polymict or cataclastic anorthosite,True,4,4,False,,True,False,False,False
67519,Apollo 16,Breccia,Fragmental,2.04,71.324,11,,polymict,True,4,4,False,,True,False,False,False
67525,Apollo 16,Breccia,Anorthosite,2.52,79.405,11,,Cataclastic anorthosite,True,4,4,False,,True,False,False,False
67526,Apollo 16,Breccia,Fragmental,2.44,96.76,11,,polymict,True,4,4,False,,True,False,False,False
67527,Apollo 16,Breccia,Fragmental,2.4,92.5,11,,polymict,True,4,4,False,,True,False,False,False
67528,Apollo 16,Breccia,Fragmental,1.24,83.06,11,,polymict,True,5,5,False,,True,False,False,False
67529,Apollo 16,Breccia,Anorthosite,1.13,67.699,11,,Cataclastic anorthosite,True,4,4,True,https://curator.jsc.nasa.gov/lunar/lsc/67529.pdf,True,False,False,False
67535,Apollo 16,Breccia,Anorthosite,0.99,63.333,11,,Fragmental breccia or cataclastic anorthosite,True,4,4,False,,True,False,False,False
67536,Apollo 16,Breccia,Anorthosite,1.2,63.5,11,,Fragmental breccia or cataclastic anorthosite,True,4,4,False,,True,False,False,False
67537,Apollo 16,Breccia,Anorthosite,1.29,68.99,11,,Cataclastic anorthosite,True,4,4,False,,True,False,False,False
67538,Apollo 16,Breccia,Fragmental,1.77,92.32,11,,polymict,True,4,4,False,,True,False,False,False
67539,Apollo 16,Breccia,Fragmental,2.12,71.085,11,,polymict,True,4,4,False,,True,False,False,False
67545,Apollo 16,Breccia,Fragmental,1.88,92.93,11,,polymict,True,3,3,False,,True,False,False,False
67546,Apollo 16,Breccia,Fragmental,1.5,97.933,11,,polymict,True,4,4,False,,True,False,False,False
67547,Apollo 16,Breccia,Fragmental,0.83,84.34,11,,polymict,True,4,4,False,,True,False,False,False
67548,Apollo 16,Breccia,Fragmental,1.36,92.65,11,,polymict,True,4,4,False,,True,False,False,False
67549,Apollo 16,Breccia,Fragmental,43.1,98.38,11,,polymict,True,15,15,True,https://curator.jsc.nasa.gov/lunar/lsc/67549.pdf,True,False,False,False
67555,Apollo 16,Breccia,Impact Melt,3.54,97.18,11,,Glassy,True,6,6,False,,True,False,False,False
67556,Apollo 16,Breccia,Impact Melt,82.1,98.564,11,,Basaltic,True,10,10,True,https://curator.jsc.nasa.gov/lunar/lsc/67556.pdf,True,False,False,False
67557,Apollo 16,Breccia,fragmental,3.3,79.758,11,,,True,8,8,False,,True,False,False,False
67558,Apollo 16,Breccia,Fragmental,2.56,98.44,11,,polymict,True,4,4,False,,True,False,False,False
67559,Apollo 16,Breccia,Impact Melt,32.9,66.072,11,,Basaltic,True,15,15,True,https://curator.jsc.nasa.gov/lunar/lsc/67559.pdf,True,False,False,False
67565,Apollo 16,Breccia,Impact Melt,10.43,93.097,11,,Poikilitic,True,9,9,True,https://curator.jsc.nasa.gov/lunar/lsc/67565.pdf,True,False,False,False
67566,Apollo 16,Breccia,Impact Melt,4.31,86.775,11,,Granoblastic impactite,True,6,6,True,https://curator.jsc.nasa.gov/lunar/lsc/67566.pdf,True,False,False,False
67567,Apollo 16,Breccia,Impact Melt,11.51,80.999,11,,Glass,True,8,8,True,https://curator.jsc.nasa.gov/lunar/lsc/67567.pdf,True,False,False,False
67568,Apollo 16,Breccia,Impact Melt,11.05,94.543,11,,Glass,True,8,8,False,,True,False,False,False
67569,Apollo 16,Breccia,Impact Melt,7.27,93.7,11,,Glass,True,8,8,False,,True,False,False,False
67575,Apollo 16,Breccia,Impact Melt,4.47,99.33,11,,Glassy,True,6,6,False,,True,False,False,False
67576,Apollo 16,Breccia,unstudied,3.98,89.02,11,,Glassy,True,6,6,False,,True,False,False,False
67600,Apollo 16,Soil,4-10 mm,2.17,0.0,11,NORTH RAY CRATER,"Fines, 4-10mm",False,0,0,False,,True,False,False,False
67601,Apollo 16,Soil,<1 mm,161.8,83.913,,,"Fines, < 1mm",False,0,0,True,https://curator.jsc.nasa.gov/lunar/lsc/67601.pdf,True,False,False,False
67602,Apollo 16,Soil,1-2 mm,13.45,90.706,,,"Fines, 1-2mm",False,0,0,False,,False,False,False,False
67603,Apollo 16,Soil,2-4 mm,6.16,81.818,,,"Fines, 2-4mm",False,0,0,False,,True,False,False,False
67604,Apollo 16,Soil,4-10mm,2.62,78.55,,,,True,3,3,False,,True,False,False,False
67605,Apollo 16,Breccia,Fragmental,44.52,94.295,11,,polymict,True,4,4,True,https://curator.jsc.nasa.gov/lunar/lsc/67605.pdf,True,False,False,False
67610,Apollo 16,Unclassified,,66.83,93.58,,,,False,0,0,False,,False,False,False,False
67615,Apollo 16,Breccia,Impact Melt,8.77,86.545,11,,Fine-grained,True,9,9,True,https://curator.jsc.nasa.gov/lunar/lsc/67615.pdf,True,False,False,False
67616,Apollo 16,Breccia,Impact Melt,21.29,96.99,11,,Fine-grained,True,10,10,False,,True,False,False,False
67617,Apollo 16,Breccia,Impact Melt,14.32,98.499,11,,Fine-grained,True,9,9,True,https://curator.jsc.nasa.gov/lunar/lsc/67617.pdf,True,False,False,False
67618,Apollo 16,Breccia,Impact Melt,11.17,89.015,11,,Crystalline,True,9,9,False,,True,False,False,False
67619,Apollo 16,Breccia,Impact Melt,6.15,98.537,11,,Fine-grained,True,9,9,False,,True,False,False,False
67625,Apollo 16,Breccia,Impact Melt,6.72,97.92,11,,Fine-grained,True,6,6,False,,True,False,False,False
67626,Apollo 16,Breccia,Impact Melt,19.19,99.317,11,,"Crystalline, polymict",True,9,9,True,https://curator.jsc.nasa.gov/lunar/lsc/67626.pdf,True,False,False,False
67627,Apollo 16,Breccia,Impact Melt,79.64,96.71,11,,Glass,True,17,17,True,https://curator.jsc.nasa.gov/lunar/lsc/67627.pdf,True,False,False,False
67628,Apollo 16,Breccia,Impact Melt,0.0,0.0,,,,True,11,11,True,https://curator.jsc.nasa.gov/lunar/lsc/67628.pdf,False,False,False,False
67629,Apollo 16,Breccia,Impact Melt,5.43,69.098,11,,Glass,True,7,7,False,,True,False,False,False
67635,Apollo 16,Crustal,Anorthosite,9.12,87.368,11,,Pristine cataclastic anorthosite,True,8,8,True,https://curator.jsc.nasa.gov/lunar/lsc/67635.pdf,True,False,False,False
67636,Apollo 16,Crustal,Anorthosite,3.23,87.616,11,,Pristine cataclastic anorthosite,True,6,6,True,https://curator.jsc.nasa.gov/lunar/lsc/67636.pdf,True,False,False,False
67637,Apollo 16,Crustal,Anorthosite,2.34,88.675,11,,Pristine cataclastic anorthosite,True,8,8,True,https://curator.jsc.nasa.gov/lunar/lsc/67637.pdf,True,False,False,False
67638,Apollo 16,Breccia,Fragmental,7.23,97.68,11,,glassy polymict,True,8,8,False,,True,False,False,False
67639,Apollo 16,Breccia,unstudied,7.34,99.55,11,,"Crystalline, polymict",True,9,9,False,,True,False,False,False
67645,Apollo 16,Breccia,Fragmental,0.84,65.12,11,,Fragmental polymict breccia,True,7,7,False,,True,False,False,False
67646,Apollo 16,Breccia,Fragmental,3.94,92.82,11,,polymict,True,8,8,False,,True,False,False,False
67647,Apollo 16,Breccia,Regolith,47.72,94.84,11,,,True,17,17,True,https://curator.jsc.nasa.gov/lunar/lsc/67647.pdf,True,False,False,False
67648,Apollo 16,Breccia,Impact Melt,7.88,98.35,11,,"Crystalline, polymict",True,8,8,False,,True,False,False,False
67649,Apollo 16,Breccia,Fragmental,1.6,93.75,11,,polymict,True,4,4,False,,True,False,False,False
67655,Apollo 16,Breccia,Impact Melt,4.11,97.57,11,,"Crystalline, polymict",True,7,7,False,,True,False,False,False
67656,Apollo 16,Breccia,Fragmental,1.93,91.61,11,,polymict,True,7,7,False,,True,False,False,False
67657,Apollo 16,Breccia,Fragmental,1.7,91.18,11,,polymict,True,7,7,False,,True,False,False,False
67658,Apollo 16,Breccia,Fragmental,1.35,89.11,11,,polymict,True,7,7,False,,True,False,False,False
67659,Apollo 16,Breccia,Fragmental,1.62,75.432,11,,Crystalline or fragmental polymict,True,6,6,False,,True,False,False,False
67665,Apollo 16,Breccia,Fragmental,5.88,89.83,11,,polymict,True,6,6,False,,True,False,False,False
67666,Apollo 16,Breccia,Impact Melt,5.47,96.95,11,,Glassy breccia,True,6,6,False,,True,False,False,False
67667,Apollo 16,Breccia,Impact Melt,7.89,50.444,11,,Pristine feldspathic lherzolite,True,7,7,True,https://curator.jsc.nasa.gov/lunar/lsc/67667.pdf,True,False,False,False
67668,Apollo 16,Breccia,Impact Melt,3.58,96.089,11,,Poikilitic,True,6,6,False,,True,False,False,False
67669,Apollo 16,Breccia,Fragmental,12.54,98.56,11,,polymict,True,6,6,False,,True,False,False,False
67675,Apollo 16,Breccia,Impact Melt,1.07,99.35,11,,Glass,True,7,7,False,,True,False,False,False
67676,Apollo 16,Breccia,Impact Melt,2.33,92.27,11,,Variolitic,True,3,3,False,,True,False,False,False
67685,Apollo 16,Breccia,unstudied,28.04,99.472,11,,Cindery glass,True,2,2,False,,True,False,False,False
67686,Apollo 16,Breccia,unstudied,11.75,99.74,11,,Cindery glass,True,2,2,False,,True,False,False,False
67687,Apollo 16,Breccia,Impact Melt,7.6,99.605,11,,Cindery glass,True,3,3,False,,True,False,False,False
67688,Apollo 16,Breccia,Impact Melt,2.32,87.069,11,,Cindery glass,True,2,2,False,,True,False,False,False
67695,Apollo 16,Breccia,Impact Melt,14.02,95.399,11,,Glass,True,2,2,False,,True,False,False,False
67696,Apollo 16,Breccia,Impact Melt,7.85,99.108,11,,Glass,True,3,3,False,,True,False,False,False
67697,Apollo 16,Breccia,Impact Melt,5.54,98.917,11,,Glassy,True,2,2,False,,True,False,False,False
67700,Apollo 16,Soil,Unsieved,144.4,96.5,11,NORTH RAY CRATER,"Fines, Unsieved",False,0,0,False,,False,False,False,False
67701,Apollo 16,Soil,<1 mm,235.0,89.686,,,"Fines, < 1mm",False,0,0,True,https://curator.jsc.nasa.gov/lunar/lsc/67701.pdf,True,False,False,False
67702,Apollo 16,Soil,1-2 mm,21.69,89.912,,,"Fines, 1-2mm",False,0,0,False,,True,False,False,False
67703,Apollo 16,Soil,2-4 mm,13.71,56.09,,,"Fines, 2-4mm",False,0,0,False,,True,False,False,False
67704,Apollo 16,Soil,4-10mm,7.47,92.704,,,,True,5,5,False,,True,False,False,False
67705,Apollo 16,Breccia,Impact Melt,5.82,85.24,11,,Glass,True,5,5,False,,True,False,False,False
67706,Apollo 16,Breccia,Fragmental,1.52,91.51,11,,polymict,True,5,5,False,,True,False,False,False
67707,Apollo 16,Breccia,Fragmental,1.42,62.68,11,,polymict,True,7,7,False,,True,False,False,False
67708,Apollo 16,Breccia,Fragmental,1.33,89.92,11,,polymict,True,3,3,False,,True,False,False,False
67710,Apollo 16,Soil,Unsieved,133.39,95.83,11,NORTH RAY CRATER,"Fines, Unsieved",False,0,0,False,,False,False,False,False
67711,Apollo 16,Soil,<1 mm,205.3,92.789,,,"Fines, < 1mm",False,0,0,False,,False,False,False,False
67712,Apollo 16,Soil,1-2 mm,34.84,92.113,,,"Fines, 1-2mm",False,0,0,False,,True,False,False,False
67713,Apollo 16,Soil,2-4 mm,22.45,75.501,,,"Fines, 2-4mm",False,0,0,False,,False,False,False,False
67714,Apollo 16,Soil,4-10mm,12.66,91.701,,,,True,7,7,False,,True,False,False,False
67715,Apollo 16,Breccia,Impact Melt,9.44,92.532,11,,Fine-grained,True,11,11,True,https://curator.jsc.nasa.gov/lunar/lsc/67715.pdf,True,False,False,False
67716,Apollo 16,Breccia,Impact Melt,17.02,97.062,11,,Fine-grained,True,8,8,False,,True,False,False,False
67717,Apollo 16,Breccia,Impact Melt,5.56,97.66,11,,Glassy,True,8,8,False,,True,False,False,False
67718,Apollo 16,Breccia,Impact Melt,41.05,98.711,11,,"Fine-grained, fragmental",True,8,8,True,https://curator.jsc.nasa.gov/lunar/lsc/67718.pdf,True,False,False,False
67719,Apollo 16,Breccia,Impact Melt,2.13,96.714,11,,Fine-grained,True,6,6,False,,True,False,False,False
67725,Apollo 16,Breccia,Impact Melt,5.85,99.04,11,,"Crystalline, polymict",True,8,8,False,,True,False,False,False
67726,Apollo 16,Breccia,Impact Melt,4.53,98.76,11,,"Crystalline, polymict",True,6,6,False,,True,False,False,False
67727,Apollo 16,Breccia,Impact Melt,1.8,99.06,11,,Fine-grained,True,5,5,False,,True,False,False,False
67728,Apollo 16,Breccia,Impact Melt,9.25,94.378,11,,Fine-grained,True,9,9,True,https://curator.jsc.nasa.gov/lunar/lsc/67728.pdf,True,False,False,False
67729,Apollo 16,Breccia,Impact Melt,73.2,98.025,11,,Glassy,True,17,17,True,https://curator.jsc.nasa.gov/lunar/lsc/67729.pdf,True,False,False,False
67735,Apollo 16,Breccia,Impact Melt,13.3,96.17,11,,Glassy,True,12,12,False,,True,False,False,False
67736,Apollo 16,Breccia,Impact Melt,14.92,99.678,11,,Crystalline,True,13,13,True,https://curator.jsc.nasa.gov/lunar/lsc/67736.pdf,True,False,False,False
67737,Apollo 16,Breccia,Impact Melt,4.56,99.21,11,,Fine-grained,True,9,9,False,,True,False,False,False
67738,Apollo 16,Breccia,Impact Melt,5.84,98.12,11,,Fine-grained,True,9,9,False,,True,False,False,False
67739,Apollo 16,Breccia,Impact Melt,2.03,92.76,11,,Fine-grained,True,7,7,True,https://curator.jsc.nasa.gov/lunar/lsc/67739.pdf,True,False,False,False
67745,Apollo 16,Breccia,Impact Melt,3.53,97.17,11,,Fine-grained,True,5,5,False,,True,False,False,False
67746,Apollo 16,Breccia,Impact Melt,3.47,72.968,11,,Poikiloblastic inpactite,True,8,8,True,https://curator.jsc.nasa.gov/lunar/lsc/67746.pdf,True,False,False,False
67747,Apollo 16,Breccia,Impact Melt,6.3,75.746,11,,Basaltic,True,8,8,True,https://curator.jsc.nasa.gov/lunar/lsc/67747.pdf,True,False,False,False
67748,Apollo 16,Breccia,Impact Melt,4.74,97.89,11,,Fine-grained,True,4,4,False,,True,False,False,False
67749,Apollo 16,Breccia,Fragmental,11.47,90.48,11,,polymict,True,4,4,True,https://curator.jsc.nasa.gov/lunar/lsc/67749.pdf,True,False,False,False
67755,Apollo 16,Breccia,Impact Melt,3.53,96.88,11,,Fine-grained,True,4,4,False,,True,False,False,False
67756,Apollo 16,Breccia,Impact Melt,4.82,94.81,11,,"Crystalline, polymict",True,4,4,True,https://curator.jsc.nasa.gov/lunar/lsc/67756.pdf,True,False,False,False
67757,Apollo 16,Breccia,Impact Melt,4.83,97.516,11,,Basaltic/poikilitic,True,5,5,True,https://curator.jsc.nasa.gov/lunar/lsc/67757.pdf,True,False,False,False
67758,Apollo 16,Breccia,unstudied,4.06,99.01,11,,Crystalline polymict,True,4,4,False,,True,False,False,False
67759,Apollo 16,Breccia,Fragmental,4.56,98.772,11,,polymict,True,4,4,False,,True,False,False,False
67765,Apollo 16,Breccia,Impact Melt,1.73,98.27,11,,Fine-grained,True,4,4,False,,True,False,False,False
67766,Apollo 16,Breccia,unstudied,5.47,89.031,11,,"Crystalline, polymict",True,4,4,True,https://curator.jsc.nasa.gov/lunar/lsc/67766.pdf,True,False,False,False
67767,Apollo 16,Breccia,Fragmental,1.67,91.5,11,,polymict,True,4,4,False,,True,False,False,False
67768,Apollo 16,Breccia,Fragmental,0.99,87.27,11,,polymict,True,4,4,False,,True,False,False,False
67769,Apollo 16,Breccia,Impact Melt,3.05,95.41,11,,Poikilitic,True,4,4,True,https://curator.jsc.nasa.gov/lunar/lsc/67769.pdf,True,False,False,False
67775,Apollo 16,Breccia,Impact Melt,6.58,90.319,11,,Fine-grained,True,4,4,True,https://curator.jsc.nasa.gov/lunar/lsc/67775.pdf,True,False,False,False
67776,Apollo 16,Breccia,Fragmental,3.1,95.23,11,,polymict,True,3,3,False,,True,False,False,False
67910,Apollo 16,Residue,,180.33,92.96,,,,False,0,0,False,,False,False,False,False
67915,Apollo 16,Breccia,Fragmental,2559.0,76.41,11,,"Crystalline, polymict",True,130,130,True,https://curator.jsc.nasa.gov/lunar/lsc/67915.pdf,True,False,True,False
67930,Apollo 16,Residue,,8.51,93.77,,,,False,0,0,False,,False,False,False,False
67935,Apollo 16,Breccia,Impact Melt,108.9,91.284,11,,Basaltic,True,10,10,True,https://curator.jsc.nasa.gov/lunar/lsc/67935.pdf,True,False,False,False
67936,Apollo 16,Breccia,Impact Melt,61.82,94.107,11,,Basaltic,True,12,12,False,,True,False,False,False
67937,Apollo 16,Breccia,Impact Melt,59.67,97.59,11,,Basaltic,True,15,15,False,,True,False,False,False
67940,Apollo 16,Soil,Unsieved,27.22,96.11,11,HOUSE ROCK,"Fines, Unsieved",False,0,0,False,,False,False,False,False
67941,Apollo 16,Soil,<1 mm,105.9,84.314,,,"Fines, < 1mm",False,0,0,False,,True,False,False,False
67942,Apollo 16,Soil,1-2 mm,12.23,91.823,,,"Fines, 1-2mm",False,0,0,False,,True,False,False,False
67943,Apollo 16,Soil,2-4 mm,9.36,93.184,,,"Fines, 2-4mm",False,0,0,False,,False,False,False,False
67944,Apollo 16,Soil,4-10mm,8.59,85.483,,,,True,7,7,False,,True,False,False,False
67945,Apollo 16,Breccia,Impact Melt,4.37,90.618,11,,Basaltic,True,7,7,True,https://curator.jsc.nasa.gov/lunar/lsc/67945.pdf,True,False,False,False
67946,Apollo 16,Breccia,Impact Melt,3.2,74.063,11,,Variolitic,True,11,11,False,,True,False,False,False
67947,Apollo 16,Breccia,Impact Melt,2.43,63.498,11,,Basaltic,True,6,6,True,https://curator.jsc.nasa.gov/lunar/lsc/67947.pdf,True,False,False,False
67948,Apollo 16,Breccia,Impact Melt,1.59,24.717,11,,Basaltic,True,7,7,True,https://curator.jsc.nasa.gov/lunar/lsc/67948.pdf,True,False,False,False
67950,Apollo 16,Unclassified,,8.21,90.62,,,,False,0,0,False,,False,False,False,False
67955,Apollo 16,Crustal,Fragmental,162.6,85.938,11,,Poikiloblastic impactite,True,45,45,False,,True,False,False,False
67956,Apollo 16,Breccia,Impact Melt,3.7,86.486,11,,Basaltic,True,5,5,False,,True,False,False,False
67957,Apollo 16,Breccia,Impact Melt,1.73,91.33,11,,Glassy,True,2,2,False,,True,False,False,False
67960,Apollo 16,Residue,,12.11,60.557,11,HOUSE ROCK,,False,0,0,False,,False,False,False,False
67970,Apollo 16,Residue,,3.15,51.11,,,,False,0,0,False,,False,False,False,False
67975,Apollo 16,Breccia,Fragmental,446.6,93.479,11,,polymict,True,66,66,True,https://curator.jsc.nasa.gov/lunar/lsc/67975.pdf,True,False,False,False
68001,Apollo 16,Core,unsieved,840.7,76.009,8,SOUTH RAY CRATER,,True,209,209,True,https://curator.jsc.nasa.gov/lunar/lsc/68001.pdf,True,False,False,False
68002,Apollo 16,Core,unsieved,583.5,76.517,8,SOUTH RAY CRATER,,True,143,143,True,https://curator.jsc.nasa.gov/lunar/lsc/68002.pdf,True,False,False,False
68030,Apollo 16,Residue,,2.85,100.0,,,,False,0,0,False,,False,False,False,False
68035,Apollo 16,Breccia,Impact Melt,20.96,98.068,8,,"Crystalline, polymict",True,9,9,True,https://curator.jsc.nasa.gov/lunar/lsc/68035.pdf,True,False,False,False
68110,Apollo 16,Residue,,35.76,80.15,,,,False,0,0,False,,False,False,False,False
68115,Apollo 16,Breccia,Fragmental,1191.0,96.229,8,,Glassy,True,72,72,True,https://curator.jsc.nasa.gov/lunar/lsc/68115.pdf,True,False,False,False
68120,Apollo 16,Soil,Unsieved,90.49,98.67,8,,"Fines, Unsieved",False,0,0,False,,False,False,False,False
68121,Apollo 16,Soil,<1 mm,141.9,89.843,,,"Fines, < 1mm",False,0,0,True,https://curator.jsc.nasa.gov/lunar/lsc/68121.pdf,False,False,False,False
68122,Apollo 16,Soil,1-2 mm,10.92,90.84,,,"Fines, 1-2mm",False,0,0,False,,False,False,False,False
68123,Apollo 16,Soil,2-4 mm,7.36,86.41,,,"Fines, 2-4mm",False,0,0,False,,False,False,False,False
68124,Apollo 16,Soil,4-10 mm,8.65,92.83,,,"Fines, 4-10mm",False,0,0,False,,False,False,False,False
68410,Apollo 16,Residue,,1.46,70.55,,,,False,0,0,False,,False,False,False,False
68415,Apollo 16,Breccia,Impact Melt,371.2,78.558,8,,Basaltic,True,117,117,True,https://curator.jsc.nasa.gov/lunar/lsc/68415.pdf,True,False,False,False
68416,Apollo 16,Breccia,Impact Melt,178.4,75.03,8,,Basaltic,True,38,38,False,,True,False,False,False
68500,Apollo 16,Soil,Unsieved,304.5,99.84,8,,"Fines, Unsieved",False,0,0,False,,False,False,False,False
68501,Apollo 16,Soil,<1 mm,521.1,64.939,,,"Fines, < 1mm",False,0,0,True,https://curator.jsc.nasa.gov/lunar/lsc/68501.pdf,True,False,False,False
68502,Apollo 16,Soil,1-2 mm,37.8,89.172,,,"Fines, 1-2mm",False,0,0,False,,True,False,False,False
68503,Apollo 16,Soil,2-4 mm,25.1,81.869,,,"Fines, 2-4mm",False,0,0,False,,True,False,False,False
68504,Apollo 16,Soil,4-10 mm,17.27,98.26,,,"Fines, 4-10mm",False,0,0,False,,False,False,False,False
68505,Apollo 16,Breccia,Impact Melt,1.3,79.0,8,,Poikilitic,True,2,2,False,,True,False,False,False
68510,Apollo 16,Unclassified,,17.48,66.65,,,,True,1,1,False,,False,False,False,False
68515,Apollo 16,Breccia,Impact Melt,236.1,98.881,8,,Dilithologic or polymict,True,43,43,True,https://curator.jsc.nasa.gov/lunar/lsc/68515.pdf,True,False,False,False
68516,Apollo 16,Breccia,Impact Melt,34.04,92.236,8,,Fine-grained/glassy,True,10,10,True,https://curator.jsc.nasa.gov/lunar/lsc/68516.pdf,True,False,False,False
68517,Apollo 16,Breccia,Fragmental,13.13,98.058,8,,Crystalline or polymict,True,8,8,False,,True,False,False,False
68518,Apollo 16,Breccia,not studied,29.82,99.453,8,,Glass,True,10,10,True,https://curator.jsc.nasa.gov/lunar/lsc/68518.pdf,False,False,False,False
68519,Apollo 16,Breccia,Impact Melt,10.56,84.564,8,,Basaltic,True,8,8,True,https://curator.jsc.nasa.gov/lunar/lsc/68519.pdf,True,False,False,False
68525,Apollo 16,Breccia,Impact Melt,38.96,99.11,8,,Poikilitic,True,9,9,True,https://curator.jsc.nasa.gov/lunar/lsc/68525.pdf,True,False,False,False
68526,Apollo 16,Breccia,Impact Melt,7.21,89.6,8,,Poikilitic,True,10,10,False,,True,False,False,False
68527,Apollo 16,Breccia,Impact Melt,3.03,96.7,8,,Crystalline polymict (poikilitic),True,6,6,False,,True,False,False,False
68528,Apollo 16,Breccia,Impact Melt,1.08,89.81,8,,"Crystalline, polymict",True,8,8,False,,True,False,False,False
68529,Apollo 16,Breccia,Impact Melt,7.03,98.58,8,,Glass,True,6,6,False,,True,False,False,False
68535,Apollo 16,Breccia,Impact Melt,8.04,100.0,8,,Glassy,True,8,8,True,https://curator.jsc.nasa.gov/lunar/lsc/68535.pdf,False,False,False,False
68536,Apollo 16,Breccia,Impact Melt,1.85,88.486,8,,Basaltic,True,8,8,False,,True,False,False,False
68537,Apollo 16,Breccia,Impact Melt,1.41,100.0,8,,Fine-grained,True,6,6,False,,False,False,False,False
68810,Apollo 16,Residue,,72.3,18.147,,,,False,0,0,False,,False,False,False,False
68815,Apollo 16,Breccia,Impact Melt,1826.0,87.165,8,,Glassy,True,160,160,True,https://curator.jsc.nasa.gov/lunar/lsc/68815.pdf,True,False,False,False
68820,Apollo 16,Soil,Unsieved,83.73,98.84,8,,"Fines, Unsieved",False,0,0,False,,False,False,False,False
68821,Apollo 16,Soil,Unsieved,123.9,92.118,,,"Fines, Unsieved",False,0,0,True,https://curator.jsc.nasa.gov/lunar/lsc/68821.pdf,True,False,False,False
68822,Apollo 16,Soil,1-2 mm,7.35,86.395,,,"Fines, 1-2mm",False,0,0,False,,True,False,False,False
68823,Apollo 16,Soil,2-4 mm,3.52,100.0,,,"Fines, 2-4mm",False,0,0,False,,False,False,False,False
68824,Apollo 16,Soil,4-10mm,1.5,103.6,,,,True,6,6,False,,False,False,False,False
68825,Apollo 16,Breccia,Impact Melt,8.658,97.15,8,,Glassy impact melt,False,0,0,False,,False,False,False,False
68840,Apollo 16,Soil,Unsieved,154.5,99.29,8,,"Fines, Unsieved",False,0,0,False,,False,False,False,False
68841,Apollo 16,Soil,<1 mm,266.6,93.267,,,"Fines, < 1mm",False,0,0,True,https://curator.jsc.nasa.gov/lunar/lsc/68841.pdf,True,False,False,False
68842,Apollo 16,Soil,1-2 mm,14.36,86.072,,,"Fines, 1-2mm",False,0,0,False,,False,False,False,False
68843,Apollo 16,Soil,2-4 mm,8.89,87.402,,,"Fines, 2-4mm",False,0,0,False,,False,False,False,False
68844,Apollo 16,Soil,4-10mm,5.01,98.84,,,,True,5,5,False,,False,False,False,False
68845,Apollo 16,Breccia,Impact Melt,4.556,84.83,8,,,False,0,0,True,https://curator.jsc.nasa.gov/lunar/lsc/68845.pdf,True,False,False,False
68846,Apollo 16,Breccia,Impact Melt,2.284,90.98,8,,,False,0,0,False,,True,False,False,False
68847,Apollo 16,Breccia,Impact Melt,2.854,100.0,8,,,False,0,0,False,,False,False,False,False
68848,Apollo 16,Breccia,Impact Melt,1.77,100.0,8,,Basaltic impact melt (G),False,0,0,False,,False,False,False,False
69001,Apollo 16,Core,Unsieved,558.3,100.0,9,SOUTH RAY CRATER,,False,0,0,True,https://curator.jsc.nasa.gov/lunar/lsc/69001.pdf,False,False,False,False
69003,Apollo 16,Special,unsieved,1.0,23.7,,,,False,0,0,False,,False,False,False,False
69004,Apollo 16,Special,unsieved,2.0,0.4,,,,False,0,0,False,,False,False,False,False
69920,Apollo 16,Soil,Unsieved,0.71,0.0,9,,"Fines, Unsieved",False,0,0,False,,False,False,False,False
69921,Apollo 16,Soil,<1 mm,59.86,91.36,,,"Fines, < 1mm",False,0,0,True,https://curator.jsc.nasa.gov/lunar/lsc/69921.pdf,False,False,False,False
69922,Apollo 16,Soil,1-2 mm,2.8,100.0,,,"Fines, 1-2mm",False,0,0,False,,False,False,False,False
69923,Apollo 16,Soil,2-4 mm,1.7,100.0,,,"Fines, 2-4mm",False,0,0,False,,False,False,False,False
69924,Apollo 16,Soil,4-10mm,1.3,76.92,,,,True,6,6,False,,False,False,False,False
69930,Apollo 16,Residue,,4.13,92.98,,,,False,0,0,False,,False,False,False,False
69935,Apollo 16,Breccia,Fragmental,127.6,85.778,9,,Glassy,True,54,54,True,https://curator.jsc.nasa.gov/lunar/lsc/69935.pdf,True,False,False,False
69940,Apollo 16,Soil,Unsieved,149.4,99.779,9,,"Fines, Unsieved",False,0,0,False,,True,False,False,False
69941,Apollo 16,Soil,<1 mm,254.7,69.016,,,"Fines, < 1mm",False,0,0,False,,True,False,False,False
69942,Apollo 16,Soil,1-2 mm,11.85,95.814,,,"Fines, 1-2mm",False,0,0,False,,False,False,False,False
69943,Apollo 16,Soil,2-4 mm,8.07,85.799,,,"Fines, 2-4mm",False,0,0,False,,False,False,False,False
69944,Apollo 16,Soil,4-10mm,4.47,98.076,,,,True,11,11,False,,False,False,False,False
69945,Apollo 16,Breccia,Impact Melt,6.88,74.564,9,,Poikilitic,True,6,6,True,https://curator.jsc.nasa.gov/lunar/lsc/69945.pdf,True,False,False,False
69950,Apollo 16,Residue,,3.77,88.06,,,,False,0,0,False,,False,False,False,False
69955,Apollo 16,Breccia,Anorthosite,75.94,82.374,9,,"monomict, Cataclastic anorthosite",True,41,41,True,https://curator.jsc.nasa.gov/lunar/lsc/69955.pdf,True,False,False,False
69960,Apollo 16,Soil,Unsieved,171.0,99.59,9,,"Fines, Unsieved",False,0,0,False,,False,False,False,False
69961,Apollo 16,Soil,<1 mm,307.9,85.489,,,"Fines, < 1mm",False,0,0,False,,True,False,False,False
69962,Apollo 16,Soil,1-2 mm,13.93,96.274,,,"Fines, 1-2mm",False,0,0,False,,True,False,False,False
69963,Apollo 16,Soil,2-4 mm,9.93,83.817,,,"Fines, 2-4mm",False,0,0,False,,True,False,False,False
69964,Apollo 16,Soil,4-10mm,4.8,95.83,,,,True,6,6,False,,False,False,False,False
69965,Apollo 16,Breccia,Fragmental,1.12,100.0,9,,polymict,True,2,2,False,,False,False,False,False
70001,Apollo 17,Core,Unsieved,29.78,48.167,ALSEP,CAMELOT CRATER,,True,4,4,False,,True,False,False,False
70002,Apollo 17,Core,Unsieved,207.8,73.845,ALSEP,CAMELOT CRATER,,True,182,182,False,,True,False,False,False
70003,Apollo 17,Core,Unsieved,237.8,76.041,ALSEP,CAMELOT CRATER,,True,119,119,False,,True,False,False,False
70004,Apollo 17,Core,Unsieved,238.8,74.644,ALSEP,CAMELOT CRATER,,True,128,128,False,,True,False,False,False
70005,Apollo 17,Core,Unsieved,240.7,77.231,ALSEP,CAMELOT CRATER,,True,20,20,False,,True,False,False,False
70006,Apollo 17,Core,Unsieved,234.2,73.955,ALSEP,CAMELOT CRATER,,False,0,0,False,,True,False,False,False
70007,Apollo 17,Core,Unsieved,179.4,74.556,ALSEP,CAMELOT CRATER,,False,0,0,False,,True,False,False,False
70008,Apollo 17,Core,Unsieved,255.8,72.849,ALSEP,CAMELOT CRATER,,False,0,0,False,,True,False,False,False
70009,Apollo 17,Core,Unsieved,143.3,71.584,ALSEP,CAMELOT CRATER,,False,0,0,True,https://curator.jsc.nasa.gov/lunar/lsc/70009.pdf,True,False,False,False
70010,Apollo 17,Soil,Unsieved,3.92,0.0,LM,,"Fines, Unsieved",False,0,0,False,,False,False,False,False
70011,Apollo 17,Soil,Unsieved,440.7,83.617,LM,,"Fines, Unsieved",False,0,0,True,https://curator.jsc.nasa.gov/lunar/lsc/70011.pdf,False,False,False,False
70012,Apollo 17,Core,Unsieved,485.0,100.0,LM,,,False,0,0,True,https://curator.jsc.nasa.gov/lunar/lsc/70012.pdf,False,False,False,False
70017,Apollo 17,Basalt,Ilmenite,2957.0,79.515,LM,,"U or B, medium-grained, vesicular, hypidiomorphic granular",True,65,65,True,https://curator.jsc.nasa.gov/lunar/lsc/70017.pdf,True,True,True,False
70018,Apollo 17,Breccia,Fragmental,51.58,98.668,LM,,"Clast-Poor, Partially Glass-Coated",True,39,39,True,https://curator.jsc.nasa.gov/lunar/lsc/70018.pdf,True,False,False,False
70019,Apollo 17,Breccia,Regolith,159.9,78.57,5,CAMELOT CRATER,breccia soil breccia- agglutinate,True,12,12,True,https://curator.jsc.nasa.gov/lunar/lsc/70019.pdf,True,False,False,False
70030,Apollo 17,Soil,Unsieved,33.92,0.0,,EVA-1,,False,0,0,False,,False,False,False,False
70035,Apollo 17,Basalt,Ilmenite,5765.0,78.213,SEP,,"U, medium-grained, vesicular, hypidiomorphic granular",True,71,71,True,https://curator.jsc.nasa.gov/lunar/lsc/70035.pdf,True,False,True,False
70040,Apollo 17,Breccia,Unclassified,2.494,0.0,,,,True,4,4,False,,False,False,False,False
70050,Apollo 17,Soil,Unsieved,573.4,87.11,,EVA-3,,False,0,0,True,https://curator.jsc.nasa.gov/lunar/lsc/70050.pdf,False,False,False,False
70051,Apollo 17,Soil,<1 mm,1438.0,80.453,,EVA-3,,False,0,0,False,,True,False,True,True
70052,Apollo 17,Soil,1-2 mm,67.76,90.46,,EVA-3,,False,0,0,False,,True,False,False,False
70053,Apollo 17,Soil,2-4 mm,86.93,99.444,,EVA-3,,False,0,0,False,,False,False,False,False
70054,Apollo 17,Soil,4-10 mm,56.92,89.9,,EVA-3,,True,15,15,False,,False,False,False,False
70060,Apollo 17,Soil,Unsieved,0.24,0.0,,,,False,0,0,True,https://curator.jsc.nasa.gov/lunar/lsc/70060.pdf,False,False,False,False
70061,Apollo 17,Soil,<1 mm,60.8,100.0,,,,False,0,0,False,,False,False,False,False
70062,Apollo 17,Soil,1-2 mm,2.12,100.0,,,,False,0,0,False,,False,False,False,False
70063,Apollo 17,Soil,2-4 mm,1.24,100.0,,,,False,0,0,False,,False,False,False,False
70064,Apollo 17,Soil,4-10 mm,0.86,100.0,,,,True,4,4,False,,False,False,False,False
70070,Apollo 17,Soil,Unsieved,0.11,0.0,,,,False,0,0,False,,False,False,False,False
70075,Apollo 17,Basalt,Ilmenite,5.64,77.766,,,"A, fine-grained, microporphyritic, vitrophyre",True,2,2,True,https://curator.jsc.nasa.gov/lunar/lsc/70075.pdf,True,False,False,False
70130,Apollo 17,Soil,Unsieved,12.18,62.97,ALSEP,,,False,0,0,False,,False,False,False,False
70135,Apollo 17,Basalt,Ilmenite,446.3,84.648,ALSEP,,"A, medium-grained, vesicular, hypidiomorphic granular",True,29,29,True,https://curator.jsc.nasa.gov/lunar/lsc/70135.pdf,True,False,False,False
70136,Apollo 17,Basalt,Ilmenite,10.65,91.268,ALSEP,,"U?, medium-grained, hypidiomorphic granular, plagioclase poikilitic",True,2,2,False,,True,False,False,False
70137,Apollo 17,Basalt,Ilmenite,6.16,89.61,ALSEP,,"U?, medium-grained, hypidiomorphic granular",True,2,2,False,,True,False,False,False
70138,Apollo 17,Basalt,Ilmenite,3.66,66.148,ALSEP,,"A, medium-grained, hypidiomorphic granular, plagioclase poikilitic",True,2,2,False,,True,False,False,False
70139,Apollo 17,Basalt,Ilmenite,3.16,41.487,ALSEP,,"B1, medium-grained, hypidiomorphic granular, plagioclase poikilitic",True,2,2,True,https://curator.jsc.nasa.gov/lunar/lsc/70139.pdf,True,False,False,False
70145,Apollo 17,Basalt,Ilmenite,3.07,62.248,ALSEP,,"A, medium-grained, hypidiomorphic granular, plagioclase poikilitic",True,2,2,False,,True,False,False,False
70146,Apollo 17,Basalt,Ilmenite,1.71,40.994,ALSEP,,"A, medium-grained, hypidiomorphic granular, plagioclase poikilitic",True,2,2,False,,True,False,False,False
70147,Apollo 17,Basalt,Ilmenite,1.35,9.037,ALSEP,GEOPHONE ROCK,"A, medium-grained, hypidiomorphic granular, plagioclase poikilitic",True,2,2,True,https://curator.jsc.nasa.gov/lunar/lsc/70147.pdf,True,False,False,False
70148,Apollo 17,Basalt,Ilmenite,0.92,9.13,ALSEP,GEOPHONE ROCK,"B1, medium-grained, hypidiomorphic granular, plagioclase poikilitic",True,2,2,False,,True,False,False,False
70149,Apollo 17,Basalt,,0.95,0.0,ALSEP,GEOPHONE ROCK,"A, medium-grained, hypidiomorphic granular, plagioclase poikilitic",False,0,0,False,,True,False,False,False
70155,Apollo 17,Basalt,Ilmenite,0.77,15.84,ALSEP,GEOPHONE ROCK,"B1, medium-grained, hypidiomorphic granular, plagioclase poikilitic",True,2,2,False,,True,False,False,False
70156,Apollo 17,Basalt,Ilmenite,0.63,34.44,ALSEP,GEOPHONE ROCK,"B1, medium-grained, hypidiomorphic granular, plagioclase poikilitic",True,2,2,False,,True,False,False,False
70157,Apollo 17,Basalt,Ilmenite,0.57,25.96,ALSEP,GEOPHONE ROCK,"B1, medium-grained, hypidiomorphic granular, plagioclase poikilitic",True,2,2,False,,True,False,False,False
70160,Apollo 17,Soil,Unsieved,106.1,99.218,ALSEP,,"Fines, Unsieved",False,0,0,False,,False,False,False,False
70161,Apollo 17,Soil,<1 mm,197.7,94.136,ALSEP,,"Fines, < 1MM",False,0,0,True,https://curator.jsc.nasa.gov/lunar/lsc/70161.pdf,True,False,False,False
70162,Apollo 17,Soil,1-2 mm,5.14,100.0,ALSEP,,"Fines, 1-2MM",False,0,0,False,,False,False,False,False
70163,Apollo 17,Soil,2-4 mm,3.43,100.0,ALSEP,,"Fines, 2-4MM",False,0,0,False,,False,False,False,False
70164,Apollo 17,Soil,4-10 mm,1.66,94.277,ALSEP,,"8 fragments from 70160, see apollo 17 coarse fines (4-10mm) catalog",True,14,14,False,,True,False,False,False
70165,Apollo 17,Basalt,Ilmenite,2.143,55.44,ALSEP,,"A, medium-grained, glomerophyritic",True,4,4,False,,True,False,False,False
70170,Apollo 17,Soil,Unsieved,42.31,94.0,ALSEP,,,False,0,0,True,https://curator.jsc.nasa.gov/lunar/lsc/70170.pdf,False,False,False,False
70175,Apollo 17,Breccia,Regolith,339.6,96.636,ALSEP,,"breccia, glass-rich microbreccia",True,38,38,True,https://curator.jsc.nasa.gov/lunar/lsc/70175.pdf,True,True,False,False
70180,Apollo 17,Soil,Unsieved,93.25,81.137,ALSEP,,"Fines, Unsieved",False,0,0,True,https://curator.jsc.nasa.gov/lunar/lsc/70180.pdf,False,False,False,False
70181,Apollo 17,Soil,<1 mm,157.1,71.782,ALSEP,,"Fines, < 1MM",False,0,0,True,https://curator.jsc.nasa.gov/lunar/lsc/70181.pdf,True,False,False,False
70182,Apollo 17,Soil,1-2 mm,4.63,91.361,ALSEP,,"Fines, 1-2MM",False,0,0,False,,True,False,False,False
70183,Apollo 17,Soil,2-4 mm,3.12,100.0,ALSEP,,"Fines, 2-4MM",False,0,0,False,,False,False,False,False
70184,Apollo 17,Soil,4-10 mm,1.68,101.73,ALSEP,,"?, no pictures in db",False,0,0,False,,False,False,False,False
70185,Apollo 17,Basalt,Ilmenite,466.6,99.249,ALSEP,,"U, fine-grained, vesicular, intergranular",True,73,73,True,https://curator.jsc.nasa.gov/lunar/lsc/70185.pdf,True,False,False,False
70215,Apollo 17,Basalt,Ilmenite,8110.0,90.677,LM,SEP,"B, fine-grained, microporphyritic, spherulitic matrix",True,85,85,True,https://curator.jsc.nasa.gov/lunar/lsc/70215.pdf,True,False,True,False
70250,Apollo 17,Soil,Unsieved,24.99,88.515,LM,SEP,,False,0,0,False,,False,False,False,False
70251,Apollo 17,Soil,<1 mm,31.98,98.118,LM,SEP,"Fines, < 1MM",False,0,0,False,,False,False,False,False
70252,Apollo 17,Soil,1-2 mm,0.9,100.0,LM,SEP,"Fines, 1-2MM",False,0,0,False,,False,False,False,False
70253,Apollo 17,Soil,2-4 mm,0.87,100.0,LM,SEP,"Fines, 2-4MM",False,0,0,False,,False,False,False,False
70254,Apollo 17,Soil,4-10 mm,1.14,100.0,LM,SEP,"Fines, 4-10mm",False,0,0,False,,False,False,False,False
70255,Apollo 17,Basalt,Ilmenite,277.2,97.552,LM,SEP,"A, fine-grained, olivine porphyritic, spherulitic matrix",True,45,45,True,https://curator.jsc.nasa.gov/lunar/lsc/70255.pdf,True,False,False,False
70256,Apollo 17,Breccia,Unclassified,2.16,100.0,LM,SEP,,False,0,0,False,,False,False,False,False
70270,Apollo 17,Soil,Unsieved,70.46,98.15,LM,SEP,"Fines, Unsieved",False,0,0,False,,False,False,False,False
70271,Apollo 17,Soil,<1 mm,116.1,98.138,LM,SEP,"Fines, < 1MM",False,0,0,True,https://curator.jsc.nasa.gov/lunar/lsc/70271.pdf,False,False,False,False
70272,Apollo 17,Soil,1-2 mm,2.97,100.0,LM,SEP,"Fines, 1-2MM",False,0,0,False,,False,False,False,False
70273,Apollo 17,Soil,2-4 mm,1.46,100.0,LM,SEP,"Fines, 2-4MM",False,0,0,False,,False,False,False,False
70274,Apollo 17,Soil,4-10 mm,2.33,95.28,LM,SEP,"9 fragments from 70270, see apollo 17 coarse fines (4-10mm) catalog",True,5,5,False,,False,False,False,False
70275,Apollo 17,Basalt,Ilmenite,171.4,93.954,LM,SEP,"B2, fine-grained, olivine porphyritic, spherulitic matrix",True,43,43,True,https://curator.jsc.nasa.gov/lunar/lsc/70275.pdf,True,False,False,False
70290,Apollo 17,Soil,Unsieved,56.36,97.57,LM,SEP,,False,0,0,False,,False,False,False,False
70295,Apollo 17,Breccia,Regolith,361.2,95.949,LM,SEP,breccia dark matrix,True,42,42,True,https://curator.jsc.nasa.gov/lunar/lsc/70295.pdf,True,True,False,False
70310,Apollo 17,Soil,Unsieved,6.82,79.03,,LRV-12,,False,0,0,False,,False,False,False,False
70311,Apollo 17,Soil,<1 mm,106.5,98.476,,LRV-12,"Fines, < 1MM",False,0,0,True,https://curator.jsc.nasa.gov/lunar/lsc/70311.pdf,False,False,False,False
70312,Apollo 17,Soil,1-2 mm,4.2,96.48,,LRV-12,"Fines, 1-2MM",False,0,0,False,,False,False,False,False
70313,Apollo 17,Soil,2-4 mm,3.21,90.69,,LRV-12,"Fines, 2-4MM",False,0,0,False,,False,False,False,False
70314,Apollo 17,Soil,4-10 mm,5.25,95.62,,LRV-12,"12 fragments from 70310, see apollo 17 coarse fines (4-10mm) catalog",True,7,7,False,,False,False,False,False
70315,Apollo 17,Basalt,Ilmenite,148.6,92.882,,LRV-12,"B1, medium-grained, subophitic to glomeroporphyritic, vuggy",True,38,38,True,https://curator.jsc.nasa.gov/lunar/lsc/70315.pdf,True,False,False,False
70320,Apollo 17,Soil,Unsieved,78.24,100.0,,LRV-12,"Fines, Unsieved",False,0,0,False,,False,False,False,False
70321,Apollo 17,Soil,<1 mm,141.6,98.854,,LRV-12,"Fines, < 1MM",False,0,0,False,,False,False,False,False
70322,Apollo 17,Soil,1-2 mm,5.42,97.47,,LRV-12,"Fines, 1-2MM",False,0,0,False,,False,False,False,False
70323,Apollo 17,Soil,2-4 mm,4.1,89.73,,LRV-12,"Fines, 2-4MM",False,0,0,False,,False,False,False,False
70324,Apollo 17,Soil,4-10 mm,4.0,98.63,,LRV-12,"Fines, 4-10mm",True,3,3,False,,False,False,False,False
71010,Apollo 17,Soil,Unsieved,32.84,98.05,,EVA-1,,False,0,0,False,,False,False,False,False
71030,Apollo 17,Soil,Unsieved,36.28,85.391,1A,,,False,0,0,False,,False,False,False,False
71035,Apollo 17,Basalt,Ilmenite,144.8,97.596,1A,,"B2, medium-grained, vuggy, intergranular, plagioclase poikilitic",True,40,40,True,https://curator.jsc.nasa.gov/lunar/lsc/71035.pdf,True,False,False,False
71036,Apollo 17,Basalt,Ilmenite,118.4,0.0,1A,,"unclassified, medium-grained, vuggy, intergranular, unstudied, no pictures in db, frozen",True,6,6,True,https://curator.jsc.nasa.gov/lunar/lsc/71036.pdf,False,False,False,False
71037,Apollo 17,Basalt,Ilmenite,14.39,89.479,1A,,"B, fine-grained, olivine porphyritic, vuggy, intergranular, radiate",True,6,6,True,https://curator.jsc.nasa.gov/lunar/lsc/71037.pdf,True,False,False,False
71040,Apollo 17,Soil,Unsieved,94.89,98.89,1A,TOMBSTONE ROCK,"Fines, Unsieved",False,0,0,False,,False,False,False,False
71041,Apollo 17,Soil,<1 mm,137.8,94.921,1A,,"Fines, < 1MM",False,0,0,True,https://curator.jsc.nasa.gov/lunar/lsc/71041.pdf,True,False,False,False
71042,Apollo 17,Soil,1-2 mm,7.21,100.0,1A,,"Fines, 1-2MM",False,0,0,False,,False,False,False,False
71043,Apollo 17,Soil,2-4 mm,6.19,100.0,1A,,"Fines, 2-4MM",False,0,0,False,,False,False,False,False
71044,Apollo 17,Soil,4-10 mm,12.84,99.44,1A,,"32 fragments from 71040, see apollo 17 coarse fines (4-10mm) catalog",True,8,8,False,,False,False,False,False
71045,Apollo 17,Basalt,Ilmenite,11.92,95.889,1A,,"unclassified, medium-grained, vuggy, intergranular, plagioclase poikilitic",True,1,1,False,,True,False,False,False
71046,Apollo 17,Basalt,Ilmenite,3.037,80.013,1A,,"B1, fine to medium-grained, intersertal, radiate, few vugs",True,1,1,False,,True,False,False,False
71047,Apollo 17,Basalt,Ilmenite,2.78,45.288,1A,,"B1, medium to coarse-grained, plagioclase poikilitic",True,1,1,False,,True,False,False,False
71048,Apollo 17,Basalt,Ilmenite,2.457,73.545,1A,,"A, fine-grained, olivine porphyritic, radiate",True,1,1,False,,True,False,False,False
71049,Apollo 17,Basalt,Ilmenite,1.86,51.72,1A,,"A, fine to medium-grained, plagioclase poikilitic",True,1,1,False,,True,False,False,False
71050,Apollo 17,Soil,Unsieved,4.0,62.5,1A,,,False,0,0,False,,False,False,False,False
71055,Apollo 17,Basalt,Ilmenite,669.6,79.563,1A,,"unclassified, fine to medium-grained, intergranular, vesicular",True,49,49,True,https://curator.jsc.nasa.gov/lunar/lsc/71055.pdf,True,False,False,False
71060,Apollo 17,Soil,Unsieved,199.4,97.357,1A,TOMBSTONE ROCK,"Fines, Unsieved",False,0,0,False,,False,False,False,False
71061,Apollo 17,Soil,<1 mm,229.2,86.855,1A,,"Fines, < 1MM",False,0,0,False,,True,False,False,False
71062,Apollo 17,Soil,1-2 mm,20.74,100.0,1A,,"Fines, 1-2MM",False,0,0,False,,False,False,False,False
71063,Apollo 17,Soil,2-4 mm,22.79,100.0,1A,,"Fines, 2-4MM",False,0,0,False,,False,False,False,False
71064,Apollo 17,Soil,4-10 mm,34.35,98.338,1A,,"?, 100 fragments from 71060, see apollo 17 coarse fines (4-10mm) catalog",False,0,0,False,,True,False,False,False
71065,Apollo 17,Basalt,Ilmenite,28.83,98.335,1A,,"B, fine-grained, intersertal, single vug",True,4,4,True,https://curator.jsc.nasa.gov/lunar/lsc/71065.pdf,True,False,False,False
71066,Apollo 17,Basalt,Ilmenite,19.96,94.354,1A,,"B, fine-grained, intersertal, few vugs",True,1,1,False,,True,False,False,False
71067,Apollo 17,Basalt,Ilmenite,4.245,90.224,1A,,"A, fine-grained, intergranular, radiate",True,1,1,False,,True,False,False,False
71068,Apollo 17,Basalt,Ilmenite,4.208,89.116,1A,,"U?, fine-grained, plagioclase poikilitic",True,1,1,False,,True,False,False,False
71069,Apollo 17,Basalt,Ilmenite,4.058,79.226,1A,,"B2, fine-grained, intergranular, few vugs",True,1,1,False,,True,False,False,False
71075,Apollo 17,Basalt,Ilmenite,1.563,88.548,1A,,"unclassified, fine-grained, vuggy, intergranular, radiate",True,1,1,False,,True,False,False,False
71085,Apollo 17,Basalt,Ilmenite,3.402,87.596,1A,,"U, fine to medium-grained, intergranular, few vugs",True,1,1,False,,True,False,False,False
71086,Apollo 17,Basalt,Ilmenite,3.329,88.014,1A,,"B, fine-grained, intergranular, radiate",True,1,1,False,,True,False,False,False
71087,Apollo 17,Basalt,Ilmenite,2.2,54.64,1A,,"A, fine-grained, olivine porphyritic, radiate, single vug",True,1,1,False,,True,False,False,False
71088,Apollo 17,Basalt,Ilmenite,2.064,64.78,1A,,"A, fine-grained, olivine microporphyritic, radiate",True,1,1,False,,True,False,False,False
71089,Apollo 17,Basalt,Ilmenite,1.733,25.101,1A,,"B1, medium-grained, plagioclase poikilitic, vuggy",True,1,1,False,,True,False,False,False
71095,Apollo 17,Basalt,Ilmenite,1.483,22.185,1A,,"A, fine to medium-grained, subophitic",True,1,1,False,,True,False,False,False
71096,Apollo 17,Basalt,Ilmenite,1.368,29.68,1A,,"A, fine-grained, olivine microporphyritic, radiate, vuggy",True,1,1,False,,True,False,False,False
71097,Apollo 17,Basalt,Ilmenite,1.355,53.506,1A,,"B2, fine-grained, olivine microporphyritic, radiate, vuggy",True,1,1,False,,True,False,False,False
71130,Apollo 17,Soil,Unsieved,49.51,95.54,1A,,"Fines, Unsieved",False,0,0,False,,False,False,False,False
71131,Apollo 17,Soil,<1 mm,86.4,96.963,1A,,"Fines, < 1MM",False,0,0,True,https://curator.jsc.nasa.gov/lunar/lsc/71131.pdf,True,False,False,False
71132,Apollo 17,Soil,1-2 mm,3.99,100.0,1A,,"Fines, 1-2MM",False,0,0,False,,False,False,False,False
71133,Apollo 17,Soil,2-4 mm,3.22,100.0,1A,,"Fines, 2-4MM",False,0,0,False,,False,False,False,False
71134,Apollo 17,Soil,4-10 mm,0.91,91.65,1A,,"4 fragments from 71130, see apollo 17 coarse fines (4-10mm) catalog",True,4,4,False,,False,False,False,False
71135,Apollo 17,Basalt,Ilmenite,36.85,87.87,1A,,"B, fine to medium-grained, intergranular, vuggy",True,7,7,True,https://curator.jsc.nasa.gov/lunar/lsc/71135.pdf,True,False,False,False
71136,Apollo 17,Basalt,Ilmenite,25.39,95.876,1A,,"B, medium-grained, intergranular, radiate, vuggy",True,7,7,False,,True,False,False,False
71150,Apollo 17,Soil,Unsieved,1.565,7.67,1A,,,False,0,0,False,,False,False,False,False
71151,Apollo 17,Soil,<1 mm,57.6,95.457,1A,,"Fines, < 1MM",False,0,0,False,,False,False,False,False
71152,Apollo 17,Soil,1-2 mm,2.6,100.0,1A,,"Fines, 1-2MM",False,0,0,False,,False,False,False,False
71153,Apollo 17,Soil,2-4 mm,2.36,100.0,1A,,"Fines, 2-4MM",False,0,0,False,,False,False,False,False
71154,Apollo 17,Soil,4-10 mm,1.37,99.2,1A,,"9 fragments from 71150, see apollo 17 coarse fines (4-10mm) catalog",True,4,4,False,,False,False,False,False
71155,Apollo 17,Basalt,Ilmenite,26.15,87.533,1A,,"B, fine-grained, intergranular, radiate, vesicular, vuggy",True,10,10,True,https://curator.jsc.nasa.gov/lunar/lsc/71155.pdf,True,False,False,False
71156,Apollo 17,Basalt,Ilmenite,5.42,94.28,1A,,"A, fine-grained, granular, no pictures in db desc, little studied",True,4,4,False,,True,False,False,False
71157,Apollo 17,Basalt,Ilmenite,1.466,36.426,1A,,"B2, aphanitic, olivine microporphyritic, few fractures",True,4,4,False,,True,False,False,False
71170,Apollo 17,Soil,Unsieved,16.38,71.06,1A,,,False,0,0,False,,False,False,False,False
71175,Apollo 17,Basalt,Ilmenite,207.8,98.229,1A,,"A, medium-grained, subophitic to plagioclase poikilitic",True,41,41,True,https://curator.jsc.nasa.gov/lunar/lsc/71175.pdf,True,False,False,False
71500,Apollo 17,Soil,Unsieved,359.5,95.124,1A,,"Fines, Unsieved",False,0,0,True,https://curator.jsc.nasa.gov/lunar/lsc/71500.pdf,False,False,False,False
71501,Apollo 17,Soil,<1 mm,600.9,80.852,1A,,"Fines, < 1MM",False,0,0,False,,True,False,False,False
71502,Apollo 17,Soil,1-2 mm,22.68,89.33,1A,,"Fines, 1-2MM",False,0,0,False,,True,False,False,False
71503,Apollo 17,Soil,2-4 mm,17.58,84.243,1A,,"Fines, 2-4MM",False,0,0,False,,True,False,False,False
71504,Apollo 17,Soil,4-10 mm,13.13,94.88,1A,,"49 fragments from 71500, see apollo 17 coarse fines (4-10mm) catalog",True,9,9,False,,True,False,False,False
71505,Apollo 17,Basalt,Ilmenite,29.45,90.903,1A,,"B, fine-grained, olivine microporphyritic, radiate",True,10,10,True,https://curator.jsc.nasa.gov/lunar/lsc/71505.pdf,True,False,False,False
71506,Apollo 17,Basalt,Ilmenite,12.11,96.614,1A,,"B, fine-grained, olivine microporphyritic, radiate",True,10,10,False,,True,False,False,False
71507,Apollo 17,Basalt,Ilmenite,3.962,88.592,1A,,"unclassified, fine to medium-grained, olivine microporphyritic, radiate",True,11,11,False,,True,False,False,False
71508,Apollo 17,Basalt,Ilmenite,3.423,84.137,1A,,"unclassified, fine-grained, subophitic, radiate",True,11,11,False,,True,False,False,False
71509,Apollo 17,Basalt,Ilmenite,1.69,79.882,1A,,"C, medium-grained, plagioclase poikilitic",True,7,7,False,,True,False,False,False
71515,Apollo 17,Basalt,Ilmenite,1.635,77.37,1A,,friable regolith clast set in a matrix of impact melt glass,True,5,5,False,,True,False,False,False
71520,Apollo 17,Soil,Unsieved,48.16,60.56,1A,,,False,0,0,False,,False,False,False,False
71525,Apollo 17,Basalt,Ilmenite,3.9,90.0,1A,,"unclassified, fine-grained, intersertal, radiate",True,4,4,False,,True,False,False,False
71526,Apollo 17,Basalt,Ilmenite,12.91,97.444,1A,,"unclassified, fine-grained intergranular, few vesicles and vugs",True,4,4,False,,True,False,False,False
71527,Apollo 17,Basalt,Ilmenite,2.186,93.138,1A,,"unclassified, fine-grained, olivine microporphyritic, radiate, vesicular",True,4,4,False,,True,False,False,False
71528,Apollo 17,Basalt,Ilmenite,11.25,97.067,1A,,"unclassified, fine-grained, intersertal, radiate, vesicular",True,4,4,False,,True,False,False,False
71529,Apollo 17,Basalt,Ilmenite,6.025,92.365,1A,,"unclassified, fine-grained, intersertal, radiate, vesicular",True,4,4,False,,True,False,False,False
71530,Apollo 17,Breccia,Unclassified,0.0,0.0,1A,,,False,0,0,False,,False,False,False,False
71535,Apollo 17,Basalt,Ilmenite,17.71,97.29,1A,,"unclassified, fine-grained intergranular",True,4,4,False,,True,False,False,False
71536,Apollo 17,Basalt,Ilmenite,5.322,90.041,1A,,"unclassified, medium-grained, subophitic to plagioclase poikilitic",True,4,4,False,,True,False,False,False
71537,Apollo 17,Basalt,Ilmenite,12.25,96.163,1A,,"unclassified, fine-grained, intersertal, radiate",True,4,4,False,,True,False,False,False
71538,Apollo 17,Basalt,Ilmenite,8.038,95.895,1A,,"unclassified, fine-grained, intersertal, radiate",True,4,4,False,,True,False,False,False
71539,Apollo 17,Basalt,Ilmenite,10.9,73.266,1A,,"A, fine-grained, intersertal, radiate",True,4,4,True,https://curator.jsc.nasa.gov/lunar/lsc/71539.pdf,True,False,False,False
71545,Apollo 17,Basalt,Ilmenite,17.26,87.01,1A,,"B2, fine-grained, olivine microporphyritic, radiate",True,4,4,False,,True,False,False,False
71546,Apollo 17,Basalt,Ilmenite,150.7,97.883,1A,,"A, fine-grained, intersertal, radiate",True,8,8,True,https://curator.jsc.nasa.gov/lunar/lsc/71546.pdf,True,False,False,False
71547,Apollo 17,Basalt,Ilmenite,12.54,95.853,1A,,"unclassified, fine-grained, intersertal, radiate",True,4,4,False,,True,False,False,False
71548,Apollo 17,Basalt,Ilmenite,25.46,98.35,1A,,"unclassified, fine-grained intergranular",True,7,7,True,https://curator.jsc.nasa.gov/lunar/lsc/71548.pdf,True,False,False,False
71549,Apollo 17,Basalt,Ilmenite,7.903,94.812,1A,,"unclassified, fine-grained, subophitic to plagioclase poikilitic",True,4,4,False,,True,False,False,False
71555,Apollo 17,Basalt,Ilmenite,4.547,92.303,1A,,"unclassified, fine-grained, intersertal, radiate",True,4,4,False,,True,False,False,False
71556,Apollo 17,Basalt,Ilmenite,29.14,98.181,1A,,"unclassified, fine-grained, subophitic to plagioclase poikilitic, vuggy",True,7,7,True,https://curator.jsc.nasa.gov/lunar/lsc/71556.pdf,True,False,False,False
71557,Apollo 17,Basalt,Ilmenite,40.35,95.071,1A,,"B1, fine-grained, subophitic to plagioclase poikilitic, vuggy",True,8,8,False,,True,False,False,False
71558,Apollo 17,Basalt,Ilmenite,15.81,95.515,1A,,"unclassified, fine-grained, intergranular to plagioclase poikilitic, vuggy",True,4,4,False,,True,False,False,False
71559,Apollo 17,Basalt,Ilmenite,82.16,98.576,1A,,"unclassified, medium-grained, subophitic, few vugs",True,7,7,True,https://curator.jsc.nasa.gov/lunar/lsc/71559.pdf,True,False,False,False
71565,Apollo 17,Basalt,Ilmenite,24.09,97.14,1A,,"unclassified, medium-grained, plagioclase poikilitic, vuggy",True,8,8,False,,True,False,False,False
71566,Apollo 17,Basalt,Ilmenite,414.4,45.059,1A,,"U, medium-grained, plagioclase poikilitic, vuggy",True,8,8,True,https://curator.jsc.nasa.gov/lunar/lsc/71566.pdf,True,False,True,False
71567,Apollo 17,Basalt,Ilmenite,146.0,95.814,1A,,"U, medium-grained, plagioclase poikilitic, vuggy",True,9,9,False,,True,False,False,False
71568,Apollo 17,Basalt,Ilmenite,10.02,94.91,1A,,"unclassified, medium-grained, plagioclase poikilitic, vuggy",True,4,4,False,,True,False,False,False
71569,Apollo 17,Basalt,Ilmenite,289.6,91.025,1A,,"A, fine-grained, olivine microporphyritic, radiate",True,12,12,True,https://curator.jsc.nasa.gov/lunar/lsc/71569.pdf,True,False,False,False
71575,Apollo 17,Basalt,Ilmenite,2.113,89.446,1A,,"unclassified, fine-grained, olivine microporphyritic, radiate",True,4,4,False,,True,False,False,False
71576,Apollo 17,Basalt,Ilmenite,23.54,91.058,1A,,"B2, fine-grained, olivine microporphyritic, radiate",True,8,8,False,,True,False,False,False
71577,Apollo 17,Basalt,Ilmenite,234.7,98.865,1A,,"A, fine-grained, olivine microporphyritic, radiate",True,8,8,True,https://curator.jsc.nasa.gov/lunar/lsc/71577.pdf,True,False,False,False
71578,Apollo 17,Basalt,Ilmenite,353.9,99.822,1A,,"unclassified, fine-grained, olivine microporphyritic, radiate, vesicular",True,7,7,False,,True,False,False,False
71579,Apollo 17,Basalt,Ilmenite,7.937,94.708,1A,,"unclassified, fine-grained, olivine microporphyritic, radiate, finely vesicular",True,4,4,False,,True,False,False,False
71585,Apollo 17,Basalt,Ilmenite,13.86,95.895,1A,,"unclassified, fine-grained, subophitic, radiate, vuggy",True,4,4,False,,True,False,False,False
71586,Apollo 17,Basalt,Ilmenite,26.92,98.551,1A,,"unclassified, fine-grained, olivine microporphyritic, radiate",True,7,7,True,https://curator.jsc.nasa.gov/lunar/lsc/71586.pdf,True,False,False,False
71587,Apollo 17,Basalt,Ilmenite,41.27,98.498,1A,,"unclassified, fine-grained, olivine microporphyritic, radiate, vuggy",True,7,7,True,https://curator.jsc.nasa.gov/lunar/lsc/71587.pdf,True,False,False,False
71588,Apollo 17,Basalt,Ilmenite,48.98,98.469,1A,,"unclassified, fine-grained, olivine microporphyritic, radiate",True,7,7,True,https://curator.jsc.nasa.gov/lunar/lsc/71588.pdf,True,False,False,False
71589,Apollo 17,Basalt,Ilmenite,6.86,96.793,1A,,"unclassified, fine-grained, intersertal, radiate",True,4,4,False,,True,False,False,False
71595,Apollo 17,Basalt,Ilmenite,25.21,97.342,1A,,"unclassified, vitrophyric, olivine microporphyritic, radiate, vesicular",True,7,7,True,https://curator.jsc.nasa.gov/lunar/lsc/71595.pdf,True,False,False,False
71596,Apollo 17,Basalt,Ilmenite,61.05,97.497,1A,,"unclassified, fine-grained, olivine microporphyritic, radiate, finely vesicular",True,7,7,True,https://curator.jsc.nasa.gov/lunar/lsc/71596.pdf,True,False,False,False
71597,Apollo 17,Basalt,Ilmenite,12.35,67.87,1A,,"unclassified, medium to coarse-grained, olivine microporphyritic, vuggy",True,4,4,False,,True,False,False,False
72010,Apollo 17,Soil,Unsieved,76.92,100.0,2,EVA-2,,False,0,0,False,,False,False,False,False
72130,Apollo 17,Soil,Unsieved,79.91,88.35,2,LRV-1,"Fines, Unsieved",False,0,0,False,,False,False,False,False
72131,Apollo 17,Soil,<1 mm,107.9,96.055,2,LRV-1,"Fines, < 1MM",False,0,0,True,https://curator.jsc.nasa.gov/lunar/lsc/72131.pdf,False,False,False,False
72132,Apollo 17,Soil,1-2 mm,8.53,100.0,2,LRV-1,"Fines, 1-2MM",False,0,0,False,,False,False,False,False
72133,Apollo 17,Soil,2-4 mm,10.95,100.0,2,LRV-1,"Fines, 2-4MM",False,0,0,False,,False,False,False,False
72134,Apollo 17,Soil,4-10 mm,13.18,96.13,2,LRV-1,"59 fragments from 72130, see apollo 17 coarse fines (4-10mm) catalog",True,6,6,False,,False,False,False,False
72135,Apollo 17,Breccia,Fragmental,336.9,96.27,2,LRV-1,"coarsely brecciated ilmenite basalt, unstudied",True,40,40,True,https://curator.jsc.nasa.gov/lunar/lsc/72135.pdf,True,False,False,False
72140,Apollo 17,Soil,Unsieved,115.0,99.65,2,LRV-2,"Fines, Unsieved",False,0,0,False,,False,False,False,False
72141,Apollo 17,Soil,<1 mm,225.9,94.604,2,LRV-2,"Fines, < 1MM",False,0,0,True,https://curator.jsc.nasa.gov/lunar/lsc/72141.pdf,True,False,False,False
72142,Apollo 17,Soil,1-2 mm,5.32,95.3,2,LRV-2,"Fines, 1-2MM",False,0,0,False,,False,False,False,False
72143,Apollo 17,Soil,2-4 mm,1.88,100.0,2,LRV-2,"Fines, 2-4MM",False,0,0,False,,False,False,False,False
72144,Apollo 17,Soil,4-10 mm,2.73,88.1,2,LRV-2,"10 fragments from 72140, see apollo 17 coarse fines (4-10mm) catalog",True,7,7,False,,True,False,False,False
72145,Apollo 17,Breccia,Regolith,1.25,100.0,2,LRV-2,polymict microbreccia,True,2,2,False,,False,False,False,False
72150,Apollo 17,Soil,Unsieved,53.29,93.637,2,LRV-3,,False,0,0,True,https://curator.jsc.nasa.gov/lunar/lsc/72150.pdf,True,False,False,False
72155,Apollo 17,Basalt,Ilmenite,238.5,87.849,2,LRV-3,"A, fine-grained, olivine microporphyritic, intergranular, radiate",True,49,49,True,https://curator.jsc.nasa.gov/lunar/lsc/72155.pdf,True,False,False,False
72160,Apollo 17,Soil,Unsieved,80.0,96.475,2,LRV-3,"Fines, Unsieved",False,0,0,False,,False,False,False,False
72161,Apollo 17,Soil,<1 mm,162.5,86.466,2,LRV-3,"Fines, < 1MM",False,0,0,True,https://curator.jsc.nasa.gov/lunar/lsc/72161.pdf,True,False,False,False
72162,Apollo 17,Soil,1-2 mm,4.018,87.556,2,LRV-3,"Fines, 1-2MM",False,0,0,False,,False,False,False,False
72163,Apollo 17,Soil,2-4 mm,2.538,100.0,2,LRV-3,"Fines, 2-4MM",False,0,0,False,,False,False,False,False
72164,Apollo 17,Soil,4-10 mm,0.946,99.37,2,LRV-3,"5 fragments from 72160, see apollo 17 coarse fines (4-10mm) catalog",True,4,4,False,,False,False,False,False
72210,Apollo 17,Soil,Unsieved,1.83,81.42,2,,,False,0,0,False,,False,False,False,False
72215,Apollo 17,Breccia,Impact Melt,379.2,86.03,2,BOULDER 1,"aphanitic, clast rich, polymict",True,61,61,True,https://curator.jsc.nasa.gov/lunar/lsc/72215.pdf,True,False,False,False
72220,Apollo 17,Soil,Unsieved,136.2,99.93,2,SOUTH MASSIF,"Fines, Unsieved",False,0,0,False,,False,False,False,False
72221,Apollo 17,Soil,<1 mm,225.8,99.956,2,,"Fines, < 1MM",False,0,0,True,https://curator.jsc.nasa.gov/lunar/lsc/72221.pdf,False,False,False,False
72222,Apollo 17,Soil,1-2 mm,11.13,100.0,2,,"Fines, 1-2MM",False,0,0,False,,False,False,False,False
72223,Apollo 17,Soil,2-4 mm,7.92,100.0,2,,"Fines, 2-4MM",False,0,0,False,,False,False,False,False
72224,Apollo 17,Soil,4-10 mm,7.51,94.78,2,,"32 fragments from 72220, see apollo 17 coarse fines (4-10mm) catalog",True,6,6,False,,True,False,False,False
72230,Apollo 17,Soil,Unsieved,1.66,81.33,2,,,False,0,0,False,,False,False,False,False
72235,Apollo 17,Breccia,Impact Melt,61.91,75.938,2,BOULDER 1,"aphanitic, layered, clast rich",True,59,59,True,https://curator.jsc.nasa.gov/lunar/lsc/72235.pdf,True,False,False,False
72240,Apollo 17,Soil,Unsieved,113.3,99.65,2,SOUTH MASSIF,"Fines, Unsieved",False,0,0,False,,False,False,False,False
72241,Apollo 17,Soil,<1 mm,186.0,99.832,2,,"Fines, < 1MM",False,0,0,False,,False,False,False,False
72242,Apollo 17,Soil,1-2 mm,11.2,100.0,2,,"Fines, 1-2MM",False,0,0,False,,False,False,False,False
72243,Apollo 17,Soil,2-4 mm,7.93,100.0,2,,"Fines, 2-4MM",False,0,0,False,,False,False,False,False
72244,Apollo 17,Soil,4-10 mm,3.99,92.531,2,,"26 fragments from 72240, see apollo 17 coarse fines (4-10mm) catalog",True,6,6,False,,True,False,False,False
72250,Apollo 17,Soil,Unsieved,7.74,63.95,2,,,False,0,0,False,,False,False,False,False
72255,Apollo 17,Breccia,Impact Melt,461.2,85.721,2,BOULDER 1,"aphanitic, clast rich polymict",True,95,95,True,https://curator.jsc.nasa.gov/lunar/lsc/72255.pdf,True,False,False,False
72260,Apollo 17,Soil,Unsieved,100.6,99.6,2,,"Fines, Unsieved",False,0,0,False,,False,False,False,False
72261,Apollo 17,Soil,<1 mm,161.9,98.7,2,,"Fines, < 1MM",False,0,0,False,,False,False,False,False
72262,Apollo 17,Soil,1-2 mm,7.7,100.0,2,,"Fines, 1-2MM",False,0,0,False,,False,False,False,False
72263,Apollo 17,Soil,2-4 mm,4.4,100.0,2,,"Fines, 2-4MM",False,0,0,False,,False,False,False,False
72264,Apollo 17,Soil,4-10 mm,4.4,94.636,2,,"23 fragments from 72260, see apollo 17 coarse fines (4-10mm) catalog",True,5,5,False,,True,False,False,False
72270,Apollo 17,Soil,Unsieved,26.11,61.28,2,,,False,0,0,True,https://curator.jsc.nasa.gov/lunar/lsc/72270.pdf,False,False,False,False
72275,Apollo 17,Breccia,Fragmental,3640.0,90.858,2,BOULDER 1,"polymict, friable, mineral and lithic clasts",True,160,160,True,https://curator.jsc.nasa.gov/lunar/lsc/72275.pdf,True,False,True,False
72310,Apollo 17,Soil,Unsieved,1.09,85.32,2,,,False,0,0,False,,False,False,False,False
72315,Apollo 17,Breccia,Impact Melt,131.4,86.578,2,BOULDER 2,"micropoikilitic, clast poor",True,57,57,True,https://curator.jsc.nasa.gov/lunar/lsc/72315.pdf,True,False,False,False
72320,Apollo 17,Soil,Unsieved,26.17,98.196,2,SOUTH MASSIF,"Fines, Unsieved",False,0,0,True,https://curator.jsc.nasa.gov/lunar/lsc/72320.pdf,False,False,False,False
72321,Apollo 17,Soil,<1 mm,77.3,90.101,2,,"Fines, < 1MM",False,0,0,False,,True,False,False,False
72322,Apollo 17,Soil,1-2 mm,1.38,92.754,2,,"Fines, 1-2MM",False,0,0,False,,False,False,False,False
72323,Apollo 17,Soil,2-4 mm,0.5,100.0,2,,"Fines, 2-4MM",False,0,0,False,,False,False,False,False
72324,Apollo 17,Soil,4-10 mm,0.96,87.92,2,,"4 fragments from 72320, see apollo 17 coarse fines (4-10mm) catalog",True,4,4,False,,True,False,False,False
72330,Apollo 17,Soil,Unsieved,0.36,72.22,2,,,False,0,0,False,,False,False,False,False
72335,Apollo 17,Breccia,Impact Melt,108.9,98.373,2,BOULDER 2,"micropoikilitic, clast poor",True,43,43,True,https://curator.jsc.nasa.gov/lunar/lsc/72335.pdf,True,False,False,False
72350,Apollo 17,Soil,Unsieved,1.7,0.0,2,,,False,0,0,False,,False,False,False,False
72355,Apollo 17,Breccia,Impact Melt,367.4,98.775,2,BOULDER 2,"micropoikilitic, clast poor",True,41,41,True,https://curator.jsc.nasa.gov/lunar/lsc/72355.pdf,True,False,False,False
72370,Apollo 17,Soil,Unsieved,0.02,0.0,2,,,False,0,0,False,,False,False,False,False
72375,Apollo 17,Breccia,Impact Melt,18.2,98.513,2,BOULDER 2,"micropoikilitic, clast poor",True,6,6,True,https://curator.jsc.nasa.gov/lunar/lsc/72375.pdf,True,False,False,False
72390,Apollo 17,Soil,Unsieved,20.63,59.04,2,,,False,0,0,False,,False,False,False,False
72395,Apollo 17,Breccia,Impact Melt,536.4,85.208,2,BOULDER 2,"micropoikilitic, clast poor",True,56,56,True,https://curator.jsc.nasa.gov/lunar/lsc/72395.pdf,True,False,False,False
72410,Apollo 17,Soil,Unsieved,52.0,98.06,2,,,False,0,0,False,,False,False,False,False
72415,Apollo 17,Crustal,Cataclasite,32.34,58.893,2,BOULDER 3,cataclastic dunite,True,50,50,True,https://curator.jsc.nasa.gov/lunar/lsc/72415.pdf,True,False,False,False
72416,Apollo 17,Crustal,Cataclasite,11.53,64.605,2,BOULDER 3,cataclastic dunite,True,2,2,False,,False,False,False,False
72417,Apollo 17,Crustal,Cataclasite,11.32,2.758,2,BOULDER 3,cataclastic dunite,True,2,2,False,,True,False,False,False
72418,Apollo 17,Crustal,Cataclasite,3.55,88.254,2,BOULDER 3,cataclastic dunite,True,2,2,False,,False,False,False,False
72430,Apollo 17,Soil,Unsieved,1.45,0.0,2,SOUTH MASSIF,,False,0,0,False,,False,False,False,False
72431,Apollo 17,Soil,<1 mm,72.0,99.864,2,,"Fines, < 1MM",False,0,0,True,https://curator.jsc.nasa.gov/lunar/lsc/72431.pdf,False,False,False,False
72432,Apollo 17,Soil,1-2 mm,3.62,100.0,2,,"Fines, 1-2MM",False,0,0,False,,False,False,False,False
72433,Apollo 17,Soil,2-4 mm,2.33,100.0,2,,"Fines, 2-4MM",False,0,0,False,,False,False,False,False
72434,Apollo 17,Soil,4-10 mm,1.47,97.96,2,,"8 fragments from 72430, see apollo 17 coarse fines (4-10mm) catalog",True,4,4,False,,False,False,False,False
72435,Apollo 17,Breccia,Impact Melt,160.6,74.344,2,BOULDER 3,"micropoikilitic, clast poor",True,42,42,True,https://curator.jsc.nasa.gov/lunar/lsc/72435.pdf,True,False,False,False
72440,Apollo 17,Soil,Unsieved,161.6,99.69,2,SOUTH MASSIF,"Fines, Unsieved",False,0,0,False,,False,False,False,False
72441,Apollo 17,Soil,<1 mm,267.3,95.332,2,,"Fines, < 1MM",False,0,0,True,https://curator.jsc.nasa.gov/lunar/lsc/72441.pdf,True,False,False,False
72442,Apollo 17,Soil,1-2 mm,10.6,92.83,2,,"Fines, 1-2MM",False,0,0,False,,True,False,False,False
72443,Apollo 17,Soil,2-4 mm,7.98,74.62,2,,"Fines, 2-4MM",False,0,0,False,,False,False,False,False
72444,Apollo 17,Soil,4-10 mm,2.91,86.564,2,,"22 fragments from 72440, see apollo 17 coarse fines (4-10mm) catalog",True,7,7,False,,True,False,False,False
72460,Apollo 17,Soil,Unsieved,0.51,0.0,2,SOUTH MASSIF,,False,0,0,False,,False,False,False,False
72461,Apollo 17,Soil,<1 mm,113.7,90.96,2,,"Fines, < 1MM",False,0,0,False,,True,False,False,False
72462,Apollo 17,Soil,1-2 mm,5.14,95.136,2,,"Fines, 1-2MM",False,0,0,False,,False,False,False,False
72463,Apollo 17,Soil,2-4 mm,3.9,100.0,2,,"Fines, 2-4MM",False,0,0,False,,False,False,False,False
72464,Apollo 17,Soil,4-10 mm,1.76,75.17,2,,"7 fragments from 72460, see apollo 17 coarse fines (4-10mm) catalog",True,5,5,False,,True,False,False,False
72500,Apollo 17,Soil,Unsieved,325.5,96.043,2,SOUTH MASSIF,"Fines, Unsieved",False,0,0,False,,False,False,False,False
72501,Apollo 17,Soil,<1 mm,687.2,86.867,2,,"Fines, < 1MM",True,4,4,True,https://curator.jsc.nasa.gov/lunar/lsc/72501.pdf,True,False,False,False
72502,Apollo 17,Soil,1-2 mm,24.13,86.2,2,,"Fines, 1-2MM",False,0,0,False,,True,False,False,False
72503,Apollo 17,Soil,2-4 mm,12.94,44.56,2,,"Fines, 2-4MM",False,0,0,False,,True,False,False,False
72504,Apollo 17,Soil,4-10 mm,7.96,93.35,2,,"38 fragments from 72500, see apollo 17 coarse fines (4-10mm) catalog",True,9,9,False,,True,False,False,False
72505,Apollo 17,Breccia,Impact Melt,3.1,100.0,2,BOULDER 2,"crystalline, fine-grained, clast poor",True,3,3,False,,False,False,False,False
72530,Apollo 17,Soil,Unsieved,18.14,78.83,2,,,False,0,0,False,,False,False,False,False
72535,Apollo 17,Breccia,Impact Melt,221.4,95.26,2,,"microsubophitic, clast poor",True,41,41,True,https://curator.jsc.nasa.gov/lunar/lsc/72535.pdf,True,False,False,False
72536,Apollo 17,Breccia,Impact Melt,52.3,98.489,2,BOULDER 2,"microsubophitic, clast poor",True,41,41,False,,True,False,False,False
72537,Apollo 17,Breccia,Impact Melt,5.192,100.0,2,SOUTH MASSIF,"microsubophitic, clast poor",True,3,3,False,,False,False,False,False
72538,Apollo 17,Breccia,Impact Melt,11.09,100.0,2,SOUTH MASSIF,"microsubophitic, clast poor",True,3,3,False,,False,False,False,False
72539,Apollo 17,Breccia,Impact Melt,11.22,67.585,2,BOULDER 2,"microsubophitic, clast poor",True,3,3,True,https://curator.jsc.nasa.gov/lunar/lsc/72539.pdf,True,False,False,False
72545,Apollo 17,Breccia,Impact Melt,4.055,100.0,2,BOULDER 2,"crystalline, fine-grained, clast poor",True,3,3,False,,False,False,False,False
72546,Apollo 17,Breccia,Impact Melt,4.856,100.0,2,BOULDER 2,"crystalline, fine-grained, clast poor",True,3,3,False,,False,False,False,False
72547,Apollo 17,Breccia,Impact Melt,5.045,100.0,2,BOULDER 2,"crystalline, fine-grained, clast poor",True,3,3,False,,False,False,False,False
72548,Apollo 17,Breccia,Impact Melt,29.3,97.2,2,BOULDER 2,"micropoikilitic, clast poor",True,9,9,True,https://curator.jsc.nasa.gov/lunar/lsc/72548.pdf,True,False,False,False
72549,Apollo 17,Breccia,Impact Melt,21.0,78.514,2,BOULDER 2,"micropoikilitic, clast poor",True,3,3,False,,True,False,False,False
72555,Apollo 17,Breccia,Impact Melt,10.48,100.0,2,BOULDER 2,"crystalline, fine-grained, clast poor",True,3,3,True,https://curator.jsc.nasa.gov/lunar/lsc/72555.pdf,False,False,False,False
72556,Apollo 17,Breccia,Impact Melt,3.861,100.0,2,BOULDER 2,"crystalline, fine-grained, clast poor",True,3,3,False,,False,False,False,False
72557,Apollo 17,Breccia,Impact Melt,4.559,100.0,2,BOULDER 2,"crystalline, fine-grained, clast poor",True,3,3,False,,False,False,False,False
72558,Apollo 17,Breccia,Impact Melt,5.713,90.6,2,BOULDER 2,"micropoikilitic, clast poor",True,3,3,True,https://curator.jsc.nasa.gov/lunar/lsc/72558.pdf,True,False,False,False
72559,Apollo 17,Crustal,Cataclasite,27.8,95.413,2,BOULDER 2,granoblastic impactite,True,8,8,True,https://curator.jsc.nasa.gov/lunar/lsc/72559.pdf,True,False,False,False
72700,Apollo 17,Soil,Unsieved,295.2,99.86,2,NANSEN CRATER,"Fines, Unsieved",False,0,0,False,,False,False,False,False
72701,Apollo 17,Soil,<1 mm,557.3,87.474,2,,"Fines, < 1MM",False,0,0,True,https://curator.jsc.nasa.gov/lunar/lsc/72701.pdf,True,False,False,False
72702,Apollo 17,Soil,1-2 mm,17.7,87.74,2,,"Fines, 1-2MM",False,0,0,False,,True,False,False,False
72703,Apollo 17,Soil,2-4 mm,8.05,81.118,2,,"Fines, 2-4MM",False,0,0,False,,True,False,False,False
72704,Apollo 17,Soil,4-10 mm,4.76,90.021,2,,"22 fragments from 72700, see apollo 17 coarse fines (4-10mm) catalog",True,8,8,False,,True,False,False,False
72705,Apollo 17,Breccia,Impact Melt,2.4,86.192,2,NANSEN CRATER,"vesicular, aphanitic, clast rich",True,6,6,False,,True,False,False,False
72730,Apollo 17,Soil,Unsieved,1.98,45.45,2,,,False,0,0,False,,False,False,False,False
72735,Apollo 17,Breccia,Unclassified,0.0,96.069,2,,"fine-grained, micropoikilitic, clast bearing, vugs",True,9,9,True,https://curator.jsc.nasa.gov/lunar/lsc/72735.pdf,True,False,False,False
72736,Apollo 17,Breccia,Impact Melt,28.7,87.494,2,,"micropoikilitic, clast poor",True,9,9,True,https://curator.jsc.nasa.gov/lunar/lsc/72736.pdf,True,False,False,False
72737,Apollo 17,Breccia,Impact Melt,3.33,100.0,2,,"micropoikilitic, clast poor",True,3,3,False,,False,False,False,False
72738,Apollo 17,Breccia,Impact Melt,23.75,95.242,2,,"microsubophitic, clast poor",True,6,6,True,https://curator.jsc.nasa.gov/lunar/lsc/72738.pdf,True,False,False,False
73001,Apollo 17,Core,Unsieved,809.0,100.0,3,LARA CRATER,,False,0,0,True,https://curator.jsc.nasa.gov/lunar/lsc/73001.pdf,False,False,False,False
73002,Apollo 17,Core,Unsieved,429.7,100.0,3,LARA CRATER,,False,0,0,False,,False,False,False,False
73010,Apollo 17,Soil,Unsieved,34.56,100.0,2A,LRV-4,,False,0,0,False,,False,False,False,False
73120,Apollo 17,Soil,Unsieved,100.2,99.8,2A,LRV-4,"Fines, Unsieved",False,0,0,False,,False,False,False,False
73121,Apollo 17,Soil,<1 mm,179.7,89.479,2A,LRV-4,"Fines, < 1MM",False,0,0,True,https://curator.jsc.nasa.gov/lunar/lsc/73121.pdf,True,False,False,False
73122,Apollo 17,Soil,1-2 mm,5.25,98.476,2A,LRV-4,"Fines, 1-2MM",False,0,0,False,,False,False,False,False
73123,Apollo 17,Soil,2-4 mm,2.03,100.0,2A,LRV-4,"Fines, 2-4MM",False,0,0,False,,False,False,False,False
73124,Apollo 17,Soil,4-10 mm,0.5,92.0,2A,LRV-4,"3 fragments from 73120, see apollo 17 coarse fines (4-10mm) catalog",True,3,3,False,,False,False,False,False
73130,Apollo 17,Soil,Unsieved,77.2,99.22,2A,SOUTH MASSIF,"Fines, Unsieved",False,0,0,False,,False,False,False,False
73131,Apollo 17,Soil,<1 mm,132.3,97.116,2A,SOUTH MASSIF,"Fines, < 1MM",False,0,0,True,https://curator.jsc.nasa.gov/lunar/lsc/73131.pdf,False,False,False,False
73132,Apollo 17,Soil,1-2 mm,10.38,100.0,2A,SOUTH MASSIF,"Fines, 1-2MM",False,0,0,False,,False,False,False,False
73133,Apollo 17,Soil,2-4 mm,8.58,100.0,2A,SOUTH MASSIF,"Fines, 2-4MM",False,0,0,False,,False,False,False,False
73134,Apollo 17,Soil,4-10 mm,9.61,98.96,2A,SOUTH MASSIF,"many dust-coated fragments from 73130, see apollo 17 coarse fines (4-10mm) catalog",True,12,12,False,,False,False,False,False
73140,Apollo 17,Soil,Unsieved,121.6,99.92,2A,,"Fines, Unsieved",False,0,0,False,,False,False,False,False
73141,Apollo 17,Soil,<1 mm,191.4,91.896,2A,,"Fines, < 1MM",False,0,0,False,,True,False,False,False
73142,Apollo 17,Soil,1-2 mm,11.69,93.584,2A,,"Fines, 1-2MM",False,0,0,False,,True,False,False,False
73143,Apollo 17,Soil,2-4 mm,7.84,93.622,2A,,"Fines, 2-4MM",False,0,0,False,,True,False,False,False
73144,Apollo 17,Soil,4-10 mm,4.47,93.512,2A,,"27 fragments from 73140, see apollo 17 coarse fines (4-10mm) catalog",True,8,8,False,,False,False,False,False
73145,Apollo 17,Breccia,Impact Melt,5.6,100.0,2A,LRV-4,"micropoikilitic, clast poor",True,2,2,False,,False,False,False,False
73146,Apollo 17,Crustal,Cataclasite,3.01,90.033,2A,NANSEN CRATER,"troctolitic, anorthositic, cataclasite",True,2,2,False,,True,False,False,False
73150,Apollo 17,Soil,Unsieved,52.56,97.98,2A,,"Fines, Unsieved",False,0,0,False,,False,False,False,False
73151,Apollo 17,Soil,<1 mm,101.2,98.516,2A,,"Fines, < 1MM",False,0,0,True,https://curator.jsc.nasa.gov/lunar/lsc/73151.pdf,True,False,False,False
73152,Apollo 17,Soil,1-2 mm,3.57,100.0,2A,,"Fines, 1-2MM",False,0,0,False,,False,False,False,False
73153,Apollo 17,Soil,2-4 mm,1.31,100.0,2A,,"Fines, 2-4MM",False,0,0,False,,False,False,False,False
73154,Apollo 17,Soil,4-10 mm,0.31,100.0,3,,"3 fragments from 73150, see apollo 17 coarse fines (4-10mm) catalog",True,4,4,False,,False,False,False,False
73155,Apollo 17,Breccia,Impact Melt,79.3,93.404,2A,NANSEN CRATER,"fine-grained, clast poor",True,46,46,True,https://curator.jsc.nasa.gov/lunar/lsc/73155.pdf,True,False,False,False
73156,Apollo 17,Breccia,Impact Melt,3.2,100.0,2A,NANSEN CRATER,"crystalline, fine-grained, clast poor",True,2,2,False,,False,False,False,False
73210,Apollo 17,Soil,Unsieved,37.89,73.9,3,,"Fines, Unsieved",False,0,0,False,,False,False,False,False
73211,Apollo 17,Soil,<1 mm,51.95,97.093,3,,"Fines, < 1MM",False,0,0,True,https://curator.jsc.nasa.gov/lunar/lsc/73211.pdf,False,False,False,False
73212,Apollo 17,Soil,1-2 mm,3.47,100.0,3,,"Fines, 1-2MM",False,0,0,False,,False,False,False,False
73213,Apollo 17,Soil,2-4 mm,2.8,100.0,3,,"Fines, 2-4MM",False,0,0,False,,False,False,False,False
73214,Apollo 17,Soil,4-10 mm,2.47,92.43,3,,"11 fragments from 73210, see apollo 17 coarse fines (4-10mm) catalog",True,6,6,False,,True,False,False,False
73215,Apollo 17,Breccia,Impact Melt,1062.0,84.402,3,,"aphanitic, clast rich, polymict",True,100,100,True,https://curator.jsc.nasa.gov/lunar/lsc/73215.pdf,True,False,False,False
73216,Apollo 17,Breccia,Impact Melt,162.2,94.094,3,,"fine-grained, clast poor",True,47,47,True,https://curator.jsc.nasa.gov/lunar/lsc/73216.pdf,True,False,False,False
73217,Apollo 17,Breccia,Impact Melt,138.8,89.25,3,,"fine-grained, clast rich, polymict",True,17,17,True,https://curator.jsc.nasa.gov/lunar/lsc/73217.pdf,True,False,False,False
73218,Apollo 17,Breccia,Impact Melt,39.67,93.471,3,,"fine-grained, clast poor",True,38,38,True,https://curator.jsc.nasa.gov/lunar/lsc/73218.pdf,True,False,False,False
73219,Apollo 17,Basalt,Ilmenite,2.9,88.889,3,,"unclassified, fine-grained, olivine microporphyritic, radiate",True,2,2,False,,True,False,False,False
73220,Apollo 17,Soil,Unsieved,20.8,99.04,3,,"Fines, Unsieved",False,0,0,False,,False,False,False,False
73221,Apollo 17,Soil,<1 mm,48.11,77.574,3,,"Fines, < 1MM",False,0,0,True,https://curator.jsc.nasa.gov/lunar/lsc/73221.pdf,True,False,False,False
73222,Apollo 17,Soil,1-2 mm,2.71,90.406,3,,"Fines, 1-2MM",False,0,0,False,,False,False,False,False
73223,Apollo 17,Soil,2-4 mm,2.61,100.0,3,,"Fines, 2-4MM",False,0,0,False,,False,False,False,False
73224,Apollo 17,Soil,4-10 mm,1.65,87.212,3,,"7 fragments from 73220, see apollo 17 coarse fines (4-10mm) catalog",True,5,5,False,,True,False,False,False
73225,Apollo 17,Breccia,Impact Melt,3.66,95.656,3,,"crystalline, fine-grained, clast poor",True,2,2,False,,True,False,False,False
73230,Apollo 17,Soil,Unsieved,21.34,86.13,3,,,False,0,0,False,,False,False,False,False
73235,Apollo 17,Breccia,Impact Melt,878.3,88.498,3,,"aphanitic, clast rich, polymict",True,38,38,True,https://curator.jsc.nasa.gov/lunar/lsc/73235.pdf,True,False,False,False
73240,Apollo 17,Soil,Unsieved,114.7,99.39,3,,"Fines, Unsieved",False,0,0,False,,False,False,False,False
73241,Apollo 17,Soil,<1 mm,192.7,89.605,3,,"Fines, < 1MM",False,0,0,False,,True,False,False,False
73242,Apollo 17,Soil,1-2 mm,14.94,91.633,3,,"Fines, 1-2MM",False,0,0,False,,True,False,False,False
73243,Apollo 17,Soil,2-4 mm,14.38,65.17,3,,"Fines, 2-4MM",False,0,0,False,,False,False,False,False
73244,Apollo 17,Soil,4-10 mm,22.25,88.593,3,,"75 fragments from 73240, see apollo 17 coarse fines (4-10mm) catalog",True,16,16,False,,True,False,False,False
73245,Apollo 17,Breccia,Impact Melt,1.6,81.56,3,,"crystalline, fine-grained, clast poor",True,2,2,False,,True,False,False,False
73250,Apollo 17,Soil,Unsieved,15.25,83.41,3,,,False,0,0,False,,False,False,False,False
73255,Apollo 17,Breccia,Impact Melt,394.1,81.554,3,,"aphanitic, clast rich, polymict",True,114,114,True,https://curator.jsc.nasa.gov/lunar/lsc/73255.pdf,True,False,False,False
73260,Apollo 17,Soil,Unsieved,103.5,99.0,3,,"Fines, Unsieved",False,0,0,False,,False,False,False,False
73261,Apollo 17,Soil,<1 mm,194.8,93.695,3,,"Fines, < 1MM",False,0,0,False,,True,False,False,False
73262,Apollo 17,Soil,1-2 mm,12.01,95.84,3,,"Fines, 1-2MM",False,0,0,False,,False,False,False,False
73263,Apollo 17,Soil,2-4 mm,9.47,85.533,3,,"Fines, 2-4MM",False,0,0,False,,True,False,False,False
73264,Apollo 17,Soil,4-10 mm,6.45,94.57,3,,"25 fragments from 73260, see apollo 17 coarse fines (4-10mm) catalog",True,6,6,False,,False,False,False,False
73270,Apollo 17,Soil,Unsieved,22.43,90.37,3,,,False,0,0,False,,False,False,False,False
73275,Apollo 17,Breccia,Impact Melt,429.6,90.392,3,,"micropoikilitic, clast poor",True,14,14,True,https://curator.jsc.nasa.gov/lunar/lsc/73275.pdf,True,False,False,False
73280,Apollo 17,Soil,Unsieved,53.54,99.38,3,,"Fines, Unsieved",False,0,0,False,,False,False,False,False
73281,Apollo 17,Soil,<1 mm,95.75,91.786,3,,"Fines, < 1MM",False,0,0,False,,True,False,False,False
73282,Apollo 17,Soil,1-2 mm,5.38,95.17,3,,"Fines, 1-2MM",False,0,0,False,,False,False,False,False
73283,Apollo 17,Soil,2-4 mm,4.74,100.0,3,,"Fines, 2-4MM",False,0,0,False,,False,False,False,False
73284,Apollo 17,Soil,4-10 mm,7.14,94.68,3,,"25 fragments from 73280, see apollo 17 coarse fines (4-10mm) catalog",True,7,7,False,,False,False,False,False
73285,Apollo 17,Breccia,Regolith,2.6,100.0,3,,glass-coated polymict breccia,True,2,2,False,,False,False,False,False
74001,Apollo 17,Core,Unsieved,1072.0,74.722,4,SHORTY CRATER,,True,5,5,False,,True,False,False,False
74002,Apollo 17,Core,Unsieved,909.6,74.547,4,SHORTY CRATER,,False,0,0,True,https://curator.jsc.nasa.gov/lunar/lsc/74002.pdf,True,False,False,False
74010,Apollo 17,Soil,Unsieved,22.52,37.83,4,,,False,0,0,False,,False,False,False,False
74110,Apollo 17,Soil,Unsieved,92.12,97.11,3,LRV-5,"Fines, Unsieved",False,0,0,False,,False,False,False,False
74111,Apollo 17,Soil,<1 mm,116.8,98.861,3,LRV-5,"Fines, < 1MM",False,0,0,True,https://curator.jsc.nasa.gov/lunar/lsc/74111.pdf,False,False,False,False
74112,Apollo 17,Soil,1-2 mm,11.12,100.0,3,LRV-5,"Fines, 1-2MM",False,0,0,False,,False,False,False,False
74113,Apollo 17,Soil,2-4 mm,12.11,100.0,3,LRV-5,"Fines, 2-4MM",False,0,0,False,,False,False,False,False
74114,Apollo 17,Soil,4-10 mm,13.26,56.85,3,LRV-5,"30 fragments from 73410, see apollo 17 coarse fines (4-10mm) catalog",True,3,3,False,,True,False,False,False
74115,Apollo 17,Breccia,Regolith,15.36,81.81,3,LRV-5,"light gray, friable, unstudied",False,0,0,True,https://curator.jsc.nasa.gov/lunar/lsc/74115.pdf,True,False,False,False
74116,Apollo 17,Breccia,Regolith,12.68,89.109,3,LRV-5,"light gray, friable, unstudied",False,0,0,False,,True,False,False,False
74117,Apollo 17,Breccia,Regolith,3.69,80.054,3,LRV-5,"light gray, friable, unstudied",False,0,0,False,,True,False,False,False
74118,Apollo 17,Breccia,Regolith,3.59,60.446,3,LRV-5,"light gray, friable, unstudied",False,0,0,False,,True,False,False,False
74119,Apollo 17,Breccia,Regolith,1.79,100.0,3,LRV-5,"light gray, friable, unstudied",False,0,0,False,,False,False,False,False
74120,Apollo 17,Soil,Unsieved,124.1,100.2,3,LRV-6,"Fines, Unsieved",False,0,0,False,,False,False,False,False
74121,Apollo 17,Soil,<1 mm,252.0,92.46,3,LRV-6,"Fines, < 1MM",False,0,0,True,https://curator.jsc.nasa.gov/lunar/lsc/74121.pdf,True,False,False,False
74122,Apollo 17,Soil,1-2 mm,6.65,96.241,3,LRV-6,"Fines, 1-2MM",False,0,0,False,,True,False,False,False
74123,Apollo 17,Soil,2-4 mm,2.73,100.0,3,LRV-6,"Fines, 2-4MM",False,0,0,False,,False,False,False,False
74124,Apollo 17,Soil,4-10 mm,0.39,100.0,3,LRV-6,"3 fragments from 74120, see apollo 17 coarse fines (4-10mm) catalog",True,3,3,False,,False,False,False,False
74220,Apollo 17,Soil,Unsieved,1171.0,85.895,4,SHORTY CRATER,"Fines, Unsieved",True,9,9,True,https://curator.jsc.nasa.gov/lunar/lsc/74220.pdf,True,False,False,False
74221,Apollo 17,Soil,<1 mm,7.77,78.404,4,SHORTY CRATER,"Fines, < 1MM",False,0,0,False,,False,False,False,False
74222,Apollo 17,Soil,1-2 mm,0.08,100.0,4,SHORTY CRATER,"Fines, 1-2MM",False,0,0,False,,False,False,False,False
74223,Apollo 17,Soil,2-4 mm,0.17,100.0,4,SHORTY CRATER,"Fines, 2-4MM",False,0,0,False,,False,False,False,False
74224,Apollo 17,Soil,4-10 mm,0.98,100.0,4,SHORTY CRATER,"70 fragments from 74240, see apollo 17 coarse fines (4-10mm) catalog",False,0,0,False,,False,False,False,False
74230,Apollo 17,Soil,Unsieved,0.7,88.57,4,SHORTY CRATER,,False,0,0,False,,False,False,False,False
74235,Apollo 17,Basalt,Ilmenite,59.04,75.698,4,,"A, very fine-grained, olivine microporphyritic, dendritic matrix",True,10,10,True,https://curator.jsc.nasa.gov/lunar/lsc/74235.pdf,True,False,False,False
74240,Apollo 17,Soil,Unsieved,544.9,93.761,4,SHORTY CRATER,"Fines, Unsieved",False,0,0,False,,True,False,False,False
74241,Apollo 17,Soil,<1 mm,307.3,81.209,4,SHORTY CRATER,"Fines, < 1MM",False,0,0,True,https://curator.jsc.nasa.gov/lunar/lsc/74241.pdf,True,False,False,False
74242,Apollo 17,Soil,1-2 mm,22.5,90.618,4,SHORTY CRATER,"Fines, 1-2MM",False,0,0,False,,True,False,False,False
74243,Apollo 17,Soil,2-4 mm,27.67,92.808,4,SHORTY CRATER,"Fines, 2-4MM",False,0,0,False,,True,False,False,False
74244,Apollo 17,Soil,4-10 mm,21.95,96.96,4,SHORTY CRATER,"Fines, 4-10mm",True,7,7,False,,False,False,False,False
74245,Apollo 17,Basalt,Ilmenite,64.34,92.566,4,,"C, fine-grained, olivine microporphyritic, large vesicles, aphanitic matrix",True,4,4,True,https://curator.jsc.nasa.gov/lunar/lsc/74245.pdf,True,False,False,False
74246,Apollo 17,Breccia,Regolith,28.81,80.75,4,SHORTY CRATER,"clod, friable, basalt clasts",True,4,4,True,https://curator.jsc.nasa.gov/lunar/lsc/74246.pdf,True,False,False,False
74247,Apollo 17,Basalt,Ilmenite,7.761,86.78,4,,"C, fine-grained, olivine microporphyritic",True,4,4,False,,True,False,False,False
74248,Apollo 17,Basalt,Ilmenite,5.682,91.693,4,,"A, very fine-grained, olivine microporphyritic, vuggy",True,4,4,False,,True,False,False,False
74249,Apollo 17,Basalt,Ilmenite,4.183,94.741,4,,"A, very fine-grained, olivine microporphyritic, vesicular",True,4,4,False,,True,False,False,False
74250,Apollo 17,Soil,Unsieved,22.56,86.13,4,SHORTY CRATER,,False,0,0,True,https://curator.jsc.nasa.gov/lunar/lsc/74250.pdf,False,False,False,False
74255,Apollo 17,Basalt,Ilmenite,737.3,58.224,4,,"C, medium-grained, intergranular, radiate, vuggy",True,65,65,True,https://curator.jsc.nasa.gov/lunar/lsc/74255.pdf,True,False,True,False
74260,Apollo 17,Soil,Unsieved,367.97,96.692,4,SHORTY CRATER,"Fines, Unsieved",False,0,0,False,,True,False,False,False
74261,Apollo 17,Soil,<1 mm,111.992,85.419,4,SHORTY CRATER,"Fines, < 1MM",False,0,0,False,,True,False,False,False
74262,Apollo 17,Soil,1-2 mm,5.667,95.588,4,SHORTY CRATER,"Fines, 1-2MM",False,0,0,False,,True,False,False,False
74263,Apollo 17,Soil,2-4 mm,4.757,100.0,4,SHORTY CRATER,"Fines, 2-4MM",False,0,0,False,,False,False,False,False
74264,Apollo 17,Soil,4-10 mm,7.992,100.0,4,SHORTY CRATER,"Fines, 4-10mm",False,0,0,False,,False,False,False,False
74265,Apollo 17,Basalt,Unclassified,28.322,100.0,,,,False,0,0,False,,False,False,False,False
74270,Apollo 17,Soil,Unsieved,9.61,47.14,4,SHORTY CRATER,,False,0,0,False,,False,False,False,False
74275,Apollo 17,Basalt,Ilmenite,1493.0,85.987,4,,"C, fine-grained, olivine microporphyritic, vugs and vesicles",True,50,50,True,https://curator.jsc.nasa.gov/lunar/lsc/74275.pdf,True,False,False,False
74285,Apollo 17,Basalt,Ilmenite,2.212,70.931,4,,"C, fine-grained, olivine microporphyritic, radiate, vuggy",True,4,4,False,,True,False,False,False
74286,Apollo 17,Basalt,Ilmenite,2.102,56.18,4,,"A, fine-grained, pyroxene microporphyritic, radiate",True,4,4,False,,True,False,False,False
74287,Apollo 17,Basalt,Ilmenite,1.568,58.163,4,,"C, fine-grained, olivine microporphyritic, radiate, vuggy",True,4,4,False,,True,False,False,False
75010,Apollo 17,Soil,Unsieved,9.25,87.68,5,,,False,0,0,False,,False,False,False,False
75015,Apollo 17,Basalt,Ilmenite,1006.0,59.884,5,,"A, medium-grained, ophitic, vuggy",True,71,71,True,https://curator.jsc.nasa.gov/lunar/lsc/75015.pdf,True,False,True,False
75030,Apollo 17,Soil,Unsieved,2.63,90.87,5,,,False,0,0,False,,False,False,False,False
75035,Apollo 17,Basalt,Ilmenite,1235.0,90.29,5,,"unclassified, fine to medium-grained, subophitic, vuggy",True,53,53,True,https://curator.jsc.nasa.gov/lunar/lsc/75035.pdf,True,False,False,False
75050,Apollo 17,Soil,Unsieved,2.5,0.0,5,,,False,0,0,False,,False,False,False,False
75055,Apollo 17,Basalt,Ilmenite,949.4,91.144,5,,"A, fine to medium-grained, intergranular to subophitic, vuggy",True,26,26,True,https://curator.jsc.nasa.gov/lunar/lsc/75055.pdf,True,False,False,False
75060,Apollo 17,Soil,Unsieved,0.527,75.9,5,CAMELOT CRATER,,False,0,0,False,,False,False,False,False
75061,Apollo 17,Soil,<1 mm,157.9,89.778,5,CAMELOT CRATER,"Fines, < 1MM",False,0,0,True,https://curator.jsc.nasa.gov/lunar/lsc/75061.pdf,True,False,False,False
75062,Apollo 17,Soil,1-2 mm,8.52,93.181,5,CAMELOT CRATER,"Fines, 1-2MM",False,0,0,False,,False,False,False,False
75063,Apollo 17,Soil,2-4 mm,6.28,95.06,5,CAMELOT CRATER,"Fines, 2-4MM",False,0,0,False,,False,False,False,False
75064,Apollo 17,Soil,4-10 mm,11.63,98.68,5,CAMELOT CRATER,"34 fragments from 75060, see apollo 17 coarse fines (4-10mm) catalog",True,3,3,False,,False,False,False,False
75065,Apollo 17,Basalt,Ilmenite,1.263,18.21,5,,"A, fine to medium-grained, plagioclase poikilitic, vuggy",True,4,4,False,,True,False,False,False
75066,Apollo 17,Breccia,Regolith,0.98,74.49,5,,"glass rich, unstudied",True,4,4,False,,False,False,False,False
75070,Apollo 17,Soil,Unsieved,7.26,59.5,5,,,False,0,0,False,,False,False,False,False
75075,Apollo 17,Basalt,Ilmenite,1008.0,88.963,5,,"B1, medium-grained, intergranular to subophitic, radiate, vuggy",True,53,53,True,https://curator.jsc.nasa.gov/lunar/lsc/75075.pdf,True,False,False,False
75080,Apollo 17,Soil,Unsieved,524.2,92.507,5,CAMELOT CRATER,"Fines, Unsieved",False,0,0,False,,False,False,False,False
75081,Apollo 17,Soil,<1 mm,932.4,74.59,5,CAMELOT CRATER,"Fines, < 1MM",True,4,4,True,https://curator.jsc.nasa.gov/lunar/lsc/75081.pdf,True,False,False,False
75082,Apollo 17,Soil,1-2 mm,38.92,88.083,5,CAMELOT CRATER,"Fines, 1-2MM",False,0,0,False,,True,False,False,False
75083,Apollo 17,Soil,2-4 mm,30.88,81.801,5,CAMELOT CRATER,"Fines, 2-4MM",False,0,0,False,,True,False,False,False
75084,Apollo 17,Soil,4-10 mm,23.31,96.68,5,CAMELOT CRATER,"81 fragments from 75080, see apollo 17 coarse fines (4-10mm) catalog",True,8,8,False,,True,False,False,False
75085,Apollo 17,Basalt,Ilmenite,4.298,91.671,5,,"U?, medium-grained, intergranular to subophitic, vuggy",True,4,4,True,https://curator.jsc.nasa.gov/lunar/lsc/75085.pdf,True,False,False,False
75086,Apollo 17,Basalt,Ilmenite,2.323,62.29,5,,"A, medium-grained, plagioclase poikilitic, vuggy",True,4,4,False,,True,False,False,False
75087,Apollo 17,Basalt,Ilmenite,2.321,60.53,5,,"A, medium-grained, subophitic, plagioclase poikilitic, vuggy glass coated",True,4,4,False,,True,False,False,False
75088,Apollo 17,Basalt,Ilmenite,1.992,88.956,5,,"unclassified, fine-grained, olivine microporphyritic, radiate",True,4,4,False,,True,False,False,False
75089,Apollo 17,Basalt,Ilmenite,1.718,84.983,5,,"unclassified, fine-grained, intergranular, radiate",True,4,4,False,,True,False,False,False
75110,Apollo 17,Soil,Unsieved,122.5,98.47,5,VICTORY CRATER,"Fines, Unsieved",False,0,0,False,,False,False,False,False
75111,Apollo 17,Soil,<1 mm,235.0,97.23,5,VICTORY CRATER,"Fines, < 1MM",False,0,0,True,https://curator.jsc.nasa.gov/lunar/lsc/75111.pdf,True,False,False,False
75112,Apollo 17,Soil,1-2 mm,10.2,97.55,5,VICTORY CRATER,"Fines, 1-2MM",False,0,0,False,,False,False,False,False
75113,Apollo 17,Soil,2-4 mm,6.76,100.0,5,VICTORY CRATER,"Fines, 2-4MM",False,0,0,False,,False,False,False,False
75114,Apollo 17,Soil,4-10 mm,6.87,98.4,5,VICTORY CRATER,"28 fragments from 75110, see apollo 17 coarse fines (4-10mm) catalog",True,6,6,False,,False,False,False,False
75115,Apollo 17,Basalt,Ilmenite,2.6,90.0,5,,"C, fine-grained, intergranular, radiate, vuggy",True,2,2,False,,True,False,False,False
75120,Apollo 17,Soil,Unsieved,126.6,96.84,5,HORATIO CRATER,"Fines, Unsieved",False,0,0,False,,False,False,False,False
75121,Apollo 17,Soil,<1 mm,240.3,96.354,5,HORATIO CRATER,"Fines, < 1MM",False,0,0,True,https://curator.jsc.nasa.gov/lunar/lsc/75121.pdf,True,False,False,False
75122,Apollo 17,Soil,1-2 mm,5.208,86.56,5,HORATIO CRATER,"Fines, 1-2MM",False,0,0,False,,False,False,False,False
75123,Apollo 17,Soil,2-4 mm,2.147,100.0,5,HORATIO CRATER,"Fines, 2-4MM",False,0,0,False,,False,False,False,False
75124,Apollo 17,Soil,4-10 mm,0.956,100.0,5,HORATIO CRATER,"basalt fragments from 75120, not in apollo 17 coarse fines catalog",True,2,2,False,,False,False,False,False
76001,Apollo 17,Core,Unsieved,711.6,76.861,6,NORTH MASSIF,,False,0,0,True,https://curator.jsc.nasa.gov/lunar/lsc/76001.pdf,True,False,False,False
76010,Apollo 17,Soil,Unsieved,20.31,0.0,6,EVA-3,,False,0,0,False,,False,False,False,False
76015,Apollo 17,Breccia,Impact Melt,2819.0,83.002,6,Boulder 6,"impact melt, vesicular, micropoikilitic, clast poor",True,101,101,True,https://curator.jsc.nasa.gov/lunar/lsc/76015.pdf,True,False,True,False
76030,Apollo 17,Soil,Unsieved,16.06,80.95,6,,,False,0,0,False,,False,False,False,False
76031,Apollo 17,Soil,<1 mm,152.6,99.598,6,,"Fines, < 1MM",False,0,0,True,https://curator.jsc.nasa.gov/lunar/lsc/76031.pdf,True,False,False,False
76032,Apollo 17,Soil,1-2 mm,5.71,100.0,6,,"Fines, 1-2MM",False,0,0,False,,False,False,False,False
76033,Apollo 17,Soil,2-4 mm,4.58,100.0,6,,"Fines, 2-4MM",False,0,0,False,,False,False,False,False
76034,Apollo 17,Soil,4-10 mm,2.01,77.612,6,,"12 fragments from 76030, see apollo 17 coarse fines (4-10mm) catalog",True,8,8,False,,True,False,False,False
76035,Apollo 17,Breccia,Impact Melt,376.2,98.561,6,,"aphanitic, clast rich, polymict",True,25,25,True,https://curator.jsc.nasa.gov/lunar/lsc/76035.pdf,True,False,False,False
76036,Apollo 17,Breccia,Impact Melt,3.95,100.0,6,,"aphanitic, clast rich, polymict",True,2,2,False,,False,False,False,False
76037,Apollo 17,Basalt,Ilmenite,2.52,88.29,6,,"B1, medium-grained, intergranular to subophitic, radiate, vuggy",True,2,2,False,,True,False,False,False
76055,Apollo 17,Breccia,Impact Melt,6412.0,95.426,6,,"aphanitic, clast medium, polymict",True,57,57,True,https://curator.jsc.nasa.gov/lunar/lsc/76055.pdf,True,False,True,False
76120,Apollo 17,Soil,Unsieved,107.0,99.63,6,LRV-9,"Fines, Unsieved",False,0,0,False,,False,False,False,False
76121,Apollo 17,Soil,<1 mm,188.1,99.111,6,LRV-9,"Fines, < 1MM",False,0,0,True,https://curator.jsc.nasa.gov/lunar/lsc/76121.pdf,False,False,False,False
76122,Apollo 17,Soil,1-2 mm,4.72,100.0,6,LRV-9,"Fines, 1-2MM",False,0,0,False,,False,False,False,False
76123,Apollo 17,Soil,2-4 mm,2.49,100.0,6,LRV-9,"Fines, 2-4MM",False,0,0,False,,False,False,False,False
76124,Apollo 17,Soil,4-10 mm,1.61,79.503,6,LRV-9,"19 fragments from 76120, see apollo 17 coarse fines (4-10mm) catalog",True,3,3,False,,False,False,False,False
76130,Apollo 17,Soil,Unsieved,19.57,83.85,6,LRV-10,,False,0,0,False,,False,False,False,False
76131,Apollo 17,Soil,<1 mm,146.1,98.9,6,LRV-10,"Fines, < 1MM",False,0,0,True,https://curator.jsc.nasa.gov/lunar/lsc/76131.pdf,True,False,False,False
76132,Apollo 17,Soil,1-2 mm,6.79,100.0,6,LRV-10,"Fines, 1-2MM",False,0,0,False,,False,False,False,False
76133,Apollo 17,Soil,2-4 mm,5.21,100.0,6,LRV-10,"Fines, 2-4MM",False,0,0,False,,False,False,False,False
76134,Apollo 17,Soil,4-10 mm,3.1,93.419,6,LRV-10,"13 fragments from 76130, see apollo 17 coarse fines (4-10mm) catalog",True,5,5,False,,True,False,False,False
76135,Apollo 17,Breccia,Impact Melt,133.5,95.41,6,LRV-10,"poikilitic, vesicular, clast medium, polymict",True,42,42,True,https://curator.jsc.nasa.gov/lunar/lsc/76135.pdf,True,False,False,False
76136,Apollo 17,Basalt,Ilmenite,86.6,97.969,6,LRV-10,"A, fine-grained, intergranular, radiate, vuggy",True,38,38,True,https://curator.jsc.nasa.gov/lunar/lsc/76136.pdf,True,False,False,False
76137,Apollo 17,Breccia,Impact Melt,2.96,88.13,6,LRV-10,"poikilitic, vesicular, clast poor, polymict",True,2,2,False,,True,False,False,False
76210,Apollo 17,Soil,Unsieved,2.74,34.67,6,,,False,0,0,False,,False,False,False,False
76215,Apollo 17,Breccia,Impact Melt,643.9,92.508,6,Boulder 6,"micropoikilitic, vesicular, clast poor",True,59,59,True,https://curator.jsc.nasa.gov/lunar/lsc/76215.pdf,True,False,False,False
76220,Apollo 17,Soil,Unsieved,196.7,99.64,6,NORTH MASSIF,"Fines, Unsieved",False,0,0,False,,False,False,False,False
76221,Apollo 17,Soil,<1 mm,390.4,99.525,6,,"Fines, < 1MM",False,0,0,True,https://curator.jsc.nasa.gov/lunar/lsc/76221.pdf,False,False,False,False
76222,Apollo 17,Soil,1-2 mm,13.65,98.16,6,,"Fines, 1-2MM",False,0,0,False,,False,False,False,False
76223,Apollo 17,Soil,2-4 mm,8.26,100.0,6,,"Fines, 2-4MM",False,0,0,False,,False,False,False,False
76224,Apollo 17,Soil,4-10 mm,3.83,74.125,6,,"23 fragments from 76220, see apollo 17 coarse fines (4-10mm) catalog",True,6,6,False,,True,False,False,False
76230,Apollo 17,Soil,Unsieved,6.63,70.98,6,,,True,3,3,False,,True,False,False,False
76235,Apollo 17,Crustal,Cataclasite,26.56,60.358,6,Boulder 6,"feldspathic, granulitic, impactite, granulitic, clast poor",True,44,44,True,https://curator.jsc.nasa.gov/lunar/lsc/76235.pdf,True,False,False,False
76236,Apollo 17,Breccia,Impact Melt,19.18,100.0,6,,piece of 76235 feldspathic granulite,True,6,6,False,,False,False,False,False
76237,Apollo 17,Breccia,Impact Melt,10.31,99.282,6,,piece of 76235 feldspathic granulite,True,4,4,False,,False,False,False,False
76238,Apollo 17,Breccia,Impact Melt,8.21,100.0,6,,piece of 76235 feldspathic granulite,True,4,4,False,,False,False,False,False
76239,Apollo 17,Breccia,Impact Melt,6.23,100.0,6,,piece of 76235 feldspathic granulite,True,2,2,False,,False,False,False,False
76240,Apollo 17,Soil,Unsieved,450.7,97.628,6,NORTH MASSIF,"Fines, Unsieved",False,0,0,True,https://curator.jsc.nasa.gov/lunar/lsc/76240.pdf,False,False,False,False
76241,Apollo 17,Soil,<1 mm,21.14,53.661,6,,"Fines, < 1MM",False,0,0,False,,True,False,False,False
76242,Apollo 17,Soil,1-2 mm,1.2,90.833,6,,"Fines, 1-2MM",False,0,0,False,,False,False,False,False
76243,Apollo 17,Soil,2-4 mm,1.23,100.0,6,,"Fines, 2-4MM",False,0,0,False,,False,False,False,False
76244,Apollo 17,Soil,4-10 mm,1.53,96.73,6,,"5 fragments from 76240, see apollo 17 coarse fines (4-10mm) catalog",True,3,3,False,,False,False,False,False
76245,Apollo 17,Breccia,Impact Melt,8.24,100.0,6,,"crystalline, fine-grained, vesicular",True,2,2,True,https://curator.jsc.nasa.gov/lunar/lsc/76245.pdf,False,False,False,False
76246,Apollo 17,Breccia,Impact Melt,6.5,100.0,6,,"crystalline, fine-grained, vesicular",True,2,2,False,,False,False,False,False
76250,Apollo 17,Soil,Unsieved,4.63,63.715,6,,,False,0,0,False,,True,False,False,False
76255,Apollo 17,Breccia,Impact Melt,406.6,88.945,6,Boulder 6,"fine-grained, banded, clast rich, polymict",True,49,49,True,https://curator.jsc.nasa.gov/lunar/lsc/76255.pdf,True,False,False,False
76260,Apollo 17,Soil,Unsieved,96.6,93.666,6,NORTH MASSIF,"Fines, Unsieved",False,0,0,False,,False,False,False,False
76261,Apollo 17,Soil,<1 mm,170.7,83.728,6,,"Fines, < 1MM",False,0,0,False,,True,False,False,False
76262,Apollo 17,Soil,1-2 mm,8.55,100.0,6,,"Fines, 1-2MM",False,0,0,False,,False,False,False,False
76263,Apollo 17,Soil,2-4 mm,6.57,100.0,6,,"Fines, 2-4MM",False,0,0,False,,False,False,False,False
76264,Apollo 17,Soil,4-10 mm,8.76,91.27,6,,40 fragments from 76260 see a-17 coarse fines (4-10mm) catalog p.113,True,6,6,False,,True,False,False,False
76265,Apollo 17,Breccia,Impact Melt,1.75,100.0,6,,"crystalline, fine-grained, vesicular",True,2,2,False,,False,False,False,False
76270,Apollo 17,Soil,Unsieved,0.46,67.39,6,,,False,0,0,False,,False,False,False,False
76275,Apollo 17,Breccia,Impact Melt,55.93,92.748,6,Boulder 6,"poikilitic to subophitic, clast poor",True,46,46,True,https://curator.jsc.nasa.gov/lunar/lsc/76275.pdf,True,False,False,False
76280,Apollo 17,Soil,Unsieved,153.0,98.66,6,NORTH MASSIF,"Fines, Unsieved",False,0,0,False,,False,False,False,False
76281,Apollo 17,Soil,<1 mm,251.8,96.197,6,,"Fines, < 1MM",False,0,0,False,,True,False,False,False
76282,Apollo 17,Soil,1-2 mm,14.27,94.74,6,,"Fines, 1-2MM",False,0,0,False,,False,False,False,False
76283,Apollo 17,Soil,2-4 mm,12.71,56.71,6,,"Fines, 2-4MM",False,0,0,False,,False,False,False,False
76284,Apollo 17,Soil,4-10 mm,10.69,99.44,6,,"fragments from 76280, see a-17 coarse fines (4-10mm) catalog p. 115",True,14,14,False,,False,False,False,False
76285,Apollo 17,Breccia,Impact Melt,2.208,100.0,6,,"impact melt glass, dark matrix clasts, unstudied",True,2,2,False,,False,False,False,False
76286,Apollo 17,Breccia,Impact Melt,1.704,83.333,6,,"poikilitic, fine-grained, vesicular",True,2,2,False,,True,False,False,False
76290,Apollo 17,Soil,Unsieved,9.65,80.93,6,,,False,0,0,False,,False,False,False,False
76295,Apollo 17,Breccia,Impact Melt,260.7,91.586,6,Boulder 6,"aphanitic, banded, clast rich, polymict",True,43,43,True,https://curator.jsc.nasa.gov/lunar/lsc/76295.pdf,True,False,False,False
76305,Apollo 17,Breccia,Impact Melt,4.01,100.0,6,Boulder 6,piece of 76235 feldspathic granulite,True,2,2,False,,False,False,False,False
76306,Apollo 17,Breccia,Impact Melt,4.25,100.0,6,Boulder 6,piece of 76235 feldspathic granulite,True,2,2,False,,False,False,False,False
76307,Apollo 17,Breccia,Impact Melt,2.49,0.0,6,Boulder 6,piece of 76235 feldspathic granulite,True,2,2,False,,False,False,False,False
76310,Apollo 17,Soil,Unsieved,25.39,85.19,6,,,False,0,0,False,,False,False,False,False
76315,Apollo 17,Breccia,Impact Melt,671.1,91.209,6,,"micropoikilitic, clast rich, polymict",True,55,55,True,https://curator.jsc.nasa.gov/lunar/lsc/76315.pdf,True,False,False,False
76320,Apollo 17,Soil,Unsieved,260.3,99.96,6,NORTH MASSIF,"Fines, Unsieved",False,0,0,False,,False,False,False,False
76321,Apollo 17,Soil,<1 mm,502.7,94.067,6,,"Fines, < 1MM",False,0,0,True,https://curator.jsc.nasa.gov/lunar/lsc/76321.pdf,True,False,False,False
76322,Apollo 17,Soil,1-2 mm,23.1,96.71,6,,"Fines, 1-2MM",False,0,0,False,,True,False,False,False
76323,Apollo 17,Soil,2-4 mm,15.84,96.78,6,,"Fines, 2-4MM",False,0,0,False,,True,False,False,False
76324,Apollo 17,Soil,4-10 mm,11.8,95.407,6,,"63 fragments from 76320, see a-17 coarse fines (4-10mm) catalog p. 116",True,11,11,False,,True,False,False,False
76330,Apollo 17,Soil,Unsieved,306.1,97.85,6,,,True,3,3,True,https://curator.jsc.nasa.gov/lunar/lsc/76330.pdf,False,False,False,False
76335,Apollo 17,Crustal,Cataclasite,502.89,97.139,6,BSLSS,"pristine, cataclastic, troctolite",True,2,2,True,https://curator.jsc.nasa.gov/lunar/lsc/76335.pdf,True,False,False,False
76500,Apollo 17,Soil,Unsieved,345.2,99.68,6,NORTH MASSIF,"Fines, Unsieved",False,0,0,False,,False,False,False,False
76501,Apollo 17,Soil,<1 mm,630.7,87.251,6,,"Fines, < 1MM",True,3,3,True,https://curator.jsc.nasa.gov/lunar/lsc/76501.pdf,True,False,False,False
76502,Apollo 17,Soil,1-2 mm,22.76,90.641,6,,"Fines, 1-2MM",False,0,0,False,,True,False,False,False
76503,Apollo 17,Soil,2-4 mm,10.09,29.732,6,,"Fines, 2-4MM",False,0,0,False,,True,False,False,False
76504,Apollo 17,Soil,4-10 mm,10.72,81.073,6,,"3 fragments from 76500, see a-17 coarse fines (4-10mm) catalog p. 136",True,10,10,False,,True,False,False,False
76505,Apollo 17,Breccia,Impact Melt,4.69,93.177,6,,"very fine-grained, micropoikilitic",True,3,3,False,,True,False,False,False
76506,Apollo 17,Breccia,Regolith,2.81,89.324,6,,"dark matrix, basalt clast rich",True,3,3,False,,True,False,False,False
76530,Apollo 17,Soil,Unsieved,70.27,92.13,6,,,False,0,0,False,,False,False,False,False
76535,Apollo 17,Crustal,Troctolite,155.5,47.892,6,,"troctolite, pristine, unshocked",True,58,58,True,https://curator.jsc.nasa.gov/lunar/lsc/76535.pdf,True,True,False,False
76536,Apollo 17,Crustal,Cataclasite,10.26,93.158,6,,"troctolite, crushed 76535",True,11,11,True,https://curator.jsc.nasa.gov/lunar/lsc/76536.pdf,True,False,False,False
76537,Apollo 17,Basalt,Ilmenite,26.48,97.13,6,,"B, fine-grained, intergranular, radiate, vuggy",True,6,6,True,https://curator.jsc.nasa.gov/lunar/lsc/76537.pdf,True,False,False,False
76538,Apollo 17,Basalt,Ilmenite,5.87,92.164,6,,"unclassified, medium-grained, intergranular to subophitic",True,1,1,False,,True,False,False,False
76539,Apollo 17,Basalt,Ilmenite,14.8,93.703,6,,"B, vitrophyre, olivine microporphyritic",True,1,1,True,https://curator.jsc.nasa.gov/lunar/lsc/76539.pdf,True,False,False,False
76545,Apollo 17,Breccia,Regolith,51.21,98.567,6,,"clast rich, dark matrix",True,1,1,True,https://curator.jsc.nasa.gov/lunar/lsc/76545.pdf,True,False,False,False
76546,Apollo 17,Breccia,Regolith,0.0,0.0,6,,see 76545,True,1,1,False,,False,False,False,False
76547,Apollo 17,Breccia,Regolith,0.0,0.0,6,,see 76545,True,1,1,False,,False,False,False,False
76548,Apollo 17,Breccia,Regolith,2.527,87.85,6,,"clast rich, dark glass rich matrix",True,1,1,False,,True,False,False,False
76549,Apollo 17,Breccia,Regolith,0.0,0.0,6,,see 76545,True,1,1,False,,False,False,False,False
76555,Apollo 17,Breccia,Impact Melt,8.435,96.384,6,,"fine-grained, micropoikilitic, vesicular, clast poor",True,1,1,False,,True,False,False,False
76556,Apollo 17,Breccia,Impact Melt,7.396,95.944,6,,"fine-grained, micropoikilitic, vesicular, clast poor",True,1,1,False,,True,False,False,False
76557,Apollo 17,Breccia,Impact Melt,5.592,94.814,6,,"fine-grained, micropoikilitic, vesicular, clast rich",True,1,1,False,,True,False,False,False
76558,Apollo 17,Breccia,Impact Melt,0.683,100.0,6,,"fine-grained, crystalline, clast poor, attached regolith breccia",True,1,1,False,,False,False,False,False
76559,Apollo 17,Breccia,Impact Melt,0.747,86.613,6,,"fine-grained, micropoikilitic, vesicular, clast poor, glass-coated",True,1,1,False,,True,False,False,False
76565,Apollo 17,Breccia,Regolith,11.6,87.009,6,,"clast rich, dark glass rich matrix",True,2,2,True,https://curator.jsc.nasa.gov/lunar/lsc/76565.pdf,True,False,False,False
76566,Apollo 17,Breccia,Regolith,2.639,100.0,6,,"clast rich, dark glass rich matrix, unstudied",True,2,2,False,,False,False,False,False
76567,Apollo 17,Breccia,Regolith,5.49,96.539,6,,"clast rich, light matrix",True,2,2,False,,True,False,False,False
76568,Apollo 17,Basalt,Ilmenite,9.477,92.27,6,,"unclassified, fine-grained, intersertal, radiate, vuggy",True,2,2,False,,True,False,False,False
76569,Apollo 17,Breccia,Impact Melt,4.207,93.653,6,,"crystalline, fine-grained, vesicular, clast poor",True,2,2,False,,True,False,False,False
76575,Apollo 17,Breccia,Impact Melt,16.25,89.163,6,,"feldspathic, clast rich",True,2,2,True,https://curator.jsc.nasa.gov/lunar/lsc/76575.pdf,True,False,False,False
76576,Apollo 17,Breccia,Impact Melt,5.327,92.735,6,,"micropoikilitic, clast poor",True,2,2,False,,True,False,False,False
76577,Apollo 17,Breccia,Impact Melt,13.54,98.154,6,,"poikilitic, vesicular, feldspar clasts",True,2,2,True,https://curator.jsc.nasa.gov/lunar/lsc/76577.pdf,True,False,False,False
77010,Apollo 17,Soil,Unsieved,93.65,86.97,7,EVA-3,,False,0,0,False,,False,False,False,False
77017,Apollo 17,Crustal,Cataclasite,1730.0,93.135,7,,poikilitic anorthositic gabbro,True,59,59,True,https://curator.jsc.nasa.gov/lunar/lsc/77017.pdf,True,False,False,False
77035,Apollo 17,Breccia,Impact Melt,5727.0,92.034,7,,"micropoikilitic, clast poor",True,72,72,True,https://curator.jsc.nasa.gov/lunar/lsc/77035.pdf,True,False,True,False
77070,Apollo 17,Soil,Unsieved,9.28,97.41,7,,,False,0,0,False,,False,False,False,False
77075,Apollo 17,Breccia,Impact Melt,172.4,89.278,7,,"micropoikilitic, clast medium, polymict",True,35,35,True,https://curator.jsc.nasa.gov/lunar/lsc/77075.pdf,True,False,False,False
77076,Apollo 17,Breccia,Impact Melt,13.97,100.0,7,,clast rich dike in cataclastic norite,True,4,4,False,,False,False,False,False
77077,Apollo 17,Crustal,Cataclasite,0.0,90.642,7,,cataclastic norite with back veinlets,True,2,2,False,,True,False,False,False
77110,Apollo 17,Soil,Unsieved,0.15,0.0,7,,,False,0,0,False,,False,False,False,False
77115,Apollo 17,Breccia,Impact Melt,115.9,78.196,7,,"micropoikilitic, clast rich, polymict",True,60,60,True,https://curator.jsc.nasa.gov/lunar/lsc/77115.pdf,True,False,False,False
77130,Apollo 17,Soil,Unsieved,1.42,68.31,7,,,False,0,0,False,,False,False,False,False
77135,Apollo 17,Breccia,Impact Melt,337.4,82.436,7,,"poikilitic vesicular, clast medium, polymict",True,40,40,True,https://curator.jsc.nasa.gov/lunar/lsc/77135.pdf,True,False,False,False
77210,Apollo 17,Soil,Unsieved,111.7,95.434,7,,,False,0,0,True,https://curator.jsc.nasa.gov/lunar/lsc/77210.pdf,False,False,False,False
77215,Apollo 17,Crustal,Cataclasite,846.4,93.034,7,,"pristine, cataclastic, norite",True,54,54,True,https://curator.jsc.nasa.gov/lunar/lsc/77215.pdf,True,False,False,False
77510,Apollo 17,Soil,Unsieved,77.57,85.73,7,NORTH MASSIF,"Fines, Unsieved",False,0,0,False,,False,False,False,False
77511,Apollo 17,Soil,<1 mm,118.1,99.289,7,NORTH MASSIF,"Fines, < 1MM",False,0,0,False,,False,False,False,False
77512,Apollo 17,Soil,1-2 mm,2.45,89.8,7,NORTH MASSIF,"Fines, 1-2MM",False,0,0,False,,False,False,False,False
77513,Apollo 17,Soil,2-4 mm,1.19,100.0,7,NORTH MASSIF,"Fines, 2-4MM",False,0,0,False,,False,False,False,False
77514,Apollo 17,Soil,4-10 mm,1.24,79.03,7,NORTH MASSIF,"3 fragments from 77510, see a-17 coarse fines (4-10mm) catalog",True,3,3,False,,True,False,False,False
77515,Apollo 17,Breccia,Impact Melt,337.6,99.185,7,,"poikilitic, clast rich",True,42,42,True,https://curator.jsc.nasa.gov/lunar/lsc/77515.pdf,True,False,False,False
77516,Apollo 17,Basalt,Ilmenite,103.7,88.851,7,,"B2, fine-grained, olivine microporphyritic, radiate, few vugs",True,43,43,True,https://curator.jsc.nasa.gov/lunar/lsc/77516.pdf,True,False,False,False
77517,Apollo 17,Breccia,Fragmental,45.6,94.912,7,,"lithic clasts: anorthosite, norite, troctolite, poorly sintered",True,40,40,True,https://curator.jsc.nasa.gov/lunar/lsc/77517.pdf,True,False,False,False
77518,Apollo 17,Breccia,Impact Melt,42.5,98.541,7,,"microgranular to micropoikilitic, clast poor",True,41,41,True,https://curator.jsc.nasa.gov/lunar/lsc/77518.pdf,True,False,False,False
77519,Apollo 17,Breccia,Impact Melt,27.4,100.0,7,,"microgranular to micropoikilitic, clast poor",True,41,41,False,,False,False,False,False
77525,Apollo 17,Breccia,Impact Melt,1.19,100.0,7,,"crystalline, fine-grained, vesicular, clast poor",True,3,3,False,,False,False,False,False
77526,Apollo 17,Breccia,Impact Melt,1.07,100.0,7,,"crystalline, fine-grained, vesicular, clast poor",True,3,3,False,,False,False,False,False
77530,Apollo 17,Soil,Unsieved,82.76,89.29,7,NORTH MASSIF,"Fines, Unsieved",False,0,0,False,,False,False,False,False
77531,Apollo 17,Soil,<1 mm,126.6,97.72,7,NORTH MASSIF,"Fines, < 1MM",False,0,0,True,https://curator.jsc.nasa.gov/lunar/lsc/77531.pdf,True,False,False,False
77532,Apollo 17,Soil,1-2 mm,3.13,100.0,7,NORTH MASSIF,"Fines, 1-2MM",False,0,0,False,,False,False,False,False
77533,Apollo 17,Soil,2-4 mm,2.51,100.0,7,NORTH MASSIF,"Fines, 2-4MM",False,0,0,False,,False,False,False,False
77534,Apollo 17,Soil,4-10 mm,4.46,97.31,7,NORTH MASSIF,"17 fragments from 77530, see a-17 coarse fines (4-10mm) catalog",True,6,6,False,,False,False,False,False
77535,Apollo 17,Basalt,Ilmenite,577.8,99.199,7,,"U, medium-grained, intergranular to subophitic, plagioclase poikilitic, vuggy",True,40,40,True,https://curator.jsc.nasa.gov/lunar/lsc/77535.pdf,True,False,False,False
77536,Apollo 17,Basalt,Ilmenite,355.3,99.431,7,,"unclassified, medium-grained, intergranular to subophitic, plagioclase poikilitic, vuggy",True,39,39,False,,True,False,False,False
77537,Apollo 17,Breccia,Impact Melt,71.7,100.0,7,,"fine-grained, clast poor",True,39,39,True,https://curator.jsc.nasa.gov/lunar/lsc/77537.pdf,False,False,False,False
77538,Apollo 17,Breccia,Fragmental,0.0,89.845,7,,"clast rich, mineral and lithic clasts, poorly sintered",True,8,8,True,https://curator.jsc.nasa.gov/lunar/lsc/77538.pdf,True,False,False,False
77539,Apollo 17,Breccia,Impact Melt,0.0,87.351,7,,"poikilitic, clast medium",True,11,11,True,https://curator.jsc.nasa.gov/lunar/lsc/77539.pdf,True,False,False,False
77545,Apollo 17,Breccia,Impact Melt,0.0,97.322,7,,"poikilitic, vesicular, clast medium",True,7,7,True,https://curator.jsc.nasa.gov/lunar/lsc/77545.pdf,True,False,False,False
78120,Apollo 17,Soil,Unsieved,75.78,98.89,8,SLUP CRATER,"Fines, Unsieved",False,0,0,False,,False,False,False,False
78121,Apollo 17,Soil,<1 mm,121.6,94.951,8,SLUP CRATER,"Fines, < 1MM",False,0,0,True,https://curator.jsc.nasa.gov/lunar/lsc/78121.pdf,True,False,False,False
78122,Apollo 17,Soil,1-2 mm,4.43,88.713,8,SLUP CRATER,"Fines, 1-2MM",False,0,0,False,,True,False,False,False
78123,Apollo 17,Soil,2-4 mm,2.49,100.0,8,SLUP CRATER,"Fines, 2-4MM",False,0,0,False,,False,False,False,False
78124,Apollo 17,Soil,4-10 mm,5.64,69.34,8,SLUP CRATER,"15 fragments from 78120, see a-17 coarse fines (4-10mm) catalog",True,4,4,False,,False,False,False,False
78130,Apollo 17,Soil,Unsieved,3.62,51.1,8,,,False,0,0,False,,False,False,False,False
78135,Apollo 17,Basalt,Ilmenite,133.9,95.839,8,,U,True,45,45,True,https://curator.jsc.nasa.gov/lunar/lsc/78135.pdf,True,False,False,False
78150,Apollo 17,Soil,Unsieved,0.65,0.0,8,,,False,0,0,False,,False,False,False,False
78155,Apollo 17,Crustal,Cataclasite,0.0,87.657,8,,"feldspathic, granulitic, impactite",True,6,6,True,https://curator.jsc.nasa.gov/lunar/lsc/78155.pdf,True,False,False,False
78220,Apollo 17,Soil,Unsieved,108.3,99.54,8,WESSEX CLEFT,"Fines, Unsieved",False,0,0,False,,False,False,False,False
78221,Apollo 17,Soil,<1 mm,227.1,92.673,8,WESSEX CLEFT,"Fines, < 1MM",True,3,3,True,https://curator.jsc.nasa.gov/lunar/lsc/78221.pdf,True,False,False,False
78222,Apollo 17,Soil,1-2 mm,5.21,82.342,8,WESSEX CLEFT,"Fines, 1-2MM",False,0,0,False,,True,False,False,False
78223,Apollo 17,Soil,2-4 mm,2.69,81.45,8,WESSEX CLEFT,"Fines, 2-4MM",False,0,0,False,,False,False,False,False
78224,Apollo 17,Soil,4-10 mm,1.48,89.19,8,WESSEX CLEFT,"11 fragments from 782200, see a-17 coarse fines (4-10mm) catalog",True,4,4,False,,False,False,False,False
78230,Apollo 17,Soil,Unsieved,82.98,84.25,8,WESSEX CLEFT,"Fines, Unsieved",False,0,0,False,,False,False,False,False
78231,Apollo 17,Soil,<1 mm,122.7,99.502,8,WESSEX CLEFT,"Fines, < 1MM",False,0,0,True,https://curator.jsc.nasa.gov/lunar/lsc/78231.pdf,False,False,False,False
78232,Apollo 17,Soil,1-2 mm,2.68,100.0,8,WESSEX CLEFT,"Fines, 1-2MM",False,0,0,False,,False,False,False,False
78233,Apollo 17,Soil,2-4 mm,1.42,90.92,8,WESSEX CLEFT,"Fines, 2-4MM",False,0,0,False,,False,False,False,False
78234,Apollo 17,Soil,4-10 mm,0.72,75.139,8,WESSEX CLEFT,"4 fragments from 78230, see a-17 coarse fines (4-10mm) catalog",True,3,3,False,,True,False,False,False
78235,Apollo 17,Crustal,Norite,199.0,69.758,8,,"shocked norite, monomict",True,36,36,True,https://curator.jsc.nasa.gov/lunar/lsc/78235.pdf,True,False,False,False
78236,Apollo 17,Crustal,Norite,0.0,87.729,8,,"shocked norite, monomict",True,11,11,False,,True,True,False,False
78237,Apollo 17,Crustal,Norite,0.0,0.0,8,,see 73235,True,6,6,False,,False,False,False,False
78238,Apollo 17,Crustal,Norite,0.0,86.03,8,,"shocked norite, monomict, partial glass coating",True,12,12,False,,True,False,False,False
78250,Apollo 17,Soil,Unsieved,50.57,97.095,8,WESSEX CLEFT,"Fines, Unsieved",False,0,0,False,,False,False,False,False
78255,Apollo 17,Breccia,Impact Melt,0.0,97.806,8,,"shocked norite, monomict",True,12,12,True,https://curator.jsc.nasa.gov/lunar/lsc/78255.pdf,True,False,False,False
78256,Apollo 17,Crustal,Pristine,0.0,0.0,8,,Combined with 78255,False,0,0,False,,False,False,False,False
78420,Apollo 17,Soil,Unsieved,97.94,96.488,8,WESSEX CLEFT,"Fines, Unsieved",False,0,0,False,,False,False,False,False
78421,Apollo 17,Soil,<1 mm,186.2,57.349,8,WESSEX CLEFT,"Fines, < 1MM",False,0,0,True,https://curator.jsc.nasa.gov/lunar/lsc/78421.pdf,True,False,False,False
78422,Apollo 17,Soil,1-2 mm,4.16,87.981,8,WESSEX CLEFT,"Fines, 1-2MM",False,0,0,False,,True,False,False,False
78423,Apollo 17,Soil,2-4 mm,2.41,80.75,8,WESSEX CLEFT,"Fines, 2-4MM",False,0,0,False,,False,False,False,False
78424,Apollo 17,Soil,4-10 mm,1.91,89.005,8,WESSEX CLEFT,"8 fragments from 78420, see a-17 coarse fines (4-10mm) catalog",True,4,4,False,,True,False,False,False
78440,Apollo 17,Soil,Unsieved,81.38,99.78,8,WESSEX CLEFT,"Fines, Unsieved",False,0,0,False,,False,False,False,False
78441,Apollo 17,Soil,<1 mm,162.8,90.337,8,WESSEX CLEFT,"Fines, < 1MM",False,0,0,False,,False,False,False,False
78442,Apollo 17,Soil,1-2 mm,3.78,85.185,8,WESSEX CLEFT,"Fines, 1-2MM",False,0,0,False,,True,False,False,False
78443,Apollo 17,Soil,2-4 mm,2.44,76.93,8,WESSEX CLEFT,"Fines, 2-4MM",False,0,0,False,,False,False,False,False
78444,Apollo 17,Soil,4-10 mm,1.19,87.39,8,WESSEX CLEFT,"5 fragments from 78440, see a-17 coarse fines (4-10mm) catalog",True,5,5,False,,False,False,False,False
78460,Apollo 17,Soil,Unsieved,138.1,99.93,8,WESSEX CLEFT,"Fines, Unsieved",False,0,0,False,,False,False,False,False
78461,Apollo 17,Soil,<1 mm,264.5,91.704,8,WESSEX CLEFT,"Fines, < 1MM",False,0,0,False,,False,False,False,False
78462,Apollo 17,Soil,1-2 mm,5.328,90.428,8,WESSEX CLEFT,"Fines, 1-2MM",False,0,0,False,,True,False,False,False
78463,Apollo 17,Soil,2-4 mm,2.787,75.96,8,WESSEX CLEFT,"Fines, 2-4MM",False,0,0,False,,False,False,False,False
78464,Apollo 17,Soil,4-10 mm,1.303,99.0,8,WESSEX CLEFT,"8 fragments from 78460, see a-17 coarse fines (4-10mm) catalog",True,4,4,False,,False,False,False,False
78465,Apollo 17,Breccia,Regolith,0.0,100.0,8,,"friable, dark matrix, glass splash, unstudied",True,2,2,False,,False,False,False,False
78480,Apollo 17,Soil,Unsieved,89.33,96.16,8,WESSEX CLEFT,"Fines, Unsieved",False,0,0,False,,False,False,False,False
78481,Apollo 17,Soil,<1 mm,173.9,62.836,8,WESSEX CLEFT,"Fines, < 1MM",False,0,0,False,,False,False,False,False
78482,Apollo 17,Soil,1-2 mm,2.69,90.706,8,WESSEX CLEFT,"Fines, 1-2MM",False,0,0,False,,True,False,False,False
78483,Apollo 17,Soil,2-4 mm,1.21,83.06,8,WESSEX CLEFT,"Fines, 2-4MM",False,0,0,False,,False,False,False,False
78484,Apollo 17,Soil,4-10 mm,0.32,100.0,8,WESSEX CLEFT,"2 fragments from 78480, see a-17 coarse fines (4-10mm) catalog",True,3,3,False,,False,False,False,False
78500,Apollo 17,Soil,Unsieved,391.1,93.119,8,WESSEX CLEFT,"Fines, Unsieved",False,0,0,False,,False,False,False,False
78501,Apollo 17,Soil,<1 mm,718.7,85.803,8,WESSEX CLEFT,"Fines, < 1MM",False,0,0,True,https://curator.jsc.nasa.gov/lunar/lsc/78501.pdf,True,False,False,False
78502,Apollo 17,Soil,1-2 mm,21.38,81.717,8,WESSEX CLEFT,"Fines, 1-2MM",False,0,0,False,,True,False,False,False
78503,Apollo 17,Soil,2-4 mm,16.41,57.282,8,WESSEX CLEFT,"Fines, 2-4MM",True,1,1,False,,True,False,False,False
78504,Apollo 17,Soil,4-10 mm,19.16,87.62,8,WESSEX CLEFT,"82 fragments from 78500, see a-17 coarse fines (4-10mm) catalog",True,12,12,False,,True,False,False,False
78505,Apollo 17,Basalt,Ilmenite,506.3,93.253,8,,"unclassified, medium-grained, intergranular, plagioclase poikilitic, vuggy",True,43,43,True,https://curator.jsc.nasa.gov/lunar/lsc/78505.pdf,True,False,False,False
78506,Apollo 17,Basalt,Ilmenite,0.0,97.761,8,,"U, medium-grained, subophitic, vuggy",True,6,6,False,,True,False,False,False
78507,Apollo 17,Basalt,Ilmenite,0.0,97.302,8,,"B, medium-grained, intergranular, vuggy",True,6,6,False,,True,False,False,False
78508,Apollo 17,Breccia,Regolith,10.67,100.0,8,,"clast poor, light matrix, unstudied",True,2,2,False,,False,False,False,False
78509,Apollo 17,Basalt,Ilmenite,8.68,93.088,8,,"B, medium-grained, intergranular to subophitic, vuggy",True,2,2,False,,True,False,False,False
78515,Apollo 17,Breccia,Regolith,4.76,92.23,8,,"clast poor, dark matrix, very low maturity index",True,2,2,False,,True,False,False,False
78516,Apollo 17,Breccia,Regolith,3.18,89.4,8,,"clast poor, friable, dark matrix",True,2,2,False,,True,False,False,False
78517,Apollo 17,Crustal,Cataclasite,1.82,82.97,8,,friable anorthositic cataclasite,True,2,2,False,,True,False,False,False
78518,Apollo 17,Breccia,Regolith,0.88,100.0,8,,"clast poor, friable, dark matrix",True,2,2,False,,False,False,False,False
78525,Apollo 17,Breccia,Impact Melt,5.11,100.0,8,,"dark matrix, welded with impact glass",True,4,4,False,,False,False,False,False
78526,Apollo 17,Breccia,Impact Melt,8.77,63.66,8,,breccia clasts in green glass impact melt,True,5,5,True,https://curator.jsc.nasa.gov/lunar/lsc/78526.pdf,True,False,False,False
78527,Apollo 17,Crustal,Cataclasite,5.16,82.054,8,,granulitic noritic breccia,True,4,4,True,https://curator.jsc.nasa.gov/lunar/lsc/78527.pdf,True,False,False,False
78528,Apollo 17,Basalt,Ilmenite,7.0,95.857,8,,"unclassified, fine-grained, vuggy, unstudied",True,4,4,False,,True,False,False,False
78530,Apollo 17,Soil,Unsieved,88.92,70.18,8,,,False,0,0,False,,False,False,False,False
78535,Apollo 17,Breccia,Regolith,0.0,98.201,8,,"clast poor, dark matrix",True,9,9,True,https://curator.jsc.nasa.gov/lunar/lsc/78535.pdf,True,False,False,False
78536,Apollo 17,Breccia,Regolith,8.67,100.0,8,,"clast poor, dark matrix, unstudied",True,4,4,False,,False,False,False,False
78537,Apollo 17,Breccia,Regolith,11.76,94.898,8,,"clast poor, dark matrix",True,4,4,False,,True,False,False,False
78538,Apollo 17,Breccia,Regolith,5.82,100.0,8,,"clast poor, dark matrix, unstudied",True,4,4,False,,False,False,False,False
78539,Apollo 17,Breccia,Regolith,3.73,100.0,8,,"clast poor, dark matrix, unstudied",True,4,4,False,,False,False,False,False
78545,Apollo 17,Breccia,Regolith,8.6,100.0,8,,"clast poor, dark matrix, unstudied",True,4,4,False,,False,False,False,False
78546,Apollo 17,Breccia,Regolith,0.0,78.734,8,,"clast rich, dark matrix",True,9,9,True,https://curator.jsc.nasa.gov/lunar/lsc/78546.pdf,True,False,False,False
78547,Apollo 17,Breccia,Regolith,0.0,96.222,8,,"clast rich, friable, dark matrix",True,9,9,False,,True,False,False,False
78548,Apollo 17,Breccia,Regolith,15.95,91.285,8,,"clast poor, very friable, soil clod",True,4,4,True,https://curator.jsc.nasa.gov/lunar/lsc/78548.pdf,True,False,False,False
78549,Apollo 17,Breccia,Regolith,16.09,95.339,8,,"clast poor, very friable, soil clod",True,4,4,False,,True,False,False,False
78555,Apollo 17,Breccia,Regolith,6.64,86.657,8,,"clast poor, very friable, soil breccia",True,4,4,True,https://curator.jsc.nasa.gov/lunar/lsc/78555.pdf,True,False,False,False
78556,Apollo 17,Breccia,Regolith,9.5,100.0,8,,"clast poor, very friable, soil breccia",True,4,4,False,,False,False,False,False
78557,Apollo 17,Breccia,Regolith,7.19,100.0,8,,"clast poor, very friable, soil breccia, unstudied",True,4,4,False,,False,False,False,False
78558,Apollo 17,Breccia,Regolith,3.78,100.0,8,,"clast poor, very friable, soil breccia, unstudied",True,4,4,False,,False,False,False,False
78559,Apollo 17,Breccia,Regolith,3.05,100.0,8,,"clast poor, very friable, soil breccia, unstudied",True,4,4,False,,False,False,False,False
78565,Apollo 17,Breccia,Regolith,3.5,100.0,8,,"clast poor, very friable, soil breccia, unstudied",True,4,4,False,,False,False,False,False
78566,Apollo 17,Breccia,Regolith,0.77,100.0,8,,"clast poor, very friable, soil breccia, unstudied",True,4,4,False,,False,False,False,False
78567,Apollo 17,Breccia,Regolith,18.88,95.074,8,,"clast poor, dark matrix",True,4,4,False,,True,False,False,False
78568,Apollo 17,Breccia,Regolith,3.57,92.437,8,,"clast poor, dark matrix",True,4,4,False,,True,False,False,False
78569,Apollo 17,Basalt,Ilmenite,14.53,95.733,8,,"unclassified, fine-grained, intergranular",True,4,4,False,,True,False,False,False
78575,Apollo 17,Basalt,Ilmenite,140.0,95.939,8,,"B1, medium-grained, allotriomorphic granular, vuggy",True,41,41,True,https://curator.jsc.nasa.gov/lunar/lsc/78575.pdf,True,False,False,False
78576,Apollo 17,Basalt,Ilmenite,11.64,94.33,8,,"unclassified, fine-grained, intergranular, radiate, vuggy",True,4,4,False,,True,False,False,False
78577,Apollo 17,Basalt,Ilmenite,8.84,93.552,8,,"unclassified, fine-grained, olivine microphenocrysts, intergranular, vuggy",True,4,4,False,,True,False,False,False
78578,Apollo 17,Basalt,Ilmenite,17.13,95.622,8,,"unclassified, fine to medium-grained, intergranular, plagioclase poikilitic, vuggy",True,4,4,True,https://curator.jsc.nasa.gov/lunar/lsc/78578.pdf,True,False,False,False
78579,Apollo 17,Basalt,Ilmenite,6.07,93.081,8,,"unclassified, fine-grained, intergranular, plagioclase poikilitic, vuggy",True,4,4,False,,True,False,False,False
78585,Apollo 17,Basalt,Ilmenite,0.0,91.888,8,,"B, aphanite, olivine microporphyritic, few vesicles",True,9,9,True,https://curator.jsc.nasa.gov/lunar/lsc/78585.pdf,True,False,False,False
78586,Apollo 17,Basalt,Ilmenite,10.73,82.237,8,,"B2, very fine-grained, olivine microporphyritic, few vesicles",True,4,4,False,,True,False,False,False
78587,Apollo 17,Basalt,Ilmenite,11.48,95.819,8,,"unclassified, very fine-grained, olivine microporphyritic, few vesicles",True,5,5,True,https://curator.jsc.nasa.gov/lunar/lsc/78587.pdf,True,False,False,False
78588,Apollo 17,Basalt,Ilmenite,3.77,93.369,8,,"unclassified, very fine-grained, olivine microporphyritic, intergranular matrix",True,4,4,False,,True,False,False,False
78589,Apollo 17,Basalt,Ilmenite,4.1,94.634,8,,"unclassified, very fine-grained, intergranular, radiate",True,4,4,False,,True,False,False,False
78595,Apollo 17,Basalt,Ilmenite,4.19,93.341,8,,"unclassified, fine-grained, olivine microporphyritic, intergranular matrix",True,5,5,False,,True,False,False,False
78596,Apollo 17,Basalt,Ilmenite,7.55,93.113,8,,"unclassified, fine-grained, olivine microporphyritic, radiate matrix",True,4,4,False,,True,False,False,False
78597,Apollo 17,Basalt,Ilmenite,319.1,99.554,8,,"B, fine-grained, olivine microporphyritic, radiate matrix",True,41,41,True,https://curator.jsc.nasa.gov/lunar/lsc/78597.pdf,True,False,False,False
78598,Apollo 17,Basalt,Ilmenite,224.1,96.722,8,,"unclassified, fine-grained, dendritic intergrowth of ilmenite and pyroxene",True,41,41,True,https://curator.jsc.nasa.gov/lunar/lsc/78598.pdf,True,False,False,False
78599,Apollo 17,Basalt,Ilmenite,198.6,99.555,8,,"A, fine-grained, olivine microporphyritic, radiate matrix",True,41,41,True,https://curator.jsc.nasa.gov/lunar/lsc/78599.pdf,True,False,False,False
79001,Apollo 17,Core,Unsieved,743.4,78.276,9,VAN SERG CRATER,,False,0,0,False,,True,False,False,False
79002,Apollo 17,Core,Unsieved,409.4,75.193,9,VAN SERG CRATER,,False,0,0,True,https://curator.jsc.nasa.gov/lunar/lsc/79002.pdf,True,False,False,False
79010,Apollo 17,Soil,Unsieved,87.05,100.0,9,EVA-3,,False,0,0,False,,False,False,False,False
79035,Apollo 17,Breccia,Regolith,2806.0,96.216,9,,"clast poor, friable",True,17,17,True,https://curator.jsc.nasa.gov/lunar/lsc/79035.pdf,True,False,False,False
79110,Apollo 17,Soil,Unsieved,66.3,96.8,9,,,False,0,0,False,,False,False,False,False
79115,Apollo 17,Breccia,Regolith,346.3,98.653,9,,"clast poor, friable, highly fractured",True,44,44,False,,True,True,False,False
79120,Apollo 17,Soil,Unsieved,116.4,99.66,9,VAN SERG CRATER,"Fines, Unsieved",False,0,0,False,,False,False,False,False
79121,Apollo 17,Soil,<1 mm,214.4,99.214,9,VAN SERG CRATER,"Fines, < 1MM",False,0,0,True,https://curator.jsc.nasa.gov/lunar/lsc/79121.pdf,False,False,False,False
79122,Apollo 17,Soil,1-2 mm,13.97,100.0,9,VAN SERG CRATER,"Fines, 1-2MM",False,0,0,False,,False,False,False,False
79123,Apollo 17,Soil,2-4 mm,13.14,100.0,9,VAN SERG CRATER,"Fines, 2-4MM",False,0,0,False,,False,False,False,False
79124,Apollo 17,Soil,4-10 mm,14.48,96.69,9,VAN SERG CRATER,"57 fragments from 79120, see a-17 coarse fines (4-10mm) catalog",True,5,5,False,,False,False,False,False
79125,Apollo 17,Breccia,Regolith,1.91,89.476,9,,"dark matrix, subangular, unstudied",True,2,2,False,,True,False,False,False
79130,Apollo 17,Soil,Unsieved,3.99,0.0,9,VAN SERG CRATER,,False,0,0,False,,False,False,False,False
79135,Apollo 17,Breccia,Regolith,2283.0,93.592,9,,"clast rich, polymict, highly fractured",True,53,53,True,https://curator.jsc.nasa.gov/lunar/lsc/79135.pdf,True,False,True,False
79150,Apollo 17,Soil,Unsieved,5.63,82.24,9,VAN SERG CRATER,,False,0,0,False,,False,False,False,False
79155,Apollo 17,Basalt,Ilmenite,318.8,25.968,9,,"U, coarse-grained, partially glass-coated",True,51,51,True,https://curator.jsc.nasa.gov/lunar/lsc/79155.pdf,True,False,True,False
79170,Apollo 17,Soil,Unsieved,43.42,65.41,9,VAN SERG CRATER,,False,0,0,True,https://curator.jsc.nasa.gov/lunar/lsc/79170.pdf,False,False,False,False
79175,Apollo 17,Breccia,Impact Melt,677.7,97.588,9,VAN SERG CRATER,"clast rich, vesicular, glass rich matrix",True,49,49,True,https://curator.jsc.nasa.gov/lunar/lsc/79175.pdf,True,False,False,False
79190,Apollo 17,Soil,Unsieved,13.38,84.83,9,VAN SERG CRATER,,False,0,0,False,,False,False,False,False
79195,Apollo 17,Breccia,Fragmental,368.5,97.921,9,,"variably welded, partially glass-coated, unstudied",True,39,39,True,https://curator.jsc.nasa.gov/lunar/lsc/79195.pdf,True,False,False,False
79210,Apollo 17,Soil,Unsieved,5.55,62.34,9,VAN SERG CRATER,,False,0,0,False,,False,False,False,False
79215,Apollo 17,Crustal,Cataclasite,553.8,93.326,9,,"shocked, granulated, recrystallized",True,59,59,True,https://curator.jsc.nasa.gov/lunar/lsc/79215.pdf,True,False,False,False
79220,Apollo 17,Soil,Unsieved,93.49,98.61,9,VAN SERG CRATER,"Fines, Unsieved",False,0,0,False,,False,False,False,False
79221,Apollo 17,Soil,<1 mm,152.6,76.132,9,VAN SERG CRATER,"Fines, < 1MM",False,0,0,True,https://curator.jsc.nasa.gov/lunar/lsc/79221.pdf,True,False,False,False
79222,Apollo 17,Soil,1-2 mm,7.22,96.537,9,VAN SERG CRATER,"Fines, 1-2MM",False,0,0,False,,False,False,False,False
79223,Apollo 17,Soil,2-4 mm,6.24,100.0,9,VAN SERG CRATER,"Fines, 2-4MM",False,0,0,False,,False,False,False,False
79224,Apollo 17,Soil,4-10 mm,9.75,53.95,9,VAN SERG CRATER,"28 fragments from 79220, see a-17 coarse fines (4-10mm) catalog",True,10,10,False,,False,False,False,False
79225,Apollo 17,Breccia,Regolith,7.42,83.113,9,,"friable, unstudied",True,2,2,False,,True,False,False,False
79226,Apollo 17,Breccia,Regolith,6.73,77.519,9,,"clast poor, friable unstudied",True,2,2,False,,True,False,False,False
79227,Apollo 17,Breccia,Regolith,5.57,100.0,9,,"soil clod, highly friable, unstudied",False,0,0,False,,False,False,False,False
79228,Apollo 17,Breccia,Regolith,2.5,100.0,9,,"soil clod, highly friable, unstudied",False,0,0,False,,False,False,False,False
79240,Apollo 17,Soil,Unsieved,113.3,99.29,9,VAN SERG CRATER,"Fines, Unsieved",False,0,0,False,,False,False,False,False
79241,Apollo 17,Soil,<1 mm,174.3,93.24,9,VAN SERG CRATER,"Fines, < 1MM",False,0,0,False,,False,False,False,False
79242,Apollo 17,Soil,1-2 mm,11.32,97.792,9,VAN SERG CRATER,"Fines, 1-2MM",False,0,0,False,,False,False,False,False
79243,Apollo 17,Soil,2-4 mm,10.46,100.0,9,VAN SERG CRATER,"Fines, 2-4MM",False,0,0,False,,False,False,False,False
79244,Apollo 17,Soil,4-10 mm,10.85,81.75,9,VAN SERG CRATER,"38 fragments from 79240, see a-17 coarse fines (4-10mm) catalog",True,11,11,False,,False,False,False,False
79245,Apollo 17,Breccia,Impact Melt,10.11,89.97,9,,high grade metaclastic,True,2,2,False,,True,False,False,False
79260,Apollo 17,Soil,Unsieved,118.9,99.62,9,VAN SERG CRATER,"Fines, Unsieved",False,0,0,False,,False,False,False,False
79261,Apollo 17,Soil,<1 mm,187.8,86.38,9,VAN SERG CRATER,"Fines, < 1MM",False,0,0,False,,True,False,False,False
79262,Apollo 17,Soil,1-2 mm,11.74,97.956,9,VAN SERG CRATER,"Fines, 1-2MM",False,0,0,False,,False,False,False,False
79263,Apollo 17,Soil,2-4 mm,11.46,100.0,9,VAN SERG CRATER,"Fines, 2-4MM",False,0,0,False,,False,False,False,False
79264,Apollo 17,Soil,4-10 mm,15.85,71.04,9,VAN SERG CRATER,"52 fragments from 79260, see a-17 coarse fines (4-10mm) catalog",True,12,12,False,,False,False,False,False
79265,Apollo 17,Basalt,Ilmenite,2.6,72.38,9,,"A, fine-grained, intergranular, radiate",True,2,2,False,,True,False,False,False
79510,Apollo 17,Soil,Unsieved,107.6,98.42,9,VAN SERG CRATER,"Fines, Unsieved",False,0,0,False,,False,False,False,False
79511,Apollo 17,Soil,<1 mm,179.2,95.884,9,VAN SERG CRATER,"Fines, < 1MM",False,0,0,False,,True,False,False,False
79512,Apollo 17,Soil,1-2 mm,11.32,93.357,9,VAN SERG CRATER,"Fines, 1-2MM",False,0,0,False,,True,False,False,False
79513,Apollo 17,Soil,2-4 mm,9.94,89.94,9,VAN SERG CRATER,"Fines, 2-4MM",False,0,0,False,,True,False,False,False
79514,Apollo 17,Soil,4-10 mm,12.24,97.467,9,VAN SERG CRATER,"11 fragments from 79510, see a-17 coarse fines (4-10mm) catalog",True,10,10,False,,True,False,False,False
79515,Apollo 17,Basalt,Ilmenite,33.0,94.112,9,,"U?, fine-grained, subophitic, radiate, vuggy",True,40,40,True,https://curator.jsc.nasa.gov/lunar/lsc/79515.pdf,True,False,False,False
79516,Apollo 17,Basalt,Ilmenite,23.92,94.084,9,,"B2, fine-grained, subophitic to ophitic, few vesicles",True,6,6,True,https://curator.jsc.nasa.gov/lunar/lsc/79516.pdf,True,False,False,False
79517,Apollo 17,Breccia,Regolith,10.23,96.94,9,,"clast poor, dark matrix, unstudied",True,3,3,False,,True,False,False,False
79518,Apollo 17,Breccia,Regolith,5.2,100.0,9,,"clast poor, dark matrix, partially glass-coated, unstudied",True,3,3,False,,False,False,False,False
79519,Apollo 17,Breccia,Regolith,3.65,100.0,9,,"dark matrix, basalt clasts, ultramafic, pyroxene, unstudied",True,3,3,False,,False,False,False,False
79525,Apollo 17,Breccia,Regolith,3.03,92.706,9,,"clast poor, dark matrix, fractured, unstudied",True,3,3,False,,True,False,False,False
79526,Apollo 17,Breccia,Regolith,2.93,100.0,9,,"clast poor, dark matrix, basalt clasts, unstudied",True,3,3,False,,False,False,False,False
79527,Apollo 17,Breccia,Regolith,2.65,100.0,9,,"clast poor, dark matrix, unstudied",True,3,3,False,,False,False,False,False
79528,Apollo 17,Breccia,Regolith,2.38,100.0,9,,"clast poor, dark matrix, unstudied",True,3,3,False,,False,False,False,False
79529,Apollo 17,Breccia,Regolith,1.84,100.0,9,,"clast poor, dark matrix, unstudied",True,3,3,False,,False,False,False,False
79535,Apollo 17,Breccia,Regolith,1.69,100.0,9,,"clast poor, dark matrix, unstudied",True,3,3,False,,False,False,False,False
79536,Apollo 17,Breccia,Regolith,1.66,100.0,9,,"clast poor, dark matrix, unstudied",True,3,3,False,,False,False,False,False
79537,Apollo 17,Breccia,Regolith,1.05,100.0,9,,"clast poor, dark matrix, unstudied",True,3,3,False,,False,False,False,False
